solid OpenSCAD_Model
  facet normal 0 1 -0
    outer loop
      vertex 86.8 59 2
      vertex 83.3 59 10
      vertex 86.8 59 10
    endloop
  endfacet
  facet normal 0 1 0
    outer loop
      vertex 83.3 59 10
      vertex 86.8 59 2
      vertex 83.3 59 2
    endloop
  endfacet
  facet normal 0 1 -0
    outer loop
      vertex 7 59 2
      vertex 3.5 59 10
      vertex 7 59 10
    endloop
  endfacet
  facet normal 0 1 0
    outer loop
      vertex 3.5 59 10
      vertex 7 59 2
      vertex 3.5 59 2
    endloop
  endfacet
  facet normal 0.0656309 0.997844 -0
    outer loop
      vertex 86.9566 58.9897 2
      vertex 86.8 59 10
      vertex 86.9566 58.9897 10
    endloop
  endfacet
  facet normal 0.0656309 0.997844 0
    outer loop
      vertex 86.8 59 10
      vertex 86.9566 58.9897 2
      vertex 86.8 59 2
    endloop
  endfacet
  facet normal 0.194891 0.980825 -0
    outer loop
      vertex 87.1106 58.9591 2
      vertex 86.9566 58.9897 10
      vertex 87.1106 58.9591 10
    endloop
  endfacet
  facet normal 0.194891 0.980825 0
    outer loop
      vertex 86.9566 58.9897 10
      vertex 87.1106 58.9591 2
      vertex 86.9566 58.9897 2
    endloop
  endfacet
  facet normal -0.065428 -0.997857 0
    outer loop
      vertex 3.34337 2.31027 2
      vertex 3.5 2.3 10
      vertex 3.34337 2.31027 10
    endloop
  endfacet
  facet normal -0.065428 -0.997857 -0
    outer loop
      vertex 3.5 2.3 10
      vertex 3.34337 2.31027 2
      vertex 3.5 2.3 2
    endloop
  endfacet
  facet normal 1 -0 0
    outer loop
      vertex 88 3.5 10
      vertex 88 4 2
      vertex 88 4 10
    endloop
  endfacet
  facet normal 1 0 0
    outer loop
      vertex 88 4 2
      vertex 88 3.5 10
      vertex 88 3.5 2
    endloop
  endfacet
  facet normal 1 -0 0
    outer loop
      vertex 88 57.3 10
      vertex 88 57.8 2
      vertex 88 57.8 10
    endloop
  endfacet
  facet normal 1 0 0
    outer loop
      vertex 88 57.8 2
      vertex 88 57.3 10
      vertex 88 57.3 2
    endloop
  endfacet
  facet normal -0.997856 0.0654405 0
    outer loop
      vertex 2.3 57.8 2
      vertex 2.31027 57.9566 10
      vertex 2.31027 57.9566 2
    endloop
  endfacet
  facet normal -0.997856 0.0654405 0
    outer loop
      vertex 2.31027 57.9566 10
      vertex 2.3 57.8 2
      vertex 2.3 57.8 10
    endloop
  endfacet
  facet normal 0 0 1
    outer loop
      vertex 90.3 58.3 2
      vertex 87.9897 57.9566 2
      vertex 88 57.8 2
    endloop
  endfacet
  facet normal 0 0 1
    outer loop
      vertex 88.448 61.0716 2
      vertex 87.9591 58.1106 2
      vertex 87.9897 57.9566 2
    endloop
  endfacet
  facet normal 0 0 1
    outer loop
      vertex 88.448 61.0716 2
      vertex 87.9087 58.2592 2
      vertex 87.9591 58.1106 2
    endloop
  endfacet
  facet normal 0 0 1
    outer loop
      vertex 88.448 61.0716 2
      vertex 87.8392 58.4 2
      vertex 87.9087 58.2592 2
    endloop
  endfacet
  facet normal 0 0 1
    outer loop
      vertex 88.448 61.0716 2
      vertex 87.752 58.5305 2
      vertex 87.8392 58.4 2
    endloop
  endfacet
  facet normal 0 0 1
    outer loop
      vertex 87.2592 58.9087 2
      vertex 88.0764 61.1978 2
      vertex 87.6916 61.2743 2
    endloop
  endfacet
  facet normal 0 0 1
    outer loop
      vertex 88.448 61.0716 2
      vertex 87.6485 58.6485 2
      vertex 87.752 58.5305 2
    endloop
  endfacet
  facet normal 0 0 1
    outer loop
      vertex 88.448 61.0716 2
      vertex 87.5305 58.752 2
      vertex 87.6485 58.6485 2
    endloop
  endfacet
  facet normal 0 0 1
    outer loop
      vertex 88.448 61.0716 2
      vertex 87.4 58.8392 2
      vertex 87.5305 58.752 2
    endloop
  endfacet
  facet normal 0 0 1
    outer loop
      vertex 87.1106 58.9591 2
      vertex 87.6916 61.2743 2
      vertex 87.3 61.3 2
    endloop
  endfacet
  facet normal 0 0 1
    outer loop
      vertex 88.0764 61.1978 2
      vertex 87.2592 58.9087 2
      vertex 87.4 58.8392 2
    endloop
  endfacet
  facet normal 0 0 1
    outer loop
      vertex 87.6916 61.2743 2
      vertex 87.1106 58.9591 2
      vertex 87.2592 58.9087 2
    endloop
  endfacet
  facet normal 0 0 1
    outer loop
      vertex 87.3 61.3 2
      vertex 86.9566 58.9897 2
      vertex 87.1106 58.9591 2
    endloop
  endfacet
  facet normal 0 0 1
    outer loop
      vertex 87.3 61.3 2
      vertex 86.8 59 2
      vertex 86.9566 58.9897 2
    endloop
  endfacet
  facet normal -0 0 1
    outer loop
      vertex 83.3 61.3 2
      vertex 86.8 59 2
      vertex 87.3 61.3 2
    endloop
  endfacet
  facet normal 0 0 1
    outer loop
      vertex 86.8 59 2
      vertex 83.3 61.3 2
      vertex 83.3 59 2
    endloop
  endfacet
  facet normal 0 0 1
    outer loop
      vertex 87.9897 57.9566 2
      vertex 90.3 58.3 2
      vertex 90.2743 58.6916 2
    endloop
  endfacet
  facet normal 0 0 1
    outer loop
      vertex 87.9897 57.9566 2
      vertex 90.2743 58.6916 2
      vertex 90.1978 59.0765 2
    endloop
  endfacet
  facet normal 0 0 1
    outer loop
      vertex 87.9897 57.9566 2
      vertex 90.1978 59.0765 2
      vertex 90.0716 59.4481 2
    endloop
  endfacet
  facet normal 0 0 1
    outer loop
      vertex 87.9897 57.9566 2
      vertex 90.0716 59.4481 2
      vertex 89.8981 59.8 2
    endloop
  endfacet
  facet normal 0 0 1
    outer loop
      vertex 87.9897 57.9566 2
      vertex 89.8981 59.8 2
      vertex 89.6801 60.1263 2
    endloop
  endfacet
  facet normal 0 0 1
    outer loop
      vertex 87.9897 57.9566 2
      vertex 89.6801 60.1263 2
      vertex 89.4213 60.4213 2
    endloop
  endfacet
  facet normal 0 0 1
    outer loop
      vertex 87.9897 57.9566 2
      vertex 89.4213 60.4213 2
      vertex 89.1263 60.6801 2
    endloop
  endfacet
  facet normal 0 0 1
    outer loop
      vertex 87.9897 57.9566 2
      vertex 89.1263 60.6801 2
      vertex 88.8 60.8981 2
    endloop
  endfacet
  facet normal 0 0 1
    outer loop
      vertex 87.9897 57.9566 2
      vertex 88.8 60.8981 2
      vertex 88.448 61.0716 2
    endloop
  endfacet
  facet normal 0 0 1
    outer loop
      vertex 87.4 58.8392 2
      vertex 88.448 61.0716 2
      vertex 88.0764 61.1978 2
    endloop
  endfacet
  facet normal 0 0 1
    outer loop
      vertex 90.3 58.3 2
      vertex 88 57.8 2
      vertex 90.3 57.3 2
    endloop
  endfacet
  facet normal 0 0 1
    outer loop
      vertex 90.3 57.3 2
      vertex 88 57.8 2
      vertex 88 57.3 2
    endloop
  endfacet
  facet normal 0 0 1
    outer loop
      vertex 7 61.3 2
      vertex 3.5 59 2
      vertex 7 59 2
    endloop
  endfacet
  facet normal -0 0 1
    outer loop
      vertex 3 61.3 2
      vertex 3.5 59 2
      vertex 7 61.3 2
    endloop
  endfacet
  facet normal 0 0 1
    outer loop
      vertex 3.5 59 2
      vertex 3 61.3 2
      vertex 3.34337 58.9897 2
    endloop
  endfacet
  facet normal 0 0 1
    outer loop
      vertex 3.34337 58.9897 2
      vertex 3 61.3 2
      vertex 3.18942 58.9591 2
    endloop
  endfacet
  facet normal -0 0 1
    outer loop
      vertex 2.60843 61.2743 2
      vertex 3.18942 58.9591 2
      vertex 3 61.3 2
    endloop
  endfacet
  facet normal 0 0 1
    outer loop
      vertex 3.18942 58.9591 2
      vertex 2.60843 61.2743 2
      vertex 3.04078 58.9087 2
    endloop
  endfacet
  facet normal -0 0 1
    outer loop
      vertex 2.22354 61.1978 2
      vertex 3.04078 58.9087 2
      vertex 2.60843 61.2743 2
    endloop
  endfacet
  facet normal 0 0 1
    outer loop
      vertex 3.04078 58.9087 2
      vertex 2.22354 61.1978 2
      vertex 2.89999 58.8392 2
    endloop
  endfacet
  facet normal -0 0 1
    outer loop
      vertex 1.85194 61.0716 2
      vertex 2.89999 58.8392 2
      vertex 2.22354 61.1978 2
    endloop
  endfacet
  facet normal -0 0 1
    outer loop
      vertex 1.5 60.8981 2
      vertex 2.89999 58.8392 2
      vertex 1.85194 61.0716 2
    endloop
  endfacet
  facet normal 0 0 1
    outer loop
      vertex 2.89999 58.8392 2
      vertex 1.5 60.8981 2
      vertex 2.76948 58.752 2
    endloop
  endfacet
  facet normal -0 0 1
    outer loop
      vertex 1.17372 60.6801 2
      vertex 2.76948 58.752 2
      vertex 1.5 60.8981 2
    endloop
  endfacet
  facet normal 0 0 1
    outer loop
      vertex 2.76948 58.752 2
      vertex 1.17372 60.6801 2
      vertex 2.65147 58.6485 2
    endloop
  endfacet
  facet normal -0 0 1
    outer loop
      vertex 0.878677 60.4213 2
      vertex 2.65147 58.6485 2
      vertex 1.17372 60.6801 2
    endloop
  endfacet
  facet normal 0 0 1
    outer loop
      vertex 2.3 57.8 2
      vertex 2.28 55.3 2
      vertex 2.3 55.3 2
    endloop
  endfacet
  facet normal 0 0 1
    outer loop
      vertex 0 58.3 2
      vertex 2.28 54.3 2
      vertex 2.28 55.3 2
    endloop
  endfacet
  facet normal 0 0 1
    outer loop
      vertex 2.28 54.3 2
      vertex 0 58.3 2
      vertex 2.28 48.3 2
    endloop
  endfacet
  facet normal 0 0 1
    outer loop
      vertex 2.28 48.3 2
      vertex 0 58.3 2
      vertex 2.28 47.3 2
    endloop
  endfacet
  facet normal 0 0 1
    outer loop
      vertex 2.28 47.3 2
      vertex 0 58.3 2
      vertex 2.28 15.3 2
    endloop
  endfacet
  facet normal 0 0 1
    outer loop
      vertex 0 3.00001 2
      vertex 2.28 15.3 2
      vertex 0 58.3 2
    endloop
  endfacet
  facet normal 0 0 1
    outer loop
      vertex 2.28 15.3 2
      vertex 0 3.00001 2
      vertex 2.28 14.3 2
    endloop
  endfacet
  facet normal 0 0 1
    outer loop
      vertex 2.3 57.8 2
      vertex 0 58.3 2
      vertex 2.28 55.3 2
    endloop
  endfacet
  facet normal 0 0 1
    outer loop
      vertex 2.31027 57.9566 2
      vertex 0 58.3 2
      vertex 2.3 57.8 2
    endloop
  endfacet
  facet normal 0 0 1
    outer loop
      vertex 2.34089 58.1106 2
      vertex 0 58.3 2
      vertex 2.31027 57.9566 2
    endloop
  endfacet
  facet normal -0 0 1
    outer loop
      vertex 0.619934 60.1263 2
      vertex 2.65147 58.6485 2
      vertex 0.878677 60.4213 2
    endloop
  endfacet
  facet normal -0 0 1
    outer loop
      vertex 2.28 54.3 2
      vertex 2.3 48.3 2
      vertex 2.3 54.3 2
    endloop
  endfacet
  facet normal 0 0 1
    outer loop
      vertex 2.3 48.3 2
      vertex 2.28 54.3 2
      vertex 2.28 48.3 2
    endloop
  endfacet
  facet normal -0 0 1
    outer loop
      vertex 2.28 47.3 2
      vertex 2.3 15.3 2
      vertex 2.3 47.3 2
    endloop
  endfacet
  facet normal 0 0 1
    outer loop
      vertex 2.3 15.3 2
      vertex 2.28 47.3 2
      vertex 2.28 15.3 2
    endloop
  endfacet
  facet normal -0 0 1
    outer loop
      vertex 2.28 14.3 2
      vertex 2.3 8.3 2
      vertex 2.3 14.3 2
    endloop
  endfacet
  facet normal 0 0 1
    outer loop
      vertex 2.3 8.3 2
      vertex 2.28 14.3 2
      vertex 2.28 8.3 2
    endloop
  endfacet
  facet normal 0 0 1
    outer loop
      vertex 2.3 7.3 2
      vertex 2.28 7.3 2
      vertex 2.3 3.5 2
    endloop
  endfacet
  facet normal 0 0 1
    outer loop
      vertex 13 2.3 2
      vertex 3.5 2.3 2
      vertex 13 2.28 2
    endloop
  endfacet
  facet normal 0 0 1
    outer loop
      vertex 20 2.3 2
      vertex 14 2.3 2
      vertex 20 2.28 2
    endloop
  endfacet
  facet normal 0 0 1
    outer loop
      vertex 69 2.3 2
      vertex 21 2.3 2
      vertex 69 2.28 2
    endloop
  endfacet
  facet normal 0 0 1
    outer loop
      vertex 76 2.3 2
      vertex 70 2.3 2
      vertex 76 2.28 2
    endloop
  endfacet
  facet normal -0 0 1
    outer loop
      vertex 88 3.5 2
      vertex 90.3 3.00001 2
      vertex 90.3 4 2
    endloop
  endfacet
  facet normal -0 0 1
    outer loop
      vertex 87.9591 3.18942 2
      vertex 90.3 3.00001 2
      vertex 87.9897 3.34337 2
    endloop
  endfacet
  facet normal 0 0 1
    outer loop
      vertex 90.3 3.00001 2
      vertex 87.9591 3.18942 2
      vertex 90.2743 2.60844 2
    endloop
  endfacet
  facet normal -0 0 1
    outer loop
      vertex 87.9087 3.04079 2
      vertex 90.2743 2.60844 2
      vertex 87.9591 3.18942 2
    endloop
  endfacet
  facet normal 0 0 1
    outer loop
      vertex 90.1978 2.22355 2
      vertex 87.9087 3.04079 2
      vertex 90.0716 1.85196 2
    endloop
  endfacet
  facet normal -0 0 1
    outer loop
      vertex 87.8392 2.89999 2
      vertex 90.0716 1.85196 2
      vertex 87.9087 3.04079 2
    endloop
  endfacet
  facet normal -0 0 1
    outer loop
      vertex 87.752 2.76949 2
      vertex 89.8981 1.50001 2
      vertex 87.8392 2.89999 2
    endloop
  endfacet
  facet normal 0 0 1
    outer loop
      vertex 89.8981 1.50001 2
      vertex 87.752 2.76949 2
      vertex 89.6801 1.17373 2
    endloop
  endfacet
  facet normal -0 0 1
    outer loop
      vertex 87.6485 2.65147 2
      vertex 89.6801 1.17373 2
      vertex 87.752 2.76949 2
    endloop
  endfacet
  facet normal 0 0 1
    outer loop
      vertex 89.4213 0.87869 2
      vertex 87.6485 2.65147 2
      vertex 89.1263 0.619946 2
    endloop
  endfacet
  facet normal 0 0 1
    outer loop
      vertex 88 3.5 2
      vertex 90.3 4 2
      vertex 88 4 2
    endloop
  endfacet
  facet normal 0 0 1
    outer loop
      vertex 90.3 3.00001 2
      vertex 88 3.5 2
      vertex 87.9897 3.34337 2
    endloop
  endfacet
  facet normal 0 0 1
    outer loop
      vertex 90.2743 2.60844 2
      vertex 87.9087 3.04079 2
      vertex 90.1978 2.22355 2
    endloop
  endfacet
  facet normal 0 0 1
    outer loop
      vertex 90.0716 1.85196 2
      vertex 87.8392 2.89999 2
      vertex 89.8981 1.50001 2
    endloop
  endfacet
  facet normal 0 0 1
    outer loop
      vertex 89.6801 1.17373 2
      vertex 87.6485 2.65147 2
      vertex 89.4213 0.87869 2
    endloop
  endfacet
  facet normal -0 0 1
    outer loop
      vertex 87.5305 2.54797 2
      vertex 89.1263 0.619946 2
      vertex 87.6485 2.65147 2
    endloop
  endfacet
  facet normal 0 0 1
    outer loop
      vertex 89.1263 0.619946 2
      vertex 87.5305 2.54797 2
      vertex 88.8 0.401929 2
    endloop
  endfacet
  facet normal -0 0 1
    outer loop
      vertex 87.4 2.46077 2
      vertex 88.8 0.401929 2
      vertex 87.5305 2.54797 2
    endloop
  endfacet
  facet normal 0 0 1
    outer loop
      vertex 88.8 0.401929 2
      vertex 87.4 2.46077 2
      vertex 88.448 0.228375 2
    endloop
  endfacet
  facet normal 0 0 1
    outer loop
      vertex 88.448 0.228375 2
      vertex 87.4 2.46077 2
      vertex 88.0764 0.102231 2
    endloop
  endfacet
  facet normal -0 0 1
    outer loop
      vertex 87.2592 2.39134 2
      vertex 88.0764 0.102231 2
      vertex 87.4 2.46077 2
    endloop
  endfacet
  facet normal 0 0 1
    outer loop
      vertex 88.0764 0.102231 2
      vertex 87.2592 2.39134 2
      vertex 87.6916 0.0256775 2
    endloop
  endfacet
  facet normal -0 0 1
    outer loop
      vertex 87.1106 2.3409 2
      vertex 87.6916 0.0256775 2
      vertex 87.2592 2.39134 2
    endloop
  endfacet
  facet normal 0 0 1
    outer loop
      vertex 87.6916 0.0256775 2
      vertex 87.1106 2.3409 2
      vertex 87.3 1.2207e-05 2
    endloop
  endfacet
  facet normal -0 0 1
    outer loop
      vertex 86.9566 2.31027 2
      vertex 87.3 1.2207e-05 2
      vertex 87.1106 2.3409 2
    endloop
  endfacet
  facet normal -0 0 1
    outer loop
      vertex 86.8 2.3 2
      vertex 87.3 1.2207e-05 2
      vertex 86.9566 2.31027 2
    endloop
  endfacet
  facet normal 0 0 1
    outer loop
      vertex 77 2.28 2
      vertex 86.8 2.3 2
      vertex 77 2.3 2
    endloop
  endfacet
  facet normal 0 0 1
    outer loop
      vertex 86.8 2.3 2
      vertex 77 2.28 2
      vertex 87.3 1.2207e-05 2
    endloop
  endfacet
  facet normal -0 0 1
    outer loop
      vertex 76 2.28 2
      vertex 87.3 1.2207e-05 2
      vertex 77 2.28 2
    endloop
  endfacet
  facet normal 0 0 1
    outer loop
      vertex 70 2.28 2
      vertex 76 2.28 2
      vertex 70 2.3 2
    endloop
  endfacet
  facet normal 0 0 1
    outer loop
      vertex 76 2.28 2
      vertex 70 2.28 2
      vertex 87.3 1.2207e-05 2
    endloop
  endfacet
  facet normal -0 0 1
    outer loop
      vertex 69 2.28 2
      vertex 87.3 1.2207e-05 2
      vertex 70 2.28 2
    endloop
  endfacet
  facet normal 0 0 1
    outer loop
      vertex 21 2.28 2
      vertex 69 2.28 2
      vertex 21 2.3 2
    endloop
  endfacet
  facet normal 0 0 1
    outer loop
      vertex 69 2.28 2
      vertex 21 2.28 2
      vertex 87.3 1.2207e-05 2
    endloop
  endfacet
  facet normal 0 0 1
    outer loop
      vertex 3 1.2207e-05 2
      vertex 21 2.28 2
      vertex 20 2.28 2
    endloop
  endfacet
  facet normal 0 0 1
    outer loop
      vertex 14 2.28 2
      vertex 20 2.28 2
      vertex 14 2.3 2
    endloop
  endfacet
  facet normal 0 0 1
    outer loop
      vertex 3 1.2207e-05 2
      vertex 20 2.28 2
      vertex 14 2.28 2
    endloop
  endfacet
  facet normal 0 0 1
    outer loop
      vertex 3 1.2207e-05 2
      vertex 14 2.28 2
      vertex 13 2.28 2
    endloop
  endfacet
  facet normal 0 0 1
    outer loop
      vertex 3 1.2207e-05 2
      vertex 13 2.28 2
      vertex 3.5 2.3 2
    endloop
  endfacet
  facet normal 0 0 1
    outer loop
      vertex 21 2.28 2
      vertex 3 1.2207e-05 2
      vertex 87.3 1.2207e-05 2
    endloop
  endfacet
  facet normal 0 0 1
    outer loop
      vertex 3.34337 2.31027 2
      vertex 3 1.2207e-05 2
      vertex 3.5 2.3 2
    endloop
  endfacet
  facet normal 0 0 1
    outer loop
      vertex 3.18942 2.3409 2
      vertex 3 1.2207e-05 2
      vertex 3.34337 2.31027 2
    endloop
  endfacet
  facet normal 0 0 1
    outer loop
      vertex 2.60843 0.0256775 2
      vertex 3.18942 2.3409 2
      vertex 3.04078 2.39134 2
    endloop
  endfacet
  facet normal 0 0 1
    outer loop
      vertex 2.22354 0.102231 2
      vertex 3.04078 2.39134 2
      vertex 2.89999 2.46077 2
    endloop
  endfacet
  facet normal 0 0 1
    outer loop
      vertex 1.5 0.401929 2
      vertex 2.89999 2.46077 2
      vertex 2.76948 2.54797 2
    endloop
  endfacet
  facet normal 0 0 1
    outer loop
      vertex 1.17372 0.619946 2
      vertex 2.76948 2.54797 2
      vertex 2.65147 2.65147 2
    endloop
  endfacet
  facet normal 0 0 1
    outer loop
      vertex 3.18942 2.3409 2
      vertex 2.60843 0.0256775 2
      vertex 3 1.2207e-05 2
    endloop
  endfacet
  facet normal 0 0 1
    outer loop
      vertex 0.619934 1.17373 2
      vertex 2.65147 2.65147 2
      vertex 2.54797 2.76949 2
    endloop
  endfacet
  facet normal 0 0 1
    outer loop
      vertex 0.401917 1.50001 2
      vertex 2.54797 2.76949 2
      vertex 2.46077 2.89999 2
    endloop
  endfacet
  facet normal 0 0 1
    outer loop
      vertex 0.228363 1.85196 2
      vertex 2.46077 2.89999 2
      vertex 2.39134 3.04079 2
    endloop
  endfacet
  facet normal 0 0 1
    outer loop
      vertex 0.0256653 2.60844 2
      vertex 2.39134 3.04079 2
      vertex 2.34089 3.18942 2
    endloop
  endfacet
  facet normal 0 0 1
    outer loop
      vertex 0 3.00001 2
      vertex 2.34089 3.18942 2
      vertex 2.31027 3.34337 2
    endloop
  endfacet
  facet normal 0 0 1
    outer loop
      vertex 3.04078 2.39134 2
      vertex 2.22354 0.102231 2
      vertex 2.60843 0.0256775 2
    endloop
  endfacet
  facet normal 0 0 1
    outer loop
      vertex 0 3.00001 2
      vertex 2.31027 3.34337 2
      vertex 2.3 3.5 2
    endloop
  endfacet
  facet normal 0 0 1
    outer loop
      vertex 0 3.00001 2
      vertex 2.3 3.5 2
      vertex 2.28 7.3 2
    endloop
  endfacet
  facet normal 0 0 1
    outer loop
      vertex 2.28 14.3 2
      vertex 0 3.00001 2
      vertex 2.28 8.3 2
    endloop
  endfacet
  facet normal 0 0 1
    outer loop
      vertex 2.65147 58.6485 2
      vertex 0.619934 60.1263 2
      vertex 2.54797 58.5305 2
    endloop
  endfacet
  facet normal 0 0 1
    outer loop
      vertex 2.28 8.3 2
      vertex 0 3.00001 2
      vertex 2.28 7.3 2
    endloop
  endfacet
  facet normal -0 0 1
    outer loop
      vertex 0.401917 59.8 2
      vertex 2.54797 58.5305 2
      vertex 0.619934 60.1263 2
    endloop
  endfacet
  facet normal 0 0 1
    outer loop
      vertex 2.34089 3.18942 2
      vertex 0 3.00001 2
      vertex 0.0256653 2.60844 2
    endloop
  endfacet
  facet normal 0 0 1
    outer loop
      vertex 2.54797 58.5305 2
      vertex 0.401917 59.8 2
      vertex 2.46077 58.4 2
    endloop
  endfacet
  facet normal 0 0 1
    outer loop
      vertex 2.89999 2.46077 2
      vertex 1.85194 0.228375 2
      vertex 2.22354 0.102231 2
    endloop
  endfacet
  facet normal -0 0 1
    outer loop
      vertex 0.228363 59.4481 2
      vertex 2.46077 58.4 2
      vertex 0.401917 59.8 2
    endloop
  endfacet
  facet normal 0 0 1
    outer loop
      vertex 2.89999 2.46077 2
      vertex 1.5 0.401929 2
      vertex 1.85194 0.228375 2
    endloop
  endfacet
  facet normal 0 0 1
    outer loop
      vertex 2.46077 58.4 2
      vertex 0.228363 59.4481 2
      vertex 2.39134 58.2592 2
    endloop
  endfacet
  facet normal 0 0 1
    outer loop
      vertex 2.76948 2.54797 2
      vertex 1.17372 0.619946 2
      vertex 1.5 0.401929 2
    endloop
  endfacet
  facet normal -0 0 1
    outer loop
      vertex 0.102219 59.0765 2
      vertex 2.39134 58.2592 2
      vertex 0.228363 59.4481 2
    endloop
  endfacet
  facet normal 0 0 1
    outer loop
      vertex 2.65147 2.65147 2
      vertex 0.878677 0.87869 2
      vertex 1.17372 0.619946 2
    endloop
  endfacet
  facet normal -0 0 1
    outer loop
      vertex 0.0256653 58.6916 2
      vertex 2.39134 58.2592 2
      vertex 0.102219 59.0765 2
    endloop
  endfacet
  facet normal 0 0 1
    outer loop
      vertex 2.65147 2.65147 2
      vertex 0.619934 1.17373 2
      vertex 0.878677 0.87869 2
    endloop
  endfacet
  facet normal 0 0 1
    outer loop
      vertex 2.39134 58.2592 2
      vertex 0.0256653 58.6916 2
      vertex 2.34089 58.1106 2
    endloop
  endfacet
  facet normal 0 0 1
    outer loop
      vertex 2.54797 2.76949 2
      vertex 0.401917 1.50001 2
      vertex 0.619934 1.17373 2
    endloop
  endfacet
  facet normal 0 0 1
    outer loop
      vertex 2.34089 58.1106 2
      vertex 0.0256653 58.6916 2
      vertex 0 58.3 2
    endloop
  endfacet
  facet normal 0 0 1
    outer loop
      vertex 2.46077 2.89999 2
      vertex 0.228363 1.85196 2
      vertex 0.401917 1.50001 2
    endloop
  endfacet
  facet normal 0 0 1
    outer loop
      vertex 2.39134 3.04079 2
      vertex 0.102219 2.22355 2
      vertex 0.228363 1.85196 2
    endloop
  endfacet
  facet normal 0 0 1
    outer loop
      vertex 2.39134 3.04079 2
      vertex 0.0256653 2.60844 2
      vertex 0.102219 2.22355 2
    endloop
  endfacet
  facet normal 0 0 1
    outer loop
      vertex 86.78 57.3 2
      vertex 86.8 57.4 2
      vertex 86.7966 57.4522 2
    endloop
  endfacet
  facet normal 0 0 1
    outer loop
      vertex 86.78 57.3 2
      vertex 86.7966 57.4522 2
      vertex 86.7864 57.5035 2
    endloop
  endfacet
  facet normal 0 0 1
    outer loop
      vertex 86.8 57.4 2
      vertex 86.78 57.3 2
      vertex 86.8 57.3 2
    endloop
  endfacet
  facet normal 0 0 1
    outer loop
      vertex 86.7464 57.6 2
      vertex 86.78 57.3 2
      vertex 86.7695 57.5531 2
    endloop
  endfacet
  facet normal 0 0 1
    outer loop
      vertex 86.7695 57.5531 2
      vertex 86.78 57.3 2
      vertex 86.7864 57.5035 2
    endloop
  endfacet
  facet normal -0 0 1
    outer loop
      vertex 86.78 4 2
      vertex 86.8 3.90001 2
      vertex 86.8 4 2
    endloop
  endfacet
  facet normal 0 0 1
    outer loop
      vertex 86.8 3.90001 2
      vertex 86.78 4 2
      vertex 86.7966 3.84779 2
    endloop
  endfacet
  facet normal 0 0 1
    outer loop
      vertex 86.7966 3.84779 2
      vertex 86.78 4 2
      vertex 86.7864 3.79648 2
    endloop
  endfacet
  facet normal 0 0 1
    outer loop
      vertex 86.78 4 2
      vertex 86.7695 3.74693 2
      vertex 86.7864 3.79648 2
    endloop
  endfacet
  facet normal 0 0 1
    outer loop
      vertex 86.78 57.3 2
      vertex 79 30.3 2
      vertex 86.78 4 2
    endloop
  endfacet
  facet normal 0 0 1
    outer loop
      vertex 86.7173 57.6435 2
      vertex 86.78 57.3 2
      vertex 86.7464 57.6 2
    endloop
  endfacet
  facet normal -0 0 1
    outer loop
      vertex 79 27.7 2
      vertex 86.78 4 2
      vertex 79 30.3 2
    endloop
  endfacet
  facet normal 0 0 1
    outer loop
      vertex 86.6828 57.6828 2
      vertex 86.78 57.3 2
      vertex 86.7173 57.6435 2
    endloop
  endfacet
  facet normal -0 0 1
    outer loop
      vertex 79 24.3 2
      vertex 86.78 4 2
      vertex 79 27.7 2
    endloop
  endfacet
  facet normal 0 0 1
    outer loop
      vertex 86.78 57.3 2
      vertex 86.6828 57.6828 2
      vertex 86.4 57.8 2
    endloop
  endfacet
  facet normal -0 0 1
    outer loop
      vertex 79 21.7 2
      vertex 86.78 4 2
      vertex 79 24.3 2
    endloop
  endfacet
  facet normal 0 0 1
    outer loop
      vertex 86.4 57.8 2
      vertex 86.6828 57.6828 2
      vertex 86.6435 57.7173 2
    endloop
  endfacet
  facet normal 0 0 1
    outer loop
      vertex 77 3.52 2
      vertex 86.78 4 2
      vertex 79 21.7 2
    endloop
  endfacet
  facet normal 0 0 1
    outer loop
      vertex 86.4 57.8 2
      vertex 86.6435 57.7173 2
      vertex 86.6 57.7464 2
    endloop
  endfacet
  facet normal 0 -0 1
    outer loop
      vertex 86.4 3.50001 2
      vertex 86.78 4 2
      vertex 77 3.52 2
    endloop
  endfacet
  facet normal 0 0 1
    outer loop
      vertex 86.4 57.8 2
      vertex 86.6 57.7464 2
      vertex 86.5531 57.7696 2
    endloop
  endfacet
  facet normal 0 0 1
    outer loop
      vertex 86.78 4 2
      vertex 86.7464 3.70001 2
      vertex 86.7695 3.74693 2
    endloop
  endfacet
  facet normal 0 0 1
    outer loop
      vertex 86.4 57.8 2
      vertex 86.5531 57.7696 2
      vertex 86.5035 57.7864 2
    endloop
  endfacet
  facet normal 0 0 1
    outer loop
      vertex 86.78 4 2
      vertex 86.7173 3.65651 2
      vertex 86.7464 3.70001 2
    endloop
  endfacet
  facet normal 0 0 1
    outer loop
      vertex 86.4 57.8 2
      vertex 86.5035 57.7864 2
      vertex 86.4522 57.7966 2
    endloop
  endfacet
  facet normal 0 0 1
    outer loop
      vertex 86.78 4 2
      vertex 86.6828 3.61717 2
      vertex 86.7173 3.65651 2
    endloop
  endfacet
  facet normal 0 0 1
    outer loop
      vertex 86.78 57.3 2
      vertex 86.4 57.8 2
      vertex 83.3 57.8 2
    endloop
  endfacet
  facet normal 0 0 1
    outer loop
      vertex 86.6828 3.61717 2
      vertex 86.4 3.50001 2
      vertex 86.6435 3.58267 2
    endloop
  endfacet
  facet normal 0 0 1
    outer loop
      vertex 86.78 57.3 2
      vertex 83.3 57.8 2
      vertex 79 48.3 2
    endloop
  endfacet
  facet normal 0 0 1
    outer loop
      vertex 86.78 57.3 2
      vertex 79 48.3 2
      vertex 79 45.7 2
    endloop
  endfacet
  facet normal 0 0 1
    outer loop
      vertex 86.78 57.3 2
      vertex 79 45.7 2
      vertex 79 42.3 2
    endloop
  endfacet
  facet normal 0 0 1
    outer loop
      vertex 86.78 57.3 2
      vertex 79 42.3 2
      vertex 79 39.7 2
    endloop
  endfacet
  facet normal 0 0 1
    outer loop
      vertex 86.78 57.3 2
      vertex 79 39.7 2
      vertex 79 36.3 2
    endloop
  endfacet
  facet normal 0 0 1
    outer loop
      vertex 86.78 57.3 2
      vertex 79 36.3 2
      vertex 79 33.7 2
    endloop
  endfacet
  facet normal 0 0 1
    outer loop
      vertex 86.78 57.3 2
      vertex 79 33.7 2
      vertex 79 30.3 2
    endloop
  endfacet
  facet normal 0 0 1
    outer loop
      vertex 86.6435 3.58267 2
      vertex 86.4 3.50001 2
      vertex 86.6 3.5536 2
    endloop
  endfacet
  facet normal 0 0 1
    outer loop
      vertex 86.6 3.5536 2
      vertex 86.4 3.50001 2
      vertex 86.5531 3.53045 2
    endloop
  endfacet
  facet normal 0 0 1
    outer loop
      vertex 86.5531 3.53045 2
      vertex 86.4 3.50001 2
      vertex 86.5035 3.51364 2
    endloop
  endfacet
  facet normal 0 0 1
    outer loop
      vertex 86.5035 3.51364 2
      vertex 86.4 3.50001 2
      vertex 86.4522 3.50343 2
    endloop
  endfacet
  facet normal 0 -0 1
    outer loop
      vertex 86.6828 3.61717 2
      vertex 86.78 4 2
      vertex 86.4 3.50001 2
    endloop
  endfacet
  facet normal 0 0 1
    outer loop
      vertex 86.4 3.50001 2
      vertex 77 3.52 2
      vertex 77 3.50001 2
    endloop
  endfacet
  facet normal -0 0 1
    outer loop
      vertex 3.5 14.3 2
      vertex 3.52 8.3 2
      vertex 3.52 14.3 2
    endloop
  endfacet
  facet normal 0 0 1
    outer loop
      vertex 3.52 8.3 2
      vertex 3.5 14.3 2
      vertex 3.5 8.3 2
    endloop
  endfacet
  facet normal 0 0 1
    outer loop
      vertex 3.5 15.3 2
      vertex 6.5 16 2
      vertex 3.5 47.3 2
    endloop
  endfacet
  facet normal 0 0 1
    outer loop
      vertex 6.5 16 2
      vertex 3.5 15.3 2
      vertex 3.52 15.3 2
    endloop
  endfacet
  facet normal -0 0 1
    outer loop
      vertex 3.5 54.3 2
      vertex 3.52 48.3 2
      vertex 3.52 54.3 2
    endloop
  endfacet
  facet normal 0 0 1
    outer loop
      vertex 3.52 48.3 2
      vertex 3.5 54.3 2
      vertex 3.5 48.3 2
    endloop
  endfacet
  facet normal 0 0 1
    outer loop
      vertex 28 35.7 2
      vertex 3.52 47.3 2
      vertex 28 32.3 2
    endloop
  endfacet
  facet normal 0 0 1
    outer loop
      vertex 28 32.3 2
      vertex 3.52 47.3 2
      vertex 6.5 16 2
    endloop
  endfacet
  facet normal -0 0 1
    outer loop
      vertex 3.5 47.3 2
      vertex 6.5 16 2
      vertex 3.52 47.3 2
    endloop
  endfacet
  facet normal 0 0 1
    outer loop
      vertex 3.52 14.3 2
      vertex 6.5 16 2
      vertex 3.52 15.3 2
    endloop
  endfacet
  facet normal 0 0 1
    outer loop
      vertex 3.52 8.3 2
      vertex 6.5 16 2
      vertex 3.52 14.3 2
    endloop
  endfacet
  facet normal 0 0 1
    outer loop
      vertex 3.52 7.3 2
      vertex 6.5 16 2
      vertex 3.52 8.3 2
    endloop
  endfacet
  facet normal 0 0 1
    outer loop
      vertex 6.5 16 2
      vertex 3.52 7.3 2
      vertex 3.53044 3.74693 2
    endloop
  endfacet
  facet normal -0 0 1
    outer loop
      vertex 3.5 3.90001 2
      vertex 3.53044 3.74693 2
      vertex 3.52 7.3 2
    endloop
  endfacet
  facet normal 0 0 1
    outer loop
      vertex 3.53044 3.74693 2
      vertex 3.5 3.90001 2
      vertex 3.51363 3.79648 2
    endloop
  endfacet
  facet normal 0 0 1
    outer loop
      vertex 3.5 3.90001 2
      vertex 3.52 7.3 2
      vertex 3.5 7.3 2
    endloop
  endfacet
  facet normal 0 0 1
    outer loop
      vertex 3.51363 3.79648 2
      vertex 3.5 3.90001 2
      vertex 3.50342 3.84779 2
    endloop
  endfacet
  facet normal -0 0 1
    outer loop
      vertex 6.5 4 2
      vertex 21 3.52 2
      vertex 64.5 4 2
    endloop
  endfacet
  facet normal 0 0 1
    outer loop
      vertex 20 3.52 2
      vertex 14 3.52 2
      vertex 20 3.50001 2
    endloop
  endfacet
  facet normal 0 0 1
    outer loop
      vertex 21 3.52 2
      vertex 6.5 4 2
      vertex 20 3.52 2
    endloop
  endfacet
  facet normal 0 0 1
    outer loop
      vertex 20 3.52 2
      vertex 6.5 4 2
      vertex 14 3.52 2
    endloop
  endfacet
  facet normal 0 0 1
    outer loop
      vertex 14 3.52 2
      vertex 6.5 4 2
      vertex 13 3.52 2
    endloop
  endfacet
  facet normal 0 0 1
    outer loop
      vertex 6.5 4 2
      vertex 13 3.50001 2
      vertex 13 3.52 2
    endloop
  endfacet
  facet normal 0 0 1
    outer loop
      vertex 6.5 4 2
      vertex 3.89999 3.50001 2
      vertex 13 3.50001 2
    endloop
  endfacet
  facet normal 0 0 1
    outer loop
      vertex 6.5 16 2
      vertex 3.89999 3.50001 2
      vertex 6.5 4 2
    endloop
  endfacet
  facet normal 0 0 1
    outer loop
      vertex 3.5 57.4 2
      vertex 3.89999 57.8 2
      vertex 3.84778 57.7966 2
    endloop
  endfacet
  facet normal 0 0 1
    outer loop
      vertex 28 41.7 2
      vertex 3.52 47.3 2
      vertex 28 38.3 2
    endloop
  endfacet
  facet normal 0 0 1
    outer loop
      vertex 3.5 57.4 2
      vertex 3.84778 57.7966 2
      vertex 3.79646 57.7864 2
    endloop
  endfacet
  facet normal 0 0 1
    outer loop
      vertex 6.5 16 2
      vertex 3.53044 3.74693 2
      vertex 3.89999 3.50001 2
    endloop
  endfacet
  facet normal 0 0 1
    outer loop
      vertex 3.5 57.4 2
      vertex 3.79646 57.7864 2
      vertex 3.74692 57.7696 2
    endloop
  endfacet
  facet normal 0 0 1
    outer loop
      vertex 3.89999 3.50001 2
      vertex 3.53044 3.74693 2
      vertex 3.84778 3.50343 2
    endloop
  endfacet
  facet normal 0 0 1
    outer loop
      vertex 3.5 57.4 2
      vertex 3.74692 57.7696 2
      vertex 3.7 57.7464 2
    endloop
  endfacet
  facet normal 0 0 1
    outer loop
      vertex 3.84778 3.50343 2
      vertex 3.53044 3.74693 2
      vertex 3.79646 3.51364 2
    endloop
  endfacet
  facet normal 0 0 1
    outer loop
      vertex 3.5 57.4 2
      vertex 3.7 57.7464 2
      vertex 3.65649 57.7173 2
    endloop
  endfacet
  facet normal 0 0 1
    outer loop
      vertex 3.79646 3.51364 2
      vertex 3.53044 3.74693 2
      vertex 3.74692 3.53045 2
    endloop
  endfacet
  facet normal 0 0 1
    outer loop
      vertex 3.5 57.4 2
      vertex 3.65649 57.7173 2
      vertex 3.61716 57.6828 2
    endloop
  endfacet
  facet normal 0 0 1
    outer loop
      vertex 3.74692 3.53045 2
      vertex 3.53044 3.74693 2
      vertex 3.7 3.5536 2
    endloop
  endfacet
  facet normal 0 0 1
    outer loop
      vertex 3.5 57.4 2
      vertex 3.61716 57.6828 2
      vertex 3.58266 57.6435 2
    endloop
  endfacet
  facet normal 0 0 1
    outer loop
      vertex 3.7 3.5536 2
      vertex 3.53044 3.74693 2
      vertex 3.65649 3.58267 2
    endloop
  endfacet
  facet normal 0 0 1
    outer loop
      vertex 3.5 57.4 2
      vertex 3.58266 57.6435 2
      vertex 3.55359 57.6 2
    endloop
  endfacet
  facet normal 0 0 1
    outer loop
      vertex 3.65649 3.58267 2
      vertex 3.53044 3.74693 2
      vertex 3.61716 3.61717 2
    endloop
  endfacet
  facet normal 0 0 1
    outer loop
      vertex 3.5 57.4 2
      vertex 3.55359 57.6 2
      vertex 3.53044 57.5531 2
    endloop
  endfacet
  facet normal 0 0 1
    outer loop
      vertex 3.61716 3.61717 2
      vertex 3.53044 3.74693 2
      vertex 3.58266 3.65651 2
    endloop
  endfacet
  facet normal 0 0 1
    outer loop
      vertex 3.58266 3.65651 2
      vertex 3.53044 3.74693 2
      vertex 3.55359 3.70001 2
    endloop
  endfacet
  facet normal 0 0 1
    outer loop
      vertex 3.5 57.4 2
      vertex 3.53044 57.5531 2
      vertex 3.51363 57.5035 2
    endloop
  endfacet
  facet normal 0 0 1
    outer loop
      vertex 3.5 57.4 2
      vertex 3.51363 57.5035 2
      vertex 3.50342 57.4522 2
    endloop
  endfacet
  facet normal 0 0 1
    outer loop
      vertex 3.89999 57.8 2
      vertex 3.5 57.4 2
      vertex 3.52 55.3 2
    endloop
  endfacet
  facet normal 0 0 1
    outer loop
      vertex 3.52 55.3 2
      vertex 3.5 57.4 2
      vertex 3.5 55.3 2
    endloop
  endfacet
  facet normal 0 0 1
    outer loop
      vertex 20 3.50001 2
      vertex 14 3.52 2
      vertex 14 3.50001 2
    endloop
  endfacet
  facet normal -0 0 1
    outer loop
      vertex 28 23.7 2
      vertex 58 20.3 2
      vertex 58 23.7 2
    endloop
  endfacet
  facet normal 0 0 1
    outer loop
      vertex 58 20.3 2
      vertex 28 23.7 2
      vertex 28 20.3 2
    endloop
  endfacet
  facet normal -0 0 1
    outer loop
      vertex 28 29.7 2
      vertex 58 26.3 2
      vertex 58 29.7 2
    endloop
  endfacet
  facet normal 0 0 1
    outer loop
      vertex 58 26.3 2
      vertex 28 29.7 2
      vertex 28 26.3 2
    endloop
  endfacet
  facet normal -0 0 1
    outer loop
      vertex 28 35.7 2
      vertex 58 32.3 2
      vertex 58 35.7 2
    endloop
  endfacet
  facet normal 0 0 1
    outer loop
      vertex 58 32.3 2
      vertex 28 35.7 2
      vertex 28 32.3 2
    endloop
  endfacet
  facet normal -0 0 1
    outer loop
      vertex 28 41.7 2
      vertex 58 38.3 2
      vertex 58 41.7 2
    endloop
  endfacet
  facet normal 0 0 1
    outer loop
      vertex 58 38.3 2
      vertex 28 41.7 2
      vertex 28 38.3 2
    endloop
  endfacet
  facet normal 0 0 1
    outer loop
      vertex 79 21.7 2
      vertex 76 3.52 2
      vertex 77 3.52 2
    endloop
  endfacet
  facet normal 0 0 1
    outer loop
      vertex 76 3.52 2
      vertex 70 3.52 2
      vertex 76 3.50001 2
    endloop
  endfacet
  facet normal -0 0 1
    outer loop
      vertex 64.5 16 2
      vertex 76 3.52 2
      vertex 79 21.7 2
    endloop
  endfacet
  facet normal 0 0 1
    outer loop
      vertex 76 3.52 2
      vertex 64.5 16 2
      vertex 70 3.52 2
    endloop
  endfacet
  facet normal 0 0 1
    outer loop
      vertex 64.5 16 2
      vertex 79 21.7 2
      vertex 67 21.7 2
    endloop
  endfacet
  facet normal 0 0 1
    outer loop
      vertex 70 3.52 2
      vertex 64.5 16 2
      vertex 69 3.52 2
    endloop
  endfacet
  facet normal -0 0 1
    outer loop
      vertex 64.5 4 2
      vertex 69 3.52 2
      vertex 64.5 16 2
    endloop
  endfacet
  facet normal 0 0 1
    outer loop
      vertex 69 3.52 2
      vertex 64.5 4 2
      vertex 69 3.50001 2
    endloop
  endfacet
  facet normal 0 0 1
    outer loop
      vertex 21 3.50001 2
      vertex 64.5 4 2
      vertex 21 3.52 2
    endloop
  endfacet
  facet normal 0 0 1
    outer loop
      vertex 64.5 4 2
      vertex 21 3.50001 2
      vertex 69 3.50001 2
    endloop
  endfacet
  facet normal -0 0 1
    outer loop
      vertex 67 27.7 2
      vertex 79 24.3 2
      vertex 79 27.7 2
    endloop
  endfacet
  facet normal 0 0 1
    outer loop
      vertex 79 24.3 2
      vertex 67 27.7 2
      vertex 67 24.3 2
    endloop
  endfacet
  facet normal -0 0 1
    outer loop
      vertex 67 33.7 2
      vertex 79 30.3 2
      vertex 79 33.7 2
    endloop
  endfacet
  facet normal 0 0 1
    outer loop
      vertex 79 30.3 2
      vertex 67 33.7 2
      vertex 67 30.3 2
    endloop
  endfacet
  facet normal -0 0 1
    outer loop
      vertex 67 39.7 2
      vertex 79 36.3 2
      vertex 79 39.7 2
    endloop
  endfacet
  facet normal 0 0 1
    outer loop
      vertex 79 36.3 2
      vertex 67 39.7 2
      vertex 67 36.3 2
    endloop
  endfacet
  facet normal -0 0 1
    outer loop
      vertex 67 45.7 2
      vertex 79 42.3 2
      vertex 79 45.7 2
    endloop
  endfacet
  facet normal 0 0 1
    outer loop
      vertex 79 42.3 2
      vertex 67 45.7 2
      vertex 67 42.3 2
    endloop
  endfacet
  facet normal 0 0 1
    outer loop
      vertex 83.3 57.8 2
      vertex 67 48.3 2
      vertex 79 48.3 2
    endloop
  endfacet
  facet normal 0 0 1
    outer loop
      vertex 58 44.3 2
      vertex 67 45.7 2
      vertex 67 48.3 2
    endloop
  endfacet
  facet normal 0 0 1
    outer loop
      vertex 67 45.7 2
      vertex 58 44.3 2
      vertex 67 42.3 2
    endloop
  endfacet
  facet normal 0 0 1
    outer loop
      vertex 58 41.7 2
      vertex 67 42.3 2
      vertex 58 44.3 2
    endloop
  endfacet
  facet normal 0 0 1
    outer loop
      vertex 58 38.3 2
      vertex 67 39.7 2
      vertex 58 41.7 2
    endloop
  endfacet
  facet normal 0 0 1
    outer loop
      vertex 67 39.7 2
      vertex 58 38.3 2
      vertex 67 36.3 2
    endloop
  endfacet
  facet normal 0 0 1
    outer loop
      vertex 67 36.3 2
      vertex 58 35.7 2
      vertex 67 33.7 2
    endloop
  endfacet
  facet normal 0 0 1
    outer loop
      vertex 58 32.3 2
      vertex 67 33.7 2
      vertex 58 35.7 2
    endloop
  endfacet
  facet normal 0 0 1
    outer loop
      vertex 58 29.7 2
      vertex 67 30.3 2
      vertex 58 32.3 2
    endloop
  endfacet
  facet normal 0 0 1
    outer loop
      vertex 67 30.3 2
      vertex 58 29.7 2
      vertex 67 27.7 2
    endloop
  endfacet
  facet normal 0 0 1
    outer loop
      vertex 67 42.3 2
      vertex 58 41.7 2
      vertex 67 39.7 2
    endloop
  endfacet
  facet normal -0 0 1
    outer loop
      vertex 7 57.8 2
      vertex 67 48.3 2
      vertex 83.3 57.8 2
    endloop
  endfacet
  facet normal 0 0 1
    outer loop
      vertex 67 48.3 2
      vertex 7 57.8 2
      vertex 58 44.3 2
    endloop
  endfacet
  facet normal 0 0 1
    outer loop
      vertex 3.52 54.3 2
      vertex 7 57.8 2
      vertex 3.52 55.3 2
    endloop
  endfacet
  facet normal 0 0 1
    outer loop
      vertex 3.52 48.3 2
      vertex 7 57.8 2
      vertex 3.52 54.3 2
    endloop
  endfacet
  facet normal 0 0 1
    outer loop
      vertex 7 57.8 2
      vertex 3.52 48.3 2
      vertex 28 44.3 2
    endloop
  endfacet
  facet normal -0 0 1
    outer loop
      vertex 3.52 47.3 2
      vertex 28 44.3 2
      vertex 3.52 48.3 2
    endloop
  endfacet
  facet normal 0 0 1
    outer loop
      vertex 28 32.3 2
      vertex 6.5 16 2
      vertex 28 29.7 2
    endloop
  endfacet
  facet normal 0 0 1
    outer loop
      vertex 28 29.7 2
      vertex 6.5 16 2
      vertex 28 26.3 2
    endloop
  endfacet
  facet normal 0 0 1
    outer loop
      vertex 28 26.3 2
      vertex 6.5 16 2
      vertex 28 23.7 2
    endloop
  endfacet
  facet normal 0 0 1
    outer loop
      vertex 28 23.7 2
      vertex 6.5 16 2
      vertex 28 20.3 2
    endloop
  endfacet
  facet normal 0 0 1
    outer loop
      vertex 28 38.3 2
      vertex 3.52 47.3 2
      vertex 28 35.7 2
    endloop
  endfacet
  facet normal 0 0 1
    outer loop
      vertex 58 44.3 2
      vertex 7 57.8 2
      vertex 28 44.3 2
    endloop
  endfacet
  facet normal 0 0 1
    outer loop
      vertex 76 3.50001 2
      vertex 70 3.52 2
      vertex 70 3.50001 2
    endloop
  endfacet
  facet normal 0 0 1
    outer loop
      vertex 58 35.7 2
      vertex 67 36.3 2
      vertex 58 38.3 2
    endloop
  endfacet
  facet normal 0 0 1
    outer loop
      vertex 67 33.7 2
      vertex 58 32.3 2
      vertex 67 30.3 2
    endloop
  endfacet
  facet normal 0 0 1
    outer loop
      vertex 58 26.3 2
      vertex 67 27.7 2
      vertex 58 29.7 2
    endloop
  endfacet
  facet normal 0 0 1
    outer loop
      vertex 67 27.7 2
      vertex 58 26.3 2
      vertex 67 24.3 2
    endloop
  endfacet
  facet normal 0 0 1
    outer loop
      vertex 58 23.7 2
      vertex 67 24.3 2
      vertex 58 26.3 2
    endloop
  endfacet
  facet normal 0 0 1
    outer loop
      vertex 67 24.3 2
      vertex 58 23.7 2
      vertex 67 21.7 2
    endloop
  endfacet
  facet normal 0 0 1
    outer loop
      vertex 58 20.3 2
      vertex 67 21.7 2
      vertex 58 23.7 2
    endloop
  endfacet
  facet normal 0 0 1
    outer loop
      vertex 67 21.7 2
      vertex 58 20.3 2
      vertex 64.5 16 2
    endloop
  endfacet
  facet normal -0 0 1
    outer loop
      vertex 58 17.7 2
      vertex 64.5 16 2
      vertex 58 20.3 2
    endloop
  endfacet
  facet normal -0 0 1
    outer loop
      vertex 28 17.7 2
      vertex 64.5 16 2
      vertex 58 17.7 2
    endloop
  endfacet
  facet normal 0 0 1
    outer loop
      vertex 28 17.7 2
      vertex 6.5 16 2
      vertex 64.5 16 2
    endloop
  endfacet
  facet normal 0 0 1
    outer loop
      vertex 28 20.3 2
      vertex 6.5 16 2
      vertex 28 17.7 2
    endloop
  endfacet
  facet normal 0 0 1
    outer loop
      vertex 28 44.3 2
      vertex 3.52 47.3 2
      vertex 28 41.7 2
    endloop
  endfacet
  facet normal 0 0 1
    outer loop
      vertex 3.52 55.3 2
      vertex 7 57.8 2
      vertex 3.89999 57.8 2
    endloop
  endfacet
  facet normal 0 0 1
    outer loop
      vertex 7 59 2
      vertex 83.3 59 2
      vertex 83.3 61.3 2
    endloop
  endfacet
  facet normal 0 0 1
    outer loop
      vertex 7 59 2
      vertex 83.3 61.3 2
      vertex 7 61.3 2
    endloop
  endfacet
  facet normal 0 0 1
    outer loop
      vertex 83.3 59 2
      vertex 7 59 2
      vertex 83.3 57.8 2
    endloop
  endfacet
  facet normal 0 0 1
    outer loop
      vertex 83.3 57.8 2
      vertex 7 59 2
      vertex 7 57.8 2
    endloop
  endfacet
  facet normal -0 0 1
    outer loop
      vertex 88 57.3 2
      vertex 90.3 4 2
      vertex 90.3 57.3 2
    endloop
  endfacet
  facet normal 0 0 1
    outer loop
      vertex 88 57.3 2
      vertex 88 4 2
      vertex 90.3 4 2
    endloop
  endfacet
  facet normal -0 0 1
    outer loop
      vertex 86.8 57.3 2
      vertex 88 4 2
      vertex 88 57.3 2
    endloop
  endfacet
  facet normal 0 0 1
    outer loop
      vertex 86.8 57.3 2
      vertex 86.8 4 2
      vertex 88 4 2
    endloop
  endfacet
  facet normal -0 0 1
    outer loop
      vertex 86.78 57.3 2
      vertex 86.8 4 2
      vertex 86.8 57.3 2
    endloop
  endfacet
  facet normal 0 0 1
    outer loop
      vertex 86.8 4 2
      vertex 86.78 57.3 2
      vertex 86.78 4 2
    endloop
  endfacet
  facet normal 0 0 1
    outer loop
      vertex 13 3.50001 2
      vertex 14 3.50001 2
      vertex 14 3.52 2
    endloop
  endfacet
  facet normal 0 0 1
    outer loop
      vertex 14 3.50001 2
      vertex 13 3.50001 2
      vertex 14 2.3 2
    endloop
  endfacet
  facet normal 0 0 1
    outer loop
      vertex 13 3.50001 2
      vertex 14 3.52 2
      vertex 13 3.52 2
    endloop
  endfacet
  facet normal 0 0 1
    outer loop
      vertex 13 2.3 2
      vertex 14 2.3 2
      vertex 13 3.50001 2
    endloop
  endfacet
  facet normal 0 0 1
    outer loop
      vertex 14 2.3 2
      vertex 13 2.3 2
      vertex 14 2.28 2
    endloop
  endfacet
  facet normal 0 0 1
    outer loop
      vertex 14 2.28 2
      vertex 13 2.3 2
      vertex 13 2.28 2
    endloop
  endfacet
  facet normal 0 0 1
    outer loop
      vertex 69 3.50001 2
      vertex 70 3.50001 2
      vertex 70 3.52 2
    endloop
  endfacet
  facet normal 0 0 1
    outer loop
      vertex 70 3.50001 2
      vertex 69 3.50001 2
      vertex 70 2.3 2
    endloop
  endfacet
  facet normal 0 0 1
    outer loop
      vertex 69 3.50001 2
      vertex 70 3.52 2
      vertex 69 3.52 2
    endloop
  endfacet
  facet normal 0 0 1
    outer loop
      vertex 69 2.3 2
      vertex 70 2.3 2
      vertex 69 3.50001 2
    endloop
  endfacet
  facet normal 0 0 1
    outer loop
      vertex 70 2.3 2
      vertex 69 2.3 2
      vertex 70 2.28 2
    endloop
  endfacet
  facet normal 0 0 1
    outer loop
      vertex 70 2.28 2
      vertex 69 2.3 2
      vertex 69 2.28 2
    endloop
  endfacet
  facet normal 0 0 1
    outer loop
      vertex 20 3.50001 2
      vertex 21 3.50001 2
      vertex 21 3.52 2
    endloop
  endfacet
  facet normal 0 0 1
    outer loop
      vertex 21 3.50001 2
      vertex 20 3.50001 2
      vertex 21 2.3 2
    endloop
  endfacet
  facet normal 0 0 1
    outer loop
      vertex 20 3.50001 2
      vertex 21 3.52 2
      vertex 20 3.52 2
    endloop
  endfacet
  facet normal 0 0 1
    outer loop
      vertex 20 2.3 2
      vertex 21 2.3 2
      vertex 20 3.50001 2
    endloop
  endfacet
  facet normal 0 0 1
    outer loop
      vertex 21 2.3 2
      vertex 20 2.3 2
      vertex 21 2.28 2
    endloop
  endfacet
  facet normal 0 0 1
    outer loop
      vertex 21 2.28 2
      vertex 20 2.3 2
      vertex 20 2.28 2
    endloop
  endfacet
  facet normal 0 0 1
    outer loop
      vertex 76 3.50001 2
      vertex 77 3.50001 2
      vertex 77 3.52 2
    endloop
  endfacet
  facet normal 0 0 1
    outer loop
      vertex 77 3.50001 2
      vertex 76 3.50001 2
      vertex 77 2.3 2
    endloop
  endfacet
  facet normal 0 0 1
    outer loop
      vertex 76 3.50001 2
      vertex 77 3.52 2
      vertex 76 3.52 2
    endloop
  endfacet
  facet normal 0 0 1
    outer loop
      vertex 76 2.3 2
      vertex 77 2.3 2
      vertex 76 3.50001 2
    endloop
  endfacet
  facet normal 0 0 1
    outer loop
      vertex 77 2.3 2
      vertex 76 2.3 2
      vertex 77 2.28 2
    endloop
  endfacet
  facet normal 0 0 1
    outer loop
      vertex 77 2.28 2
      vertex 76 2.3 2
      vertex 76 2.28 2
    endloop
  endfacet
  facet normal -0 0 1
    outer loop
      vertex 3.5 55.3 2
      vertex 3.52 54.3 2
      vertex 3.52 55.3 2
    endloop
  endfacet
  facet normal 0 0 1
    outer loop
      vertex 3.5 55.3 2
      vertex 3.5 54.3 2
      vertex 3.52 54.3 2
    endloop
  endfacet
  facet normal -0 0 1
    outer loop
      vertex 2.3 55.3 2
      vertex 3.5 54.3 2
      vertex 3.5 55.3 2
    endloop
  endfacet
  facet normal 0 0 1
    outer loop
      vertex 2.3 55.3 2
      vertex 2.3 54.3 2
      vertex 3.5 54.3 2
    endloop
  endfacet
  facet normal -0 0 1
    outer loop
      vertex 2.28 55.3 2
      vertex 2.3 54.3 2
      vertex 2.3 55.3 2
    endloop
  endfacet
  facet normal 0 0 1
    outer loop
      vertex 2.3 54.3 2
      vertex 2.28 55.3 2
      vertex 2.28 54.3 2
    endloop
  endfacet
  facet normal -0 0 1
    outer loop
      vertex 3.5 15.3 2
      vertex 3.52 14.3 2
      vertex 3.52 15.3 2
    endloop
  endfacet
  facet normal 0 0 1
    outer loop
      vertex 3.5 15.3 2
      vertex 3.5 14.3 2
      vertex 3.52 14.3 2
    endloop
  endfacet
  facet normal -0 0 1
    outer loop
      vertex 2.3 15.3 2
      vertex 3.5 14.3 2
      vertex 3.5 15.3 2
    endloop
  endfacet
  facet normal 0 0 1
    outer loop
      vertex 2.3 15.3 2
      vertex 2.3 14.3 2
      vertex 3.5 14.3 2
    endloop
  endfacet
  facet normal -0 0 1
    outer loop
      vertex 2.28 15.3 2
      vertex 2.3 14.3 2
      vertex 2.3 15.3 2
    endloop
  endfacet
  facet normal 0 0 1
    outer loop
      vertex 2.3 14.3 2
      vertex 2.28 15.3 2
      vertex 2.28 14.3 2
    endloop
  endfacet
  facet normal -0 0 1
    outer loop
      vertex 3.5 48.3 2
      vertex 3.52 47.3 2
      vertex 3.52 48.3 2
    endloop
  endfacet
  facet normal 0 0 1
    outer loop
      vertex 3.5 48.3 2
      vertex 3.5 47.3 2
      vertex 3.52 47.3 2
    endloop
  endfacet
  facet normal -0 0 1
    outer loop
      vertex 2.3 48.3 2
      vertex 3.5 47.3 2
      vertex 3.5 48.3 2
    endloop
  endfacet
  facet normal 0 0 1
    outer loop
      vertex 2.3 48.3 2
      vertex 2.3 47.3 2
      vertex 3.5 47.3 2
    endloop
  endfacet
  facet normal -0 0 1
    outer loop
      vertex 2.28 48.3 2
      vertex 2.3 47.3 2
      vertex 2.3 48.3 2
    endloop
  endfacet
  facet normal 0 0 1
    outer loop
      vertex 2.3 47.3 2
      vertex 2.28 48.3 2
      vertex 2.28 47.3 2
    endloop
  endfacet
  facet normal -0 0 1
    outer loop
      vertex 3.5 8.3 2
      vertex 3.52 7.3 2
      vertex 3.52 8.3 2
    endloop
  endfacet
  facet normal 0 0 1
    outer loop
      vertex 3.5 8.3 2
      vertex 3.5 7.3 2
      vertex 3.52 7.3 2
    endloop
  endfacet
  facet normal -0 0 1
    outer loop
      vertex 2.3 8.3 2
      vertex 3.5 7.3 2
      vertex 3.5 8.3 2
    endloop
  endfacet
  facet normal 0 0 1
    outer loop
      vertex 2.3 8.3 2
      vertex 2.3 7.3 2
      vertex 3.5 7.3 2
    endloop
  endfacet
  facet normal -0 0 1
    outer loop
      vertex 2.28 8.3 2
      vertex 2.3 7.3 2
      vertex 2.3 8.3 2
    endloop
  endfacet
  facet normal 0 0 1
    outer loop
      vertex 2.3 7.3 2
      vertex 2.28 8.3 2
      vertex 2.28 7.3 2
    endloop
  endfacet
  facet normal -0.0656183 0.997845 0
    outer loop
      vertex 3.5 59 2
      vertex 3.34337 58.9897 10
      vertex 3.5 59 10
    endloop
  endfacet
  facet normal -0.0656183 0.997845 0
    outer loop
      vertex 3.34337 58.9897 10
      vertex 3.5 59 2
      vertex 3.34337 58.9897 2
    endloop
  endfacet
  facet normal 0 -1 0
    outer loop
      vertex 3.5 2.3 2
      vertex 13 2.3 10
      vertex 3.5 2.3 10
    endloop
  endfacet
  facet normal 0 -1 -0
    outer loop
      vertex 13 2.3 10
      vertex 3.5 2.3 2
      vertex 13 2.3 2
    endloop
  endfacet
  facet normal 0 -1 0
    outer loop
      vertex 77 2.3 2
      vertex 86.8 2.3 10
      vertex 77 2.3 10
    endloop
  endfacet
  facet normal 0 -1 -0
    outer loop
      vertex 86.8 2.3 10
      vertex 77 2.3 2
      vertex 86.8 2.3 2
    endloop
  endfacet
  facet normal 0 -1 0
    outer loop
      vertex 14 2.3 8.48247
      vertex 20 2.3 10
      vertex 14 2.3 10
    endloop
  endfacet
  facet normal 0 -1 -0
    outer loop
      vertex 20 2.3 10
      vertex 14 2.3 8.48247
      vertex 20 2.3 8.48247
    endloop
  endfacet
  facet normal 0 -1 0
    outer loop
      vertex 14 2.3 2
      vertex 20 2.3 7.51753
      vertex 14 2.3 7.51753
    endloop
  endfacet
  facet normal 0 -1 -0
    outer loop
      vertex 20 2.3 7.51753
      vertex 14 2.3 2
      vertex 20 2.3 2
    endloop
  endfacet
  facet normal 0 -1 0
    outer loop
      vertex 70 2.3 8.48247
      vertex 76 2.3 10
      vertex 70 2.3 10
    endloop
  endfacet
  facet normal 0 -1 -0
    outer loop
      vertex 76 2.3 10
      vertex 70 2.3 8.48247
      vertex 76 2.3 8.48247
    endloop
  endfacet
  facet normal 0 -1 0
    outer loop
      vertex 70 2.3 2
      vertex 76 2.3 7.51753
      vertex 70 2.3 7.51753
    endloop
  endfacet
  facet normal 0 -1 -0
    outer loop
      vertex 76 2.3 7.51753
      vertex 70 2.3 2
      vertex 76 2.3 2
    endloop
  endfacet
  facet normal 0 -1 0
    outer loop
      vertex 21 2.3 2
      vertex 69 2.3 10
      vertex 21 2.3 10
    endloop
  endfacet
  facet normal 0 -1 -0
    outer loop
      vertex 69 2.3 10
      vertex 21 2.3 2
      vertex 69 2.3 2
    endloop
  endfacet
  facet normal -1 0 0
    outer loop
      vertex 2.3 55.3 2
      vertex 2.3 57.8 10
      vertex 2.3 57.8 2
    endloop
  endfacet
  facet normal -1 -0 0
    outer loop
      vertex 2.3 57.8 10
      vertex 2.3 55.3 2
      vertex 2.3 55.3 10
    endloop
  endfacet
  facet normal -1 0 0
    outer loop
      vertex 2.3 3.5 2
      vertex 2.3 7.3 10
      vertex 2.3 7.3 2
    endloop
  endfacet
  facet normal -1 -0 0
    outer loop
      vertex 2.3 7.3 10
      vertex 2.3 3.5 2
      vertex 2.3 3.5 10
    endloop
  endfacet
  facet normal -1 0 0
    outer loop
      vertex 2.3 48.3 8.48247
      vertex 2.3 54.3 10
      vertex 2.3 54.3 8.48247
    endloop
  endfacet
  facet normal -1 -0 0
    outer loop
      vertex 2.3 54.3 10
      vertex 2.3 48.3 8.48247
      vertex 2.3 48.3 10
    endloop
  endfacet
  facet normal -1 0 0
    outer loop
      vertex 2.3 48.3 2
      vertex 2.3 54.3 7.51753
      vertex 2.3 54.3 2
    endloop
  endfacet
  facet normal -1 -0 0
    outer loop
      vertex 2.3 54.3 7.51753
      vertex 2.3 48.3 2
      vertex 2.3 48.3 7.51753
    endloop
  endfacet
  facet normal -1 0 0
    outer loop
      vertex 2.3 8.3 8.48247
      vertex 2.3 14.3 10
      vertex 2.3 14.3 8.48247
    endloop
  endfacet
  facet normal -1 -0 0
    outer loop
      vertex 2.3 14.3 10
      vertex 2.3 8.3 8.48247
      vertex 2.3 8.3 10
    endloop
  endfacet
  facet normal -1 0 0
    outer loop
      vertex 2.3 8.3 2
      vertex 2.3 14.3 7.51753
      vertex 2.3 14.3 2
    endloop
  endfacet
  facet normal -1 -0 0
    outer loop
      vertex 2.3 14.3 7.51753
      vertex 2.3 8.3 2
      vertex 2.3 8.3 7.51753
    endloop
  endfacet
  facet normal -1 0 0
    outer loop
      vertex 2.3 15.3 2
      vertex 2.3 47.3 10
      vertex 2.3 47.3 2
    endloop
  endfacet
  facet normal -1 -0 0
    outer loop
      vertex 2.3 47.3 10
      vertex 2.3 15.3 2
      vertex 2.3 15.3 10
    endloop
  endfacet
  facet normal -0.555553 0.831481 0
    outer loop
      vertex 2.89999 58.8392 2
      vertex 2.76948 58.752 10
      vertex 2.89999 58.8392 10
    endloop
  endfacet
  facet normal -0.555553 0.831481 0
    outer loop
      vertex 2.76948 58.752 10
      vertex 2.89999 58.8392 2
      vertex 2.76948 58.752 2
    endloop
  endfacet
  facet normal 0.831462 0.555582 0
    outer loop
      vertex 87.8392 58.4 10
      vertex 87.752 58.5305 2
      vertex 87.752 58.5305 10
    endloop
  endfacet
  facet normal 0.831462 0.555582 0
    outer loop
      vertex 87.752 58.5305 2
      vertex 87.8392 58.4 10
      vertex 87.8392 58.4 2
    endloop
  endfacet
  facet normal 0.555582 -0.831462 0
    outer loop
      vertex 87.4 2.46077 2
      vertex 87.5305 2.54797 10
      vertex 87.4 2.46077 10
    endloop
  endfacet
  facet normal 0.555582 -0.831462 0
    outer loop
      vertex 87.5305 2.54797 10
      vertex 87.4 2.46077 2
      vertex 87.5305 2.54797 2
    endloop
  endfacet
  facet normal 0.321423 -0.946936 0
    outer loop
      vertex 87.1106 2.3409 2
      vertex 87.2592 2.39134 10
      vertex 87.1106 2.3409 10
    endloop
  endfacet
  facet normal 0.321423 -0.946936 0
    outer loop
      vertex 87.2592 2.39134 10
      vertex 87.1106 2.3409 2
      vertex 87.2592 2.39134 2
    endloop
  endfacet
  facet normal -0.997857 -0.065428 0
    outer loop
      vertex 2.31027 3.34337 2
      vertex 2.3 3.5 10
      vertex 2.3 3.5 2
    endloop
  endfacet
  facet normal -0.997857 -0.065428 0
    outer loop
      vertex 2.3 3.5 10
      vertex 2.31027 3.34337 2
      vertex 2.31027 3.34337 10
    endloop
  endfacet
  facet normal -0.831462 0.555582 0
    outer loop
      vertex 2.46077 58.4 2
      vertex 2.54797 58.5305 10
      vertex 2.54797 58.5305 2
    endloop
  endfacet
  facet normal -0.831462 0.555582 0
    outer loop
      vertex 2.54797 58.5305 10
      vertex 2.46077 58.4 2
      vertex 2.46077 58.4 10
    endloop
  endfacet
  facet normal -0.442648 0.896696 0
    outer loop
      vertex 3.04078 58.9087 2
      vertex 2.89999 58.8392 10
      vertex 3.04078 58.9087 10
    endloop
  endfacet
  facet normal -0.442648 0.896696 0
    outer loop
      vertex 2.89999 58.8392 10
      vertex 3.04078 58.9087 2
      vertex 2.89999 58.8392 2
    endloop
  endfacet
  facet normal -0.194952 0.980813 0
    outer loop
      vertex 3.34337 58.9897 2
      vertex 3.18942 58.9591 10
      vertex 3.34337 58.9897 10
    endloop
  endfacet
  facet normal -0.194952 0.980813 0
    outer loop
      vertex 3.18942 58.9591 10
      vertex 3.34337 58.9897 2
      vertex 3.18942 58.9591 2
    endloop
  endfacet
  facet normal -0.321117 0.94704 0
    outer loop
      vertex 3.18942 58.9591 2
      vertex 3.04078 58.9087 10
      vertex 3.18942 58.9591 10
    endloop
  endfacet
  facet normal -0.321117 0.94704 0
    outer loop
      vertex 3.04078 58.9087 10
      vertex 3.18942 58.9591 2
      vertex 3.04078 58.9087 2
    endloop
  endfacet
  facet normal 0.947013 0.321194 0
    outer loop
      vertex 87.9591 58.1106 10
      vertex 87.9087 58.2592 2
      vertex 87.9087 58.2592 10
    endloop
  endfacet
  facet normal 0.947013 0.321194 0
    outer loop
      vertex 87.9087 58.2592 2
      vertex 87.9591 58.1106 10
      vertex 87.9591 58.1106 2
    endloop
  endfacet
  facet normal 0.442264 -0.896885 0
    outer loop
      vertex 87.2592 2.39134 2
      vertex 87.4 2.46077 10
      vertex 87.2592 2.39134 10
    endloop
  endfacet
  facet normal 0.442264 -0.896885 0
    outer loop
      vertex 87.4 2.46077 10
      vertex 87.2592 2.39134 2
      vertex 87.4 2.46077 2
    endloop
  endfacet
  facet normal 0.0654405 -0.997856 0
    outer loop
      vertex 86.8 2.3 2
      vertex 86.9566 2.31027 10
      vertex 86.8 2.3 10
    endloop
  endfacet
  facet normal 0.0654405 -0.997856 0
    outer loop
      vertex 86.9566 2.31027 10
      vertex 86.8 2.3 2
      vertex 86.9566 2.31027 2
    endloop
  endfacet
  facet normal -0.195136 -0.980776 0
    outer loop
      vertex 3.18942 2.3409 2
      vertex 3.34337 2.31027 10
      vertex 3.18942 2.3409 10
    endloop
  endfacet
  facet normal -0.195136 -0.980776 -0
    outer loop
      vertex 3.34337 2.31027 10
      vertex 3.18942 2.3409 2
      vertex 3.34337 2.31027 2
    endloop
  endfacet
  facet normal -0.442289 -0.896873 0
    outer loop
      vertex 2.89999 2.46077 2
      vertex 3.04078 2.39134 10
      vertex 2.89999 2.46077 10
    endloop
  endfacet
  facet normal -0.442289 -0.896873 -0
    outer loop
      vertex 3.04078 2.39134 10
      vertex 2.89999 2.46077 2
      vertex 3.04078 2.39134 2
    endloop
  endfacet
  facet normal -0.555553 -0.831481 0
    outer loop
      vertex 2.76948 2.54797 2
      vertex 2.89999 2.46077 10
      vertex 2.76948 2.54797 10
    endloop
  endfacet
  facet normal -0.555553 -0.831481 -0
    outer loop
      vertex 2.89999 2.46077 10
      vertex 2.76948 2.54797 2
      vertex 2.89999 2.46077 2
    endloop
  endfacet
  facet normal -0.659375 -0.751815 0
    outer loop
      vertex 2.65147 2.65147 2
      vertex 2.76948 2.54797 10
      vertex 2.65147 2.65147 10
    endloop
  endfacet
  facet normal -0.659375 -0.751815 -0
    outer loop
      vertex 2.76948 2.54797 10
      vertex 2.65147 2.65147 2
      vertex 2.76948 2.54797 2
    endloop
  endfacet
  facet normal -0.946916 0.32148 0
    outer loop
      vertex 2.34089 58.1106 2
      vertex 2.39134 58.2592 10
      vertex 2.39134 58.2592 2
    endloop
  endfacet
  facet normal -0.946916 0.32148 0
    outer loop
      vertex 2.39134 58.2592 10
      vertex 2.34089 58.1106 2
      vertex 2.34089 58.1106 10
    endloop
  endfacet
  facet normal -0.751787 0.659406 0
    outer loop
      vertex 2.54797 58.5305 2
      vertex 2.65147 58.6485 10
      vertex 2.65147 58.6485 2
    endloop
  endfacet
  facet normal -0.751787 0.659406 0
    outer loop
      vertex 2.65147 58.6485 10
      vertex 2.54797 58.5305 2
      vertex 2.54797 58.5305 10
    endloop
  endfacet
  facet normal -0.896885 0.442264 0
    outer loop
      vertex 2.39134 58.2592 2
      vertex 2.46077 58.4 10
      vertex 2.46077 58.4 2
    endloop
  endfacet
  facet normal -0.896885 0.442264 0
    outer loop
      vertex 2.46077 58.4 10
      vertex 2.39134 58.2592 2
      vertex 2.39134 58.2592 10
    endloop
  endfacet
  facet normal 0 0 1
    outer loop
      vertex 88 57.3 10
      vertex 86.7966 57.4522 10
      vertex 86.8 57.4 10
    endloop
  endfacet
  facet normal 0 0 1
    outer loop
      vertex 86.9566 58.9897 10
      vertex 86.7864 57.5035 10
      vertex 86.7966 57.4522 10
    endloop
  endfacet
  facet normal 0 0 1
    outer loop
      vertex 86.9566 58.9897 10
      vertex 86.7695 57.5531 10
      vertex 86.7864 57.5035 10
    endloop
  endfacet
  facet normal 0 0 1
    outer loop
      vertex 86.9566 58.9897 10
      vertex 86.7464 57.6 10
      vertex 86.7695 57.5531 10
    endloop
  endfacet
  facet normal 0 0 1
    outer loop
      vertex 86.9566 58.9897 10
      vertex 86.7173 57.6435 10
      vertex 86.7464 57.6 10
    endloop
  endfacet
  facet normal 0 0 1
    outer loop
      vertex 86.9566 58.9897 10
      vertex 86.6828 57.6828 10
      vertex 86.7173 57.6435 10
    endloop
  endfacet
  facet normal 0 0 1
    outer loop
      vertex 86.9566 58.9897 10
      vertex 86.6435 57.7173 10
      vertex 86.6828 57.6828 10
    endloop
  endfacet
  facet normal 0 0 1
    outer loop
      vertex 86.9566 58.9897 10
      vertex 86.6 57.7464 10
      vertex 86.6435 57.7173 10
    endloop
  endfacet
  facet normal 0 0 1
    outer loop
      vertex 86.9566 58.9897 10
      vertex 86.5531 57.7696 10
      vertex 86.6 57.7464 10
    endloop
  endfacet
  facet normal 0 0 1
    outer loop
      vertex 86.8 59 10
      vertex 86.5035 57.7864 10
      vertex 86.5531 57.7696 10
    endloop
  endfacet
  facet normal 0 0 1
    outer loop
      vertex 86.8 59 10
      vertex 86.4522 57.7966 10
      vertex 86.5035 57.7864 10
    endloop
  endfacet
  facet normal 0 0 1
    outer loop
      vertex 86.8 59 10
      vertex 86.4 57.8 10
      vertex 86.4522 57.7966 10
    endloop
  endfacet
  facet normal -0 0 1
    outer loop
      vertex 83.3 59 10
      vertex 86.4 57.8 10
      vertex 86.8 59 10
    endloop
  endfacet
  facet normal 0 0 1
    outer loop
      vertex 86.4 57.8 10
      vertex 83.3 59 10
      vertex 83.3 57.8 10
    endloop
  endfacet
  facet normal 0 0 1
    outer loop
      vertex 86.7966 57.4522 10
      vertex 88 57.8 10
      vertex 87.9897 57.9566 10
    endloop
  endfacet
  facet normal 0 0 1
    outer loop
      vertex 86.7966 57.4522 10
      vertex 87.9897 57.9566 10
      vertex 87.9591 58.1106 10
    endloop
  endfacet
  facet normal 0 0 1
    outer loop
      vertex 86.7966 57.4522 10
      vertex 87.9591 58.1106 10
      vertex 87.9087 58.2592 10
    endloop
  endfacet
  facet normal 0 0 1
    outer loop
      vertex 86.7966 57.4522 10
      vertex 87.9087 58.2592 10
      vertex 87.8392 58.4 10
    endloop
  endfacet
  facet normal 0 0 1
    outer loop
      vertex 86.7966 57.4522 10
      vertex 87.8392 58.4 10
      vertex 87.752 58.5305 10
    endloop
  endfacet
  facet normal 0 0 1
    outer loop
      vertex 86.7966 57.4522 10
      vertex 87.752 58.5305 10
      vertex 87.6485 58.6485 10
    endloop
  endfacet
  facet normal 0 0 1
    outer loop
      vertex 86.7966 57.4522 10
      vertex 87.6485 58.6485 10
      vertex 87.5305 58.752 10
    endloop
  endfacet
  facet normal 0 0 1
    outer loop
      vertex 86.7966 57.4522 10
      vertex 87.5305 58.752 10
      vertex 87.4 58.8392 10
    endloop
  endfacet
  facet normal 0 0 1
    outer loop
      vertex 86.7966 57.4522 10
      vertex 87.4 58.8392 10
      vertex 87.2592 58.9087 10
    endloop
  endfacet
  facet normal 0 0 1
    outer loop
      vertex 86.7966 57.4522 10
      vertex 87.2592 58.9087 10
      vertex 87.1106 58.9591 10
    endloop
  endfacet
  facet normal 0 0 1
    outer loop
      vertex 86.7966 57.4522 10
      vertex 87.1106 58.9591 10
      vertex 86.9566 58.9897 10
    endloop
  endfacet
  facet normal 0 0 1
    outer loop
      vertex 86.5531 57.7696 10
      vertex 86.9566 58.9897 10
      vertex 86.8 59 10
    endloop
  endfacet
  facet normal -0 0 1
    outer loop
      vertex 86.7966 57.4522 10
      vertex 88 57.3 10
      vertex 88 57.8 10
    endloop
  endfacet
  facet normal 0 0 1
    outer loop
      vertex 88 57.3 10
      vertex 86.8 57.4 10
      vertex 86.8 57.3 10
    endloop
  endfacet
  facet normal -0 0 1
    outer loop
      vertex 2.3 7.3 10
      vertex 3.5 3.90001 10
      vertex 3.5 7.3 10
    endloop
  endfacet
  facet normal 0 -0 1
    outer loop
      vertex 2.31027 3.34337 10
      vertex 3.5 3.90001 10
      vertex 2.3 3.5 10
    endloop
  endfacet
  facet normal 0 0 1
    outer loop
      vertex 3.5 3.90001 10
      vertex 3.34337 2.31027 10
      vertex 3.5 2.3 10
    endloop
  endfacet
  facet normal 0 0 1
    outer loop
      vertex 3.5 3.90001 10
      vertex 3.18942 2.3409 10
      vertex 3.34337 2.31027 10
    endloop
  endfacet
  facet normal 0 0 1
    outer loop
      vertex 3.5 3.90001 10
      vertex 3.04078 2.39134 10
      vertex 3.18942 2.3409 10
    endloop
  endfacet
  facet normal 0 0 1
    outer loop
      vertex 3.5 3.90001 10
      vertex 2.89999 2.46077 10
      vertex 3.04078 2.39134 10
    endloop
  endfacet
  facet normal 0 0 1
    outer loop
      vertex 3.5 3.90001 10
      vertex 2.76948 2.54797 10
      vertex 2.89999 2.46077 10
    endloop
  endfacet
  facet normal 0 0 1
    outer loop
      vertex 3.5 3.90001 10
      vertex 2.65147 2.65147 10
      vertex 2.76948 2.54797 10
    endloop
  endfacet
  facet normal 0 0 1
    outer loop
      vertex 3.5 3.90001 10
      vertex 2.54797 2.76949 10
      vertex 2.65147 2.65147 10
    endloop
  endfacet
  facet normal 0 0 1
    outer loop
      vertex 3.5 3.90001 10
      vertex 2.46077 2.89999 10
      vertex 2.54797 2.76949 10
    endloop
  endfacet
  facet normal 0 0 1
    outer loop
      vertex 3.5 3.90001 10
      vertex 2.39134 3.04079 10
      vertex 2.46077 2.89999 10
    endloop
  endfacet
  facet normal 0 0 1
    outer loop
      vertex 3.5 3.90001 10
      vertex 2.34089 3.18942 10
      vertex 2.39134 3.04079 10
    endloop
  endfacet
  facet normal 0 0 1
    outer loop
      vertex 3.5 3.90001 10
      vertex 2.3 7.3 10
      vertex 2.3 3.5 10
    endloop
  endfacet
  facet normal 0 0 1
    outer loop
      vertex 3.5 3.90001 10
      vertex 2.31027 3.34337 10
      vertex 2.34089 3.18942 10
    endloop
  endfacet
  facet normal -0 0 1
    outer loop
      vertex 3.89999 3.50001 10
      vertex 13 2.3 10
      vertex 13 3.50001 10
    endloop
  endfacet
  facet normal 0 0 1
    outer loop
      vertex 3.5 2.3 10
      vertex 3.89999 3.50001 10
      vertex 3.84778 3.50343 10
    endloop
  endfacet
  facet normal 0 0 1
    outer loop
      vertex 3.89999 3.50001 10
      vertex 3.5 2.3 10
      vertex 13 2.3 10
    endloop
  endfacet
  facet normal 0 0 1
    outer loop
      vertex 3.79646 3.51364 10
      vertex 3.5 2.3 10
      vertex 3.84778 3.50343 10
    endloop
  endfacet
  facet normal 0 0 1
    outer loop
      vertex 3.74692 3.53045 10
      vertex 3.5 2.3 10
      vertex 3.79646 3.51364 10
    endloop
  endfacet
  facet normal 0 0 1
    outer loop
      vertex 3.7 3.5536 10
      vertex 3.5 2.3 10
      vertex 3.74692 3.53045 10
    endloop
  endfacet
  facet normal 0 0 1
    outer loop
      vertex 3.65649 3.58267 10
      vertex 3.5 2.3 10
      vertex 3.7 3.5536 10
    endloop
  endfacet
  facet normal 0 0 1
    outer loop
      vertex 3.61716 3.61717 10
      vertex 3.5 2.3 10
      vertex 3.65649 3.58267 10
    endloop
  endfacet
  facet normal 0 0 1
    outer loop
      vertex 3.58266 3.65651 10
      vertex 3.5 2.3 10
      vertex 3.61716 3.61717 10
    endloop
  endfacet
  facet normal 0 0 1
    outer loop
      vertex 3.55359 3.70001 10
      vertex 3.5 2.3 10
      vertex 3.58266 3.65651 10
    endloop
  endfacet
  facet normal 0 0 1
    outer loop
      vertex 3.53044 3.74693 10
      vertex 3.5 2.3 10
      vertex 3.55359 3.70001 10
    endloop
  endfacet
  facet normal 0 0 1
    outer loop
      vertex 3.51363 3.79648 10
      vertex 3.5 2.3 10
      vertex 3.53044 3.74693 10
    endloop
  endfacet
  facet normal 0 0 1
    outer loop
      vertex 3.50342 3.84779 10
      vertex 3.5 2.3 10
      vertex 3.51363 3.79648 10
    endloop
  endfacet
  facet normal 0 0 1
    outer loop
      vertex 3.5 2.3 10
      vertex 3.50342 3.84779 10
      vertex 3.5 3.90001 10
    endloop
  endfacet
  facet normal 0 0 1
    outer loop
      vertex 7 59 10
      vertex 3.89999 57.8 10
      vertex 7 57.8 10
    endloop
  endfacet
  facet normal -0 0 1
    outer loop
      vertex 3.5 59 10
      vertex 3.89999 57.8 10
      vertex 7 59 10
    endloop
  endfacet
  facet normal 0 0 1
    outer loop
      vertex 3.89999 57.8 10
      vertex 3.5 59 10
      vertex 3.84778 57.7966 10
    endloop
  endfacet
  facet normal 0 0 1
    outer loop
      vertex 3.84778 57.7966 10
      vertex 3.5 59 10
      vertex 3.79646 57.7864 10
    endloop
  endfacet
  facet normal 0 0 1
    outer loop
      vertex 3.79646 57.7864 10
      vertex 3.5 59 10
      vertex 3.74692 57.7696 10
    endloop
  endfacet
  facet normal -0 0 1
    outer loop
      vertex 3.34337 58.9897 10
      vertex 3.74692 57.7696 10
      vertex 3.5 59 10
    endloop
  endfacet
  facet normal 0 0 1
    outer loop
      vertex 3.74692 57.7696 10
      vertex 3.34337 58.9897 10
      vertex 3.7 57.7464 10
    endloop
  endfacet
  facet normal -0 0 1
    outer loop
      vertex 3.18942 58.9591 10
      vertex 3.7 57.7464 10
      vertex 3.34337 58.9897 10
    endloop
  endfacet
  facet normal -0 0 1
    outer loop
      vertex 3.04078 58.9087 10
      vertex 3.7 57.7464 10
      vertex 3.18942 58.9591 10
    endloop
  endfacet
  facet normal 0 0 1
    outer loop
      vertex 3.7 57.7464 10
      vertex 3.04078 58.9087 10
      vertex 3.65649 57.7173 10
    endloop
  endfacet
  facet normal -0 0 1
    outer loop
      vertex 2.89999 58.8392 10
      vertex 3.65649 57.7173 10
      vertex 3.04078 58.9087 10
    endloop
  endfacet
  facet normal -0 0 1
    outer loop
      vertex 2.76948 58.752 10
      vertex 3.65649 57.7173 10
      vertex 2.89999 58.8392 10
    endloop
  endfacet
  facet normal 0 0 1
    outer loop
      vertex 3.65649 57.7173 10
      vertex 2.76948 58.752 10
      vertex 3.61716 57.6828 10
    endloop
  endfacet
  facet normal -0 0 1
    outer loop
      vertex 2.65147 58.6485 10
      vertex 3.61716 57.6828 10
      vertex 2.76948 58.752 10
    endloop
  endfacet
  facet normal -0 0 1
    outer loop
      vertex 2.54797 58.5305 10
      vertex 3.61716 57.6828 10
      vertex 2.65147 58.6485 10
    endloop
  endfacet
  facet normal 0 0 1
    outer loop
      vertex 3.61716 57.6828 10
      vertex 2.54797 58.5305 10
      vertex 3.58266 57.6435 10
    endloop
  endfacet
  facet normal -0 0 1
    outer loop
      vertex 2.46077 58.4 10
      vertex 3.58266 57.6435 10
      vertex 2.54797 58.5305 10
    endloop
  endfacet
  facet normal -0 0 1
    outer loop
      vertex 2.39134 58.2592 10
      vertex 3.58266 57.6435 10
      vertex 2.46077 58.4 10
    endloop
  endfacet
  facet normal 0 0 1
    outer loop
      vertex 3.58266 57.6435 10
      vertex 2.39134 58.2592 10
      vertex 3.55359 57.6 10
    endloop
  endfacet
  facet normal -0 0 1
    outer loop
      vertex 2.34089 58.1106 10
      vertex 3.55359 57.6 10
      vertex 2.39134 58.2592 10
    endloop
  endfacet
  facet normal -0 0 1
    outer loop
      vertex 2.31027 57.9566 10
      vertex 3.55359 57.6 10
      vertex 2.34089 58.1106 10
    endloop
  endfacet
  facet normal 0 0 1
    outer loop
      vertex 3.55359 57.6 10
      vertex 2.31027 57.9566 10
      vertex 3.53044 57.5531 10
    endloop
  endfacet
  facet normal -0 0 1
    outer loop
      vertex 2.3 57.8 10
      vertex 3.53044 57.5531 10
      vertex 2.31027 57.9566 10
    endloop
  endfacet
  facet normal 0 0 1
    outer loop
      vertex 3.53044 57.5531 10
      vertex 2.3 57.8 10
      vertex 3.51363 57.5035 10
    endloop
  endfacet
  facet normal 0 0 1
    outer loop
      vertex 3.51363 57.5035 10
      vertex 2.3 57.8 10
      vertex 3.50342 57.4522 10
    endloop
  endfacet
  facet normal 0 0 1
    outer loop
      vertex 3.50342 57.4522 10
      vertex 2.3 57.8 10
      vertex 3.5 57.4 10
    endloop
  endfacet
  facet normal 0 0 1
    outer loop
      vertex 2.3 55.3 10
      vertex 3.5 57.4 10
      vertex 2.3 57.8 10
    endloop
  endfacet
  facet normal 0 0 1
    outer loop
      vertex 3.5 57.4 10
      vertex 2.3 55.3 10
      vertex 3.5 55.3 10
    endloop
  endfacet
  facet normal -0 0 1
    outer loop
      vertex 86.7966 3.84779 10
      vertex 88 3.5 10
      vertex 88 4 10
    endloop
  endfacet
  facet normal -0 0 1
    outer loop
      vertex 86.7695 3.74693 10
      vertex 88 3.5 10
      vertex 86.7864 3.79648 10
    endloop
  endfacet
  facet normal 0 0 1
    outer loop
      vertex 88 3.5 10
      vertex 86.7695 3.74693 10
      vertex 87.9897 3.34337 10
    endloop
  endfacet
  facet normal -0 0 1
    outer loop
      vertex 86.7464 3.70001 10
      vertex 87.9897 3.34337 10
      vertex 86.7695 3.74693 10
    endloop
  endfacet
  facet normal 0 0 1
    outer loop
      vertex 87.9591 3.18942 10
      vertex 86.7464 3.70001 10
      vertex 87.9087 3.04079 10
    endloop
  endfacet
  facet normal -0 0 1
    outer loop
      vertex 86.7173 3.65651 10
      vertex 87.9087 3.04079 10
      vertex 86.7464 3.70001 10
    endloop
  endfacet
  facet normal 0 0 1
    outer loop
      vertex 87.9087 3.04079 10
      vertex 86.7173 3.65651 10
      vertex 87.8392 2.89999 10
    endloop
  endfacet
  facet normal -0 0 1
    outer loop
      vertex 86.6828 3.61717 10
      vertex 87.752 2.76949 10
      vertex 86.7173 3.65651 10
    endloop
  endfacet
  facet normal 0 0 1
    outer loop
      vertex 87.752 2.76949 10
      vertex 86.6828 3.61717 10
      vertex 87.6485 2.65147 10
    endloop
  endfacet
  facet normal 0 0 1
    outer loop
      vertex 87.6485 2.65147 10
      vertex 86.6828 3.61717 10
      vertex 87.5305 2.54797 10
    endloop
  endfacet
  facet normal -0 0 1
    outer loop
      vertex 86.6435 3.58267 10
      vertex 87.5305 2.54797 10
      vertex 86.6828 3.61717 10
    endloop
  endfacet
  facet normal 0 0 1
    outer loop
      vertex 87.4 2.46077 10
      vertex 86.6435 3.58267 10
      vertex 87.2592 2.39134 10
    endloop
  endfacet
  facet normal 0 0 1
    outer loop
      vertex 86.8 3.90001 10
      vertex 88 4 10
      vertex 86.8 4 10
    endloop
  endfacet
  facet normal 0 0 1
    outer loop
      vertex 86.7966 3.84779 10
      vertex 88 4 10
      vertex 86.8 3.90001 10
    endloop
  endfacet
  facet normal 0 0 1
    outer loop
      vertex 88 3.5 10
      vertex 86.7966 3.84779 10
      vertex 86.7864 3.79648 10
    endloop
  endfacet
  facet normal 0 0 1
    outer loop
      vertex 87.9897 3.34337 10
      vertex 86.7464 3.70001 10
      vertex 87.9591 3.18942 10
    endloop
  endfacet
  facet normal 0 0 1
    outer loop
      vertex 87.8392 2.89999 10
      vertex 86.7173 3.65651 10
      vertex 87.752 2.76949 10
    endloop
  endfacet
  facet normal 0 0 1
    outer loop
      vertex 87.5305 2.54797 10
      vertex 86.6435 3.58267 10
      vertex 87.4 2.46077 10
    endloop
  endfacet
  facet normal -0 0 1
    outer loop
      vertex 86.6 3.5536 10
      vertex 87.2592 2.39134 10
      vertex 86.6435 3.58267 10
    endloop
  endfacet
  facet normal 0 0 1
    outer loop
      vertex 87.2592 2.39134 10
      vertex 86.6 3.5536 10
      vertex 87.1106 2.3409 10
    endloop
  endfacet
  facet normal 0 0 1
    outer loop
      vertex 87.1106 2.3409 10
      vertex 86.6 3.5536 10
      vertex 86.9566 2.31027 10
    endloop
  endfacet
  facet normal -0 0 1
    outer loop
      vertex 86.5531 3.53045 10
      vertex 86.9566 2.31027 10
      vertex 86.6 3.5536 10
    endloop
  endfacet
  facet normal 0 0 1
    outer loop
      vertex 86.9566 2.31027 10
      vertex 86.5531 3.53045 10
      vertex 86.8 2.3 10
    endloop
  endfacet
  facet normal -0 0 1
    outer loop
      vertex 86.5035 3.51364 10
      vertex 86.8 2.3 10
      vertex 86.5531 3.53045 10
    endloop
  endfacet
  facet normal -0 0 1
    outer loop
      vertex 86.4522 3.50343 10
      vertex 86.8 2.3 10
      vertex 86.5035 3.51364 10
    endloop
  endfacet
  facet normal -0 0 1
    outer loop
      vertex 86.4 3.50001 10
      vertex 86.8 2.3 10
      vertex 86.4522 3.50343 10
    endloop
  endfacet
  facet normal 0 0 1
    outer loop
      vertex 77 2.3 10
      vertex 86.4 3.50001 10
      vertex 77 3.50001 10
    endloop
  endfacet
  facet normal 0 0 1
    outer loop
      vertex 86.4 3.50001 10
      vertex 77 2.3 10
      vertex 86.8 2.3 10
    endloop
  endfacet
  facet normal -0 0 1
    outer loop
      vertex 14 3.50001 10
      vertex 20 2.3 10
      vertex 20 3.50001 10
    endloop
  endfacet
  facet normal 0 0 1
    outer loop
      vertex 20 2.3 10
      vertex 14 3.50001 10
      vertex 14 2.3 10
    endloop
  endfacet
  facet normal -0 0 1
    outer loop
      vertex 21 3.50001 10
      vertex 69 2.3 10
      vertex 69 3.50001 10
    endloop
  endfacet
  facet normal 0 0 1
    outer loop
      vertex 69 2.3 10
      vertex 21 3.50001 10
      vertex 21 2.3 10
    endloop
  endfacet
  facet normal -0 0 1
    outer loop
      vertex 70 3.50001 10
      vertex 76 2.3 10
      vertex 76 3.50001 10
    endloop
  endfacet
  facet normal 0 0 1
    outer loop
      vertex 76 2.3 10
      vertex 70 3.50001 10
      vertex 70 2.3 10
    endloop
  endfacet
  facet normal -0 0 1
    outer loop
      vertex 2.3 54.3 10
      vertex 3.5 48.3 10
      vertex 3.5 54.3 10
    endloop
  endfacet
  facet normal 0 0 1
    outer loop
      vertex 3.5 48.3 10
      vertex 2.3 54.3 10
      vertex 2.3 48.3 10
    endloop
  endfacet
  facet normal -0 0 1
    outer loop
      vertex 2.3 47.3 10
      vertex 3.5 15.3 10
      vertex 3.5 47.3 10
    endloop
  endfacet
  facet normal 0 0 1
    outer loop
      vertex 3.5 15.3 10
      vertex 2.3 47.3 10
      vertex 2.3 15.3 10
    endloop
  endfacet
  facet normal -0 0 1
    outer loop
      vertex 2.3 14.3 10
      vertex 3.5 8.3 10
      vertex 3.5 14.3 10
    endloop
  endfacet
  facet normal 0 0 1
    outer loop
      vertex 3.5 8.3 10
      vertex 2.3 14.3 10
      vertex 2.3 8.3 10
    endloop
  endfacet
  facet normal 0.751787 0.659406 0
    outer loop
      vertex 87.752 58.5305 10
      vertex 87.6485 58.6485 2
      vertex 87.6485 58.6485 10
    endloop
  endfacet
  facet normal 0.751787 0.659406 0
    outer loop
      vertex 87.6485 58.6485 2
      vertex 87.752 58.5305 10
      vertex 87.752 58.5305 2
    endloop
  endfacet
  facet normal 0.555582 0.831462 -0
    outer loop
      vertex 87.5305 58.752 2
      vertex 87.4 58.8392 10
      vertex 87.5305 58.752 10
    endloop
  endfacet
  facet normal 0.555582 0.831462 0
    outer loop
      vertex 87.4 58.8392 10
      vertex 87.5305 58.752 2
      vertex 87.4 58.8392 2
    endloop
  endfacet
  facet normal 0.997844 0.0656309 0
    outer loop
      vertex 88 57.8 10
      vertex 87.9897 57.9566 2
      vertex 87.9897 57.9566 10
    endloop
  endfacet
  facet normal 0.997844 0.0656309 0
    outer loop
      vertex 87.9897 57.9566 2
      vertex 88 57.8 10
      vertex 88 57.8 2
    endloop
  endfacet
  facet normal 0.195075 -0.980788 0
    outer loop
      vertex 86.9566 2.31027 2
      vertex 87.1106 2.3409 10
      vertex 86.9566 2.31027 10
    endloop
  endfacet
  facet normal 0.195075 -0.980788 0
    outer loop
      vertex 87.1106 2.3409 10
      vertex 86.9566 2.31027 2
      vertex 87.1106 2.3409 2
    endloop
  endfacet
  facet normal -0.321345 -0.946962 0
    outer loop
      vertex 3.04078 2.39134 2
      vertex 3.18942 2.3409 10
      vertex 3.04078 2.39134 10
    endloop
  endfacet
  facet normal -0.321345 -0.946962 -0
    outer loop
      vertex 3.18942 2.3409 10
      vertex 3.04078 2.39134 2
      vertex 3.18942 2.3409 2
    endloop
  endfacet
  facet normal -0.751842 -0.659343 0
    outer loop
      vertex 2.65147 2.65147 2
      vertex 2.54797 2.76949 10
      vertex 2.54797 2.76949 2
    endloop
  endfacet
  facet normal -0.751842 -0.659343 0
    outer loop
      vertex 2.54797 2.76949 10
      vertex 2.65147 2.65147 2
      vertex 2.65147 2.65147 10
    endloop
  endfacet
  facet normal -0.896885 -0.442264 0
    outer loop
      vertex 2.46077 2.89999 2
      vertex 2.39134 3.04079 10
      vertex 2.39134 3.04079 2
    endloop
  endfacet
  facet normal -0.896885 -0.442264 0
    outer loop
      vertex 2.39134 3.04079 10
      vertex 2.46077 2.89999 2
      vertex 2.46077 2.89999 10
    endloop
  endfacet
  facet normal -0.831462 -0.555582 0
    outer loop
      vertex 2.54797 2.76949 2
      vertex 2.46077 2.89999 10
      vertex 2.46077 2.89999 2
    endloop
  endfacet
  facet normal -0.831462 -0.555582 0
    outer loop
      vertex 2.46077 2.89999 10
      vertex 2.54797 2.76949 2
      vertex 2.54797 2.76949 10
    endloop
  endfacet
  facet normal -0.980801 0.195014 0
    outer loop
      vertex 2.31027 57.9566 2
      vertex 2.34089 58.1106 10
      vertex 2.34089 58.1106 2
    endloop
  endfacet
  facet normal -0.980801 0.195014 0
    outer loop
      vertex 2.34089 58.1106 10
      vertex 2.31027 57.9566 2
      vertex 2.31027 57.9566 10
    endloop
  endfacet
  facet normal 0.896708 -0.442622 0
    outer loop
      vertex 87.8392 2.89999 10
      vertex 87.9087 3.04079 2
      vertex 87.9087 3.04079 10
    endloop
  endfacet
  facet normal 0.896708 -0.442622 0
    outer loop
      vertex 87.9087 3.04079 2
      vertex 87.8392 2.89999 10
      vertex 87.8392 2.89999 2
    endloop
  endfacet
  facet normal 0.831462 -0.555582 0
    outer loop
      vertex 87.752 2.76949 10
      vertex 87.8392 2.89999 2
      vertex 87.8392 2.89999 10
    endloop
  endfacet
  facet normal 0.831462 -0.555582 0
    outer loop
      vertex 87.8392 2.89999 2
      vertex 87.752 2.76949 10
      vertex 87.752 2.76949 2
    endloop
  endfacet
  facet normal 0.321194 0.947013 -0
    outer loop
      vertex 87.2592 58.9087 2
      vertex 87.1106 58.9591 10
      vertex 87.2592 58.9087 10
    endloop
  endfacet
  facet normal 0.321194 0.947013 0
    outer loop
      vertex 87.1106 58.9591 10
      vertex 87.2592 58.9087 2
      vertex 87.1106 58.9591 2
    endloop
  endfacet
  facet normal 0.659406 0.751787 -0
    outer loop
      vertex 87.6485 58.6485 2
      vertex 87.5305 58.752 10
      vertex 87.6485 58.6485 10
    endloop
  endfacet
  facet normal 0.659406 0.751787 0
    outer loop
      vertex 87.5305 58.752 10
      vertex 87.6485 58.6485 2
      vertex 87.5305 58.752 2
    endloop
  endfacet
  facet normal 0.442622 0.896708 -0
    outer loop
      vertex 87.4 58.8392 2
      vertex 87.2592 58.9087 10
      vertex 87.4 58.8392 10
    endloop
  endfacet
  facet normal 0.442622 0.896708 0
    outer loop
      vertex 87.2592 58.9087 10
      vertex 87.4 58.8392 2
      vertex 87.2592 58.9087 2
    endloop
  endfacet
  facet normal 0.896708 0.442622 0
    outer loop
      vertex 87.9087 58.2592 10
      vertex 87.8392 58.4 2
      vertex 87.8392 58.4 10
    endloop
  endfacet
  facet normal 0.896708 0.442622 0
    outer loop
      vertex 87.8392 58.4 2
      vertex 87.9087 58.2592 10
      vertex 87.9087 58.2592 2
    endloop
  endfacet
  facet normal -0.946936 -0.321422 0
    outer loop
      vertex 2.39134 3.04079 2
      vertex 2.34089 3.18942 10
      vertex 2.34089 3.18942 2
    endloop
  endfacet
  facet normal -0.946936 -0.321422 0
    outer loop
      vertex 2.34089 3.18942 10
      vertex 2.39134 3.04079 2
      vertex 2.39134 3.04079 10
    endloop
  endfacet
  facet normal -0.980788 -0.195075 0
    outer loop
      vertex 2.34089 3.18942 2
      vertex 2.31027 3.34337 10
      vertex 2.31027 3.34337 2
    endloop
  endfacet
  facet normal -0.980788 -0.195075 0
    outer loop
      vertex 2.31027 3.34337 10
      vertex 2.34089 3.18942 2
      vertex 2.34089 3.18942 10
    endloop
  endfacet
  facet normal -0.659375 0.751815 0
    outer loop
      vertex 2.76948 58.752 2
      vertex 2.65147 58.6485 10
      vertex 2.76948 58.752 10
    endloop
  endfacet
  facet normal -0.659375 0.751815 0
    outer loop
      vertex 2.65147 58.6485 10
      vertex 2.76948 58.752 2
      vertex 2.65147 58.6485 2
    endloop
  endfacet
  facet normal 0.947033 -0.321136 0
    outer loop
      vertex 87.9087 3.04079 10
      vertex 87.9591 3.18942 2
      vertex 87.9591 3.18942 10
    endloop
  endfacet
  facet normal 0.947033 -0.321136 0
    outer loop
      vertex 87.9591 3.18942 2
      vertex 87.9087 3.04079 10
      vertex 87.9087 3.04079 2
    endloop
  endfacet
  facet normal 0.980813 -0.194952 0
    outer loop
      vertex 87.9591 3.18942 10
      vertex 87.9897 3.34337 2
      vertex 87.9897 3.34337 10
    endloop
  endfacet
  facet normal 0.980813 -0.194952 0
    outer loop
      vertex 87.9897 3.34337 2
      vertex 87.9591 3.18942 10
      vertex 87.9591 3.18942 2
    endloop
  endfacet
  facet normal 0.997845 -0.0656183 0
    outer loop
      vertex 87.9897 3.34337 10
      vertex 88 3.5 2
      vertex 88 3.5 10
    endloop
  endfacet
  facet normal 0.997845 -0.0656183 0
    outer loop
      vertex 88 3.5 2
      vertex 87.9897 3.34337 10
      vertex 87.9897 3.34337 2
    endloop
  endfacet
  facet normal 0.659406 -0.751787 0
    outer loop
      vertex 87.5305 2.54797 2
      vertex 87.6485 2.65147 10
      vertex 87.5305 2.54797 10
    endloop
  endfacet
  facet normal 0.659406 -0.751787 0
    outer loop
      vertex 87.6485 2.65147 10
      vertex 87.5305 2.54797 2
      vertex 87.6485 2.65147 2
    endloop
  endfacet
  facet normal 0.751842 -0.659343 0
    outer loop
      vertex 87.6485 2.65147 10
      vertex 87.752 2.76949 2
      vertex 87.752 2.76949 10
    endloop
  endfacet
  facet normal 0.751842 -0.659343 0
    outer loop
      vertex 87.752 2.76949 2
      vertex 87.6485 2.65147 10
      vertex 87.6485 2.65147 2
    endloop
  endfacet
  facet normal 0.980825 0.194891 0
    outer loop
      vertex 87.9897 57.9566 10
      vertex 87.9591 58.1106 2
      vertex 87.9591 58.1106 10
    endloop
  endfacet
  facet normal 0.980825 0.194891 0
    outer loop
      vertex 87.9591 58.1106 2
      vertex 87.9897 57.9566 10
      vertex 87.9897 57.9566 2
    endloop
  endfacet
  facet normal 0 -1 0
    outer loop
      vertex 3.89999 57.8 2
      vertex 7 57.8 10
      vertex 3.89999 57.8 10
    endloop
  endfacet
  facet normal 0 -1 -0
    outer loop
      vertex 7 57.8 10
      vertex 3.89999 57.8 2
      vertex 7 57.8 2
    endloop
  endfacet
  facet normal 0 -1 0
    outer loop
      vertex 83.3 57.8 2
      vertex 86.4 57.8 10
      vertex 83.3 57.8 10
    endloop
  endfacet
  facet normal 0 -1 -0
    outer loop
      vertex 86.4 57.8 10
      vertex 83.3 57.8 2
      vertex 86.4 57.8 2
    endloop
  endfacet
  facet normal -0.0649964 -0.997886 0
    outer loop
      vertex 86.4 57.8 2
      vertex 86.4522 57.7966 10
      vertex 86.4 57.8 10
    endloop
  endfacet
  facet normal -0.0649964 -0.997886 -0
    outer loop
      vertex 86.4522 57.7966 10
      vertex 86.4 57.8 2
      vertex 86.4522 57.7966 2
    endloop
  endfacet
  facet normal -0.195013 -0.980801 0
    outer loop
      vertex 86.4522 57.7966 2
      vertex 86.5035 57.7864 10
      vertex 86.4522 57.7966 10
    endloop
  endfacet
  facet normal -0.195013 -0.980801 -0
    outer loop
      vertex 86.5035 57.7864 10
      vertex 86.4522 57.7966 2
      vertex 86.5035 57.7864 2
    endloop
  endfacet
  facet normal 0.0653646 0.997861 -0
    outer loop
      vertex 3.89999 3.50001 2
      vertex 3.84778 3.50343 10
      vertex 3.89999 3.50001 10
    endloop
  endfacet
  facet normal 0.0653646 0.997861 0
    outer loop
      vertex 3.84778 3.50343 10
      vertex 3.89999 3.50001 2
      vertex 3.84778 3.50343 2
    endloop
  endfacet
  facet normal -0.0653771 0.997861 0
    outer loop
      vertex 86.4522 3.50343 2
      vertex 86.4 3.50001 10
      vertex 86.4522 3.50343 10
    endloop
  endfacet
  facet normal -0.0653771 0.997861 0
    outer loop
      vertex 86.4 3.50001 10
      vertex 86.4522 3.50343 2
      vertex 86.4 3.50001 2
    endloop
  endfacet
  facet normal 0 1 -0
    outer loop
      vertex 13 3.50001 2
      vertex 3.89999 3.50001 10
      vertex 13 3.50001 10
    endloop
  endfacet
  facet normal 0 1 0
    outer loop
      vertex 3.89999 3.50001 10
      vertex 13 3.50001 2
      vertex 3.89999 3.50001 2
    endloop
  endfacet
  facet normal 0 1 -0
    outer loop
      vertex 86.4 3.50001 2
      vertex 77 3.50001 10
      vertex 86.4 3.50001 10
    endloop
  endfacet
  facet normal 0 1 0
    outer loop
      vertex 77 3.50001 10
      vertex 86.4 3.50001 2
      vertex 77 3.50001 2
    endloop
  endfacet
  facet normal 0 1 -0
    outer loop
      vertex 20 3.50001 2
      vertex 14 3.50001 10
      vertex 20 3.50001 10
    endloop
  endfacet
  facet normal 0 1 0
    outer loop
      vertex 14 3.50001 10
      vertex 20 3.50001 2
      vertex 14 3.50001 2
    endloop
  endfacet
  facet normal 0 1 -0
    outer loop
      vertex 69 3.50001 2
      vertex 21 3.50001 10
      vertex 69 3.50001 10
    endloop
  endfacet
  facet normal 0 1 0
    outer loop
      vertex 21 3.50001 10
      vertex 69 3.50001 2
      vertex 21 3.50001 2
    endloop
  endfacet
  facet normal 0 1 -0
    outer loop
      vertex 76 3.50001 2
      vertex 70 3.50001 10
      vertex 76 3.50001 10
    endloop
  endfacet
  facet normal 0 1 0
    outer loop
      vertex 70 3.50001 10
      vertex 76 3.50001 2
      vertex 70 3.50001 2
    endloop
  endfacet
  facet normal 0.442467 0.896785 -0
    outer loop
      vertex 3.74692 3.53045 2
      vertex 3.7 3.5536 10
      vertex 3.74692 3.53045 10
    endloop
  endfacet
  facet normal 0.442467 0.896785 0
    outer loop
      vertex 3.7 3.5536 10
      vertex 3.74692 3.53045 2
      vertex 3.7 3.5536 2
    endloop
  endfacet
  facet normal 1 -0 0
    outer loop
      vertex 3.5 3.90001 10
      vertex 3.5 7.3 2
      vertex 3.5 7.3 10
    endloop
  endfacet
  facet normal 1 0 0
    outer loop
      vertex 3.5 7.3 2
      vertex 3.5 3.90001 10
      vertex 3.5 3.90001 2
    endloop
  endfacet
  facet normal 1 -0 0
    outer loop
      vertex 3.5 55.3 10
      vertex 3.5 57.4 2
      vertex 3.5 57.4 10
    endloop
  endfacet
  facet normal 1 0 0
    outer loop
      vertex 3.5 57.4 2
      vertex 3.5 55.3 10
      vertex 3.5 55.3 2
    endloop
  endfacet
  facet normal 1 -0 0
    outer loop
      vertex 3.5 48.3 10
      vertex 3.5 54.3 2
      vertex 3.5 54.3 10
    endloop
  endfacet
  facet normal 1 0 0
    outer loop
      vertex 3.5 54.3 2
      vertex 3.5 48.3 10
      vertex 3.5 48.3 2
    endloop
  endfacet
  facet normal 1 -0 0
    outer loop
      vertex 3.5 15.3 10
      vertex 3.5 47.3 2
      vertex 3.5 47.3 10
    endloop
  endfacet
  facet normal 1 0 0
    outer loop
      vertex 3.5 47.3 2
      vertex 3.5 15.3 10
      vertex 3.5 15.3 2
    endloop
  endfacet
  facet normal 1 -0 0
    outer loop
      vertex 3.5 8.3 10
      vertex 3.5 14.3 2
      vertex 3.5 14.3 10
    endloop
  endfacet
  facet normal 1 0 0
    outer loop
      vertex 3.5 14.3 2
      vertex 3.5 8.3 10
      vertex 3.5 8.3 2
    endloop
  endfacet
  facet normal 0.19494 -0.980815 0
    outer loop
      vertex 3.79646 57.7864 2
      vertex 3.84778 57.7966 10
      vertex 3.79646 57.7864 10
    endloop
  endfacet
  facet normal 0.19494 -0.980815 0
    outer loop
      vertex 3.84778 57.7966 10
      vertex 3.79646 57.7864 2
      vertex 3.84778 57.7966 2
    endloop
  endfacet
  facet normal 0.321156 -0.947026 0
    outer loop
      vertex 3.74692 57.7696 2
      vertex 3.79646 57.7864 10
      vertex 3.74692 57.7696 10
    endloop
  endfacet
  facet normal 0.321156 -0.947026 0
    outer loop
      vertex 3.79646 57.7864 10
      vertex 3.74692 57.7696 2
      vertex 3.79646 57.7864 2
    endloop
  endfacet
  facet normal -1 0 0
    outer loop
      vertex 86.8 3.90001 2
      vertex 86.8 4 10
      vertex 86.8 4 2
    endloop
  endfacet
  facet normal -1 -0 0
    outer loop
      vertex 86.8 4 10
      vertex 86.8 3.90001 2
      vertex 86.8 3.90001 10
    endloop
  endfacet
  facet normal -1 0 0
    outer loop
      vertex 86.8 57.3 2
      vertex 86.8 57.4 10
      vertex 86.8 57.4 2
    endloop
  endfacet
  facet normal -1 -0 0
    outer loop
      vertex 86.8 57.4 10
      vertex 86.8 57.3 2
      vertex 86.8 57.3 10
    endloop
  endfacet
  facet normal -0.555626 0.831432 0
    outer loop
      vertex 86.6435 3.58267 2
      vertex 86.6 3.5536 10
      vertex 86.6435 3.58267 10
    endloop
  endfacet
  facet normal -0.555626 0.831432 0
    outer loop
      vertex 86.6 3.5536 10
      vertex 86.6435 3.58267 2
      vertex 86.6 3.5536 2
    endloop
  endfacet
  facet normal 0.997862 0.0653521 0
    outer loop
      vertex 3.50342 3.84779 10
      vertex 3.5 3.90001 2
      vertex 3.5 3.90001 10
    endloop
  endfacet
  facet normal 0.997862 0.0653521 0
    outer loop
      vertex 3.5 3.90001 2
      vertex 3.50342 3.84779 10
      vertex 3.50342 3.84779 2
    endloop
  endfacet
  facet normal 0.555934 -0.831226 0
    outer loop
      vertex 3.65649 57.7173 2
      vertex 3.7 57.7464 10
      vertex 3.65649 57.7173 10
    endloop
  endfacet
  facet normal 0.555934 -0.831226 0
    outer loop
      vertex 3.7 57.7464 10
      vertex 3.65649 57.7173 2
      vertex 3.7 57.7464 2
    endloop
  endfacet
  facet normal 0.997861 -0.0653771 0
    outer loop
      vertex 3.5 57.4 10
      vertex 3.50342 57.4522 2
      vertex 3.50342 57.4522 10
    endloop
  endfacet
  facet normal 0.997861 -0.0653771 0
    outer loop
      vertex 3.50342 57.4522 2
      vertex 3.5 57.4 10
      vertex 3.5 57.4 2
    endloop
  endfacet
  facet normal 0.064984 -0.997886 0
    outer loop
      vertex 3.84778 57.7966 2
      vertex 3.89999 57.8 10
      vertex 3.84778 57.7966 10
    endloop
  endfacet
  facet normal 0.064984 -0.997886 0
    outer loop
      vertex 3.89999 57.8 10
      vertex 3.84778 57.7966 2
      vertex 3.89999 57.8 2
    endloop
  endfacet
  facet normal -0.195197 0.980764 0
    outer loop
      vertex 86.5035 3.51364 2
      vertex 86.4522 3.50343 10
      vertex 86.5035 3.51364 10
    endloop
  endfacet
  facet normal -0.195197 0.980764 0
    outer loop
      vertex 86.4522 3.50343 10
      vertex 86.5035 3.51364 2
      vertex 86.4522 3.50343 2
    endloop
  endfacet
  facet normal -0.320978 0.947087 0
    outer loop
      vertex 86.5531 3.53045 2
      vertex 86.5035 3.51364 10
      vertex 86.5531 3.53045 10
    endloop
  endfacet
  facet normal -0.320978 0.947087 0
    outer loop
      vertex 86.5035 3.51364 10
      vertex 86.5531 3.53045 2
      vertex 86.5035 3.51364 2
    endloop
  endfacet
  facet normal -0.442619 0.89671 0
    outer loop
      vertex 86.6 3.5536 2
      vertex 86.5531 3.53045 10
      vertex 86.6 3.5536 10
    endloop
  endfacet
  facet normal -0.442619 0.89671 0
    outer loop
      vertex 86.5531 3.53045 10
      vertex 86.6 3.5536 2
      vertex 86.5531 3.53045 2
    endloop
  endfacet
  facet normal 0.555538 0.831491 -0
    outer loop
      vertex 3.7 3.5536 2
      vertex 3.65649 3.58267 10
      vertex 3.7 3.5536 10
    endloop
  endfacet
  facet normal 0.555538 0.831491 0
    outer loop
      vertex 3.65649 3.58267 10
      vertex 3.7 3.5536 2
      vertex 3.65649 3.58267 2
    endloop
  endfacet
  facet normal 0.980771 0.19516 0
    outer loop
      vertex 3.51363 3.79648 10
      vertex 3.50342 3.84779 2
      vertex 3.50342 3.84779 10
    endloop
  endfacet
  facet normal 0.980771 0.19516 0
    outer loop
      vertex 3.50342 3.84779 2
      vertex 3.51363 3.79648 10
      vertex 3.51363 3.79648 2
    endloop
  endfacet
  facet normal 0.443235 -0.896405 0
    outer loop
      vertex 3.7 57.7464 2
      vertex 3.74692 57.7696 10
      vertex 3.7 57.7464 10
    endloop
  endfacet
  facet normal 0.443235 -0.896405 0
    outer loop
      vertex 3.74692 57.7696 10
      vertex 3.7 57.7464 2
      vertex 3.74692 57.7696 2
    endloop
  endfacet
  facet normal 0.659438 -0.751759 0
    outer loop
      vertex 3.61716 57.6828 2
      vertex 3.65649 57.7173 10
      vertex 3.61716 57.6828 10
    endloop
  endfacet
  facet normal 0.659438 -0.751759 0
    outer loop
      vertex 3.65649 57.7173 10
      vertex 3.61716 57.6828 2
      vertex 3.65649 57.7173 2
    endloop
  endfacet
  facet normal -0.897164 0.441698 0
    outer loop
      vertex 86.7464 3.70001 2
      vertex 86.7695 3.74693 10
      vertex 86.7695 3.74693 2
    endloop
  endfacet
  facet normal -0.897164 0.441698 0
    outer loop
      vertex 86.7695 3.74693 10
      vertex 86.7464 3.70001 2
      vertex 86.7464 3.70001 10
    endloop
  endfacet
  facet normal -0.831167 -0.556022 0
    outer loop
      vertex 86.7464 57.6 2
      vertex 86.7173 57.6435 10
      vertex 86.7173 57.6435 2
    endloop
  endfacet
  facet normal -0.831167 -0.556022 0
    outer loop
      vertex 86.7173 57.6435 10
      vertex 86.7464 57.6 2
      vertex 86.7464 57.6 10
    endloop
  endfacet
  facet normal -0.320807 -0.947145 0
    outer loop
      vertex 86.5035 57.7864 2
      vertex 86.5531 57.7696 10
      vertex 86.5035 57.7864 10
    endloop
  endfacet
  facet normal -0.320807 -0.947145 -0
    outer loop
      vertex 86.5531 57.7696 10
      vertex 86.5035 57.7864 2
      vertex 86.5531 57.7696 2
    endloop
  endfacet
  facet normal 0.946988 0.321269 0
    outer loop
      vertex 3.53044 3.74693 10
      vertex 3.51363 3.79648 2
      vertex 3.51363 3.79648 10
    endloop
  endfacet
  facet normal 0.946988 0.321269 0
    outer loop
      vertex 3.51363 3.79648 2
      vertex 3.53044 3.74693 10
      vertex 3.53044 3.74693 2
    endloop
  endfacet
  facet normal 0.75151 -0.659722 0
    outer loop
      vertex 3.58266 57.6435 10
      vertex 3.61716 57.6828 2
      vertex 3.61716 57.6828 10
    endloop
  endfacet
  facet normal 0.75151 -0.659722 0
    outer loop
      vertex 3.61716 57.6828 2
      vertex 3.58266 57.6435 10
      vertex 3.58266 57.6435 2
    endloop
  endfacet
  facet normal 0.831432 -0.555626 0
    outer loop
      vertex 3.55359 57.6 10
      vertex 3.58266 57.6435 2
      vertex 3.58266 57.6435 10
    endloop
  endfacet
  facet normal 0.831432 -0.555626 0
    outer loop
      vertex 3.58266 57.6435 2
      vertex 3.55359 57.6 10
      vertex 3.55359 57.6 2
    endloop
  endfacet
  facet normal -0.997887 0.0649716 0
    outer loop
      vertex 86.7966 3.84779 2
      vertex 86.8 3.90001 10
      vertex 86.8 3.90001 2
    endloop
  endfacet
  facet normal -0.997887 0.0649716 0
    outer loop
      vertex 86.8 3.90001 10
      vertex 86.7966 3.84779 2
      vertex 86.7966 3.84779 10
    endloop
  endfacet
  facet normal -0.897089 -0.44185 0
    outer loop
      vertex 86.7695 57.5531 2
      vertex 86.7464 57.6 10
      vertex 86.7464 57.6 2
    endloop
  endfacet
  facet normal -0.897089 -0.44185 0
    outer loop
      vertex 86.7464 57.6 10
      vertex 86.7695 57.5531 2
      vertex 86.7695 57.5531 10
    endloop
  endfacet
  facet normal -0.997886 -0.0649964 0
    outer loop
      vertex 86.8 57.4 2
      vertex 86.7966 57.4522 10
      vertex 86.7966 57.4522 2
    endloop
  endfacet
  facet normal -0.997886 -0.0649964 0
    outer loop
      vertex 86.7966 57.4522 10
      vertex 86.8 57.4 2
      vertex 86.8 57.4 10
    endloop
  endfacet
  facet normal -0.659722 -0.75151 0
    outer loop
      vertex 86.6435 57.7173 2
      vertex 86.6828 57.6828 10
      vertex 86.6435 57.7173 10
    endloop
  endfacet
  facet normal -0.659722 -0.75151 -0
    outer loop
      vertex 86.6828 57.6828 10
      vertex 86.6435 57.7173 2
      vertex 86.6828 57.6828 2
    endloop
  endfacet
  facet normal -0.75151 -0.659722 0
    outer loop
      vertex 86.7173 57.6435 2
      vertex 86.6828 57.6828 10
      vertex 86.6828 57.6828 2
    endloop
  endfacet
  facet normal -0.75151 -0.659722 0
    outer loop
      vertex 86.6828 57.6828 10
      vertex 86.7173 57.6435 2
      vertex 86.7173 57.6435 10
    endloop
  endfacet
  facet normal -0.443387 -0.89633 0
    outer loop
      vertex 86.5531 57.7696 2
      vertex 86.6 57.7464 10
      vertex 86.5531 57.7696 10
    endloop
  endfacet
  facet normal -0.443387 -0.89633 -0
    outer loop
      vertex 86.6 57.7464 10
      vertex 86.5531 57.7696 2
      vertex 86.6 57.7464 2
    endloop
  endfacet
  facet normal 0.751842 0.659343 0
    outer loop
      vertex 3.61716 3.61717 10
      vertex 3.58266 3.65651 2
      vertex 3.58266 3.65651 10
    endloop
  endfacet
  facet normal 0.751842 0.659343 0
    outer loop
      vertex 3.58266 3.65651 2
      vertex 3.61716 3.61717 10
      vertex 3.61716 3.61717 2
    endloop
  endfacet
  facet normal 0.659438 0.751759 -0
    outer loop
      vertex 3.65649 3.58267 2
      vertex 3.61716 3.61717 10
      vertex 3.65649 3.58267 10
    endloop
  endfacet
  facet normal 0.659438 0.751759 0
    outer loop
      vertex 3.61716 3.61717 10
      vertex 3.65649 3.58267 2
      vertex 3.61716 3.61717 2
    endloop
  endfacet
  facet normal 0.896785 0.442467 0
    outer loop
      vertex 3.55359 3.70001 10
      vertex 3.53044 3.74693 2
      vertex 3.53044 3.74693 10
    endloop
  endfacet
  facet normal 0.896785 0.442467 0
    outer loop
      vertex 3.53044 3.74693 2
      vertex 3.55359 3.70001 10
      vertex 3.55359 3.70001 2
    endloop
  endfacet
  facet normal 0.831432 0.555626 0
    outer loop
      vertex 3.58266 3.65651 10
      vertex 3.55359 3.70001 2
      vertex 3.55359 3.70001 10
    endloop
  endfacet
  facet normal 0.831432 0.555626 0
    outer loop
      vertex 3.55359 3.70001 2
      vertex 3.58266 3.65651 10
      vertex 3.58266 3.65651 2
    endloop
  endfacet
  facet normal 0.89671 -0.442619 0
    outer loop
      vertex 3.53044 57.5531 10
      vertex 3.55359 57.6 2
      vertex 3.55359 57.6 10
    endloop
  endfacet
  facet normal 0.89671 -0.442619 0
    outer loop
      vertex 3.55359 57.6 2
      vertex 3.53044 57.5531 10
      vertex 3.53044 57.5531 2
    endloop
  endfacet
  facet normal -0.659722 0.75151 0
    outer loop
      vertex 86.6828 3.61717 2
      vertex 86.6435 3.58267 10
      vertex 86.6828 3.61717 10
    endloop
  endfacet
  facet normal -0.659722 0.75151 0
    outer loop
      vertex 86.6435 3.58267 10
      vertex 86.6828 3.61717 2
      vertex 86.6435 3.58267 2
    endloop
  endfacet
  facet normal -0.751842 0.659343 0
    outer loop
      vertex 86.6828 3.61717 2
      vertex 86.7173 3.65651 10
      vertex 86.7173 3.65651 2
    endloop
  endfacet
  facet normal -0.751842 0.659343 0
    outer loop
      vertex 86.7173 3.65651 10
      vertex 86.6828 3.61717 2
      vertex 86.6828 3.61717 10
    endloop
  endfacet
  facet normal -0.831167 0.556022 0
    outer loop
      vertex 86.7173 3.65651 2
      vertex 86.7464 3.70001 10
      vertex 86.7464 3.70001 2
    endloop
  endfacet
  facet normal -0.831167 0.556022 0
    outer loop
      vertex 86.7464 3.70001 10
      vertex 86.7173 3.65651 2
      vertex 86.7173 3.65651 10
    endloop
  endfacet
  facet normal -0.946464 0.32281 0
    outer loop
      vertex 86.7695 3.74693 2
      vertex 86.7864 3.79648 10
      vertex 86.7864 3.79648 2
    endloop
  endfacet
  facet normal -0.946464 0.32281 0
    outer loop
      vertex 86.7864 3.79648 10
      vertex 86.7695 3.74693 2
      vertex 86.7695 3.74693 10
    endloop
  endfacet
  facet normal -0.980808 0.194976 0
    outer loop
      vertex 86.7864 3.79648 2
      vertex 86.7966 3.84779 10
      vertex 86.7966 3.84779 2
    endloop
  endfacet
  facet normal -0.980808 0.194976 0
    outer loop
      vertex 86.7966 3.84779 10
      vertex 86.7864 3.79648 2
      vertex 86.7864 3.79648 10
    endloop
  endfacet
  facet normal -0.980801 -0.195013 0
    outer loop
      vertex 86.7966 57.4522 2
      vertex 86.7864 57.5035 10
      vertex 86.7864 57.5035 2
    endloop
  endfacet
  facet normal -0.980801 -0.195013 0
    outer loop
      vertex 86.7864 57.5035 10
      vertex 86.7966 57.4522 2
      vertex 86.7966 57.4522 10
    endloop
  endfacet
  facet normal -0.946563 -0.322518 0
    outer loop
      vertex 86.7864 57.5035 2
      vertex 86.7695 57.5531 10
      vertex 86.7695 57.5531 2
    endloop
  endfacet
  facet normal -0.946563 -0.322518 0
    outer loop
      vertex 86.7695 57.5531 10
      vertex 86.7864 57.5035 2
      vertex 86.7864 57.5035 10
    endloop
  endfacet
  facet normal -0.556022 -0.831167 0
    outer loop
      vertex 86.6 57.7464 2
      vertex 86.6435 57.7173 10
      vertex 86.6 57.7464 10
    endloop
  endfacet
  facet normal -0.556022 -0.831167 -0
    outer loop
      vertex 86.6435 57.7173 10
      vertex 86.6 57.7464 2
      vertex 86.6435 57.7173 2
    endloop
  endfacet
  facet normal 0.321327 0.946968 -0
    outer loop
      vertex 3.79646 3.51364 2
      vertex 3.74692 3.53045 10
      vertex 3.79646 3.51364 10
    endloop
  endfacet
  facet normal 0.321327 0.946968 0
    outer loop
      vertex 3.74692 3.53045 10
      vertex 3.79646 3.51364 2
      vertex 3.74692 3.53045 2
    endloop
  endfacet
  facet normal 0.195124 0.980779 -0
    outer loop
      vertex 3.84778 3.50343 2
      vertex 3.79646 3.51364 10
      vertex 3.84778 3.50343 10
    endloop
  endfacet
  facet normal 0.195124 0.980779 0
    outer loop
      vertex 3.79646 3.51364 10
      vertex 3.84778 3.50343 2
      vertex 3.79646 3.51364 2
    endloop
  endfacet
  facet normal 0.947087 -0.320978 0
    outer loop
      vertex 3.51363 57.5035 10
      vertex 3.53044 57.5531 2
      vertex 3.53044 57.5531 10
    endloop
  endfacet
  facet normal 0.947087 -0.320978 0
    outer loop
      vertex 3.53044 57.5531 2
      vertex 3.51363 57.5035 10
      vertex 3.51363 57.5035 2
    endloop
  endfacet
  facet normal 0.980764 -0.195197 0
    outer loop
      vertex 3.50342 57.4522 10
      vertex 3.51363 57.5035 2
      vertex 3.51363 57.5035 10
    endloop
  endfacet
  facet normal 0.980764 -0.195197 0
    outer loop
      vertex 3.51363 57.5035 2
      vertex 3.50342 57.4522 10
      vertex 3.50342 57.4522 2
    endloop
  endfacet
  facet normal -1 0 0
    outer loop
      vertex 14 1.75001 8
      vertex 14 2.28 8.46492
      vertex 14 2.28 7.53508
    endloop
  endfacet
  facet normal -1 0 0
    outer loop
      vertex 14 2.28 7.53508
      vertex 14 2.3 8.48247
      vertex 14 2.3 7.51753
    endloop
  endfacet
  facet normal -1 0 0
    outer loop
      vertex 14 2.3 8.48247
      vertex 14 2.28 7.53508
      vertex 14 2.28 8.46492
    endloop
  endfacet
  facet normal -1 0 0
    outer loop
      vertex 14 2.3 7.51753
      vertex 14 3.50001 2
      vertex 14 2.3 2
    endloop
  endfacet
  facet normal -1 0 0
    outer loop
      vertex 14 3.50001 2
      vertex 14 2.3 7.51753
      vertex 14 3.50001 10
    endloop
  endfacet
  facet normal -1 0 0
    outer loop
      vertex 14 2.3 8.48247
      vertex 14 3.50001 10
      vertex 14 2.3 7.51753
    endloop
  endfacet
  facet normal -1 -0 0
    outer loop
      vertex 14 3.50001 10
      vertex 14 2.3 8.48247
      vertex 14 2.3 10
    endloop
  endfacet
  facet normal 0 -0.659568 0.751645
    outer loop
      vertex 14 2.28 8.46492
      vertex 20 2.28 8.46492
      vertex 20 2.3 8.48247
    endloop
  endfacet
  facet normal 0 -0.659568 0.751645
    outer loop
      vertex 14 2.28 8.46492
      vertex 20 2.3 8.48247
      vertex 14 2.3 8.48247
    endloop
  endfacet
  facet normal 0 -0.659451 0.751748
    outer loop
      vertex 20 2.28 8.46492
      vertex 14 2.28 8.46492
      vertex 20 1.75001 8
    endloop
  endfacet
  facet normal 0 -0.659451 0.751748
    outer loop
      vertex 20 1.75001 8
      vertex 14 2.28 8.46492
      vertex 14 1.75001 8
    endloop
  endfacet
  facet normal 1 0 -0
    outer loop
      vertex 20 2.28 7.53508
      vertex 20 2.28 8.46492
      vertex 20 1.75001 8
    endloop
  endfacet
  facet normal 1 -0 0
    outer loop
      vertex 20 2.28 8.46492
      vertex 20 2.3 7.51753
      vertex 20 2.3 8.48247
    endloop
  endfacet
  facet normal 1 0 0
    outer loop
      vertex 20 2.3 7.51753
      vertex 20 2.28 8.46492
      vertex 20 2.28 7.53508
    endloop
  endfacet
  facet normal 1 0 0
    outer loop
      vertex 20 2.3 8.48247
      vertex 20 3.50001 10
      vertex 20 2.3 10
    endloop
  endfacet
  facet normal 1 0 0
    outer loop
      vertex 20 2.3 7.51753
      vertex 20 3.50001 10
      vertex 20 2.3 8.48247
    endloop
  endfacet
  facet normal 1 0 0
    outer loop
      vertex 20 3.50001 10
      vertex 20 2.3 7.51753
      vertex 20 3.50001 2
    endloop
  endfacet
  facet normal 1 0 0
    outer loop
      vertex 20 3.50001 2
      vertex 20 2.3 7.51753
      vertex 20 2.3 2
    endloop
  endfacet
  facet normal 0 -0.659451 -0.751748
    outer loop
      vertex 14 1.75001 8
      vertex 20 2.28 7.53508
      vertex 20 1.75001 8
    endloop
  endfacet
  facet normal 0 -0.659451 -0.751748
    outer loop
      vertex 14 2.28 7.53508
      vertex 20 2.28 7.53508
      vertex 14 1.75001 8
    endloop
  endfacet
  facet normal -0 -0.659568 -0.751645
    outer loop
      vertex 20 2.28 7.53508
      vertex 14 2.28 7.53508
      vertex 20 2.3 7.51753
    endloop
  endfacet
  facet normal -0 -0.659568 -0.751645
    outer loop
      vertex 20 2.3 7.51753
      vertex 14 2.28 7.53508
      vertex 14 2.3 7.51753
    endloop
  endfacet
  facet normal -1 0 0
    outer loop
      vertex 70 1.75001 8
      vertex 70 2.28 8.46492
      vertex 70 2.28 7.53508
    endloop
  endfacet
  facet normal -1 0 0
    outer loop
      vertex 70 2.28 7.53508
      vertex 70 2.3 8.48247
      vertex 70 2.3 7.51753
    endloop
  endfacet
  facet normal -1 0 0
    outer loop
      vertex 70 2.3 8.48247
      vertex 70 2.28 7.53508
      vertex 70 2.28 8.46492
    endloop
  endfacet
  facet normal -1 0 0
    outer loop
      vertex 70 2.3 7.51753
      vertex 70 3.50001 2
      vertex 70 2.3 2
    endloop
  endfacet
  facet normal -1 0 0
    outer loop
      vertex 70 3.50001 2
      vertex 70 2.3 7.51753
      vertex 70 3.50001 10
    endloop
  endfacet
  facet normal -1 0 0
    outer loop
      vertex 70 2.3 8.48247
      vertex 70 3.50001 10
      vertex 70 2.3 7.51753
    endloop
  endfacet
  facet normal -1 -0 0
    outer loop
      vertex 70 3.50001 10
      vertex 70 2.3 8.48247
      vertex 70 2.3 10
    endloop
  endfacet
  facet normal 0 -0.659568 0.751645
    outer loop
      vertex 70 2.28 8.46492
      vertex 76 2.28 8.46492
      vertex 76 2.3 8.48247
    endloop
  endfacet
  facet normal 0 -0.659568 0.751645
    outer loop
      vertex 70 2.28 8.46492
      vertex 76 2.3 8.48247
      vertex 70 2.3 8.48247
    endloop
  endfacet
  facet normal 0 -0.659451 0.751748
    outer loop
      vertex 76 2.28 8.46492
      vertex 70 2.28 8.46492
      vertex 76 1.75001 8
    endloop
  endfacet
  facet normal 0 -0.659451 0.751748
    outer loop
      vertex 76 1.75001 8
      vertex 70 2.28 8.46492
      vertex 70 1.75001 8
    endloop
  endfacet
  facet normal 1 0 -0
    outer loop
      vertex 76 2.28 7.53508
      vertex 76 2.28 8.46492
      vertex 76 1.75001 8
    endloop
  endfacet
  facet normal 1 -0 0
    outer loop
      vertex 76 2.28 8.46492
      vertex 76 2.3 7.51753
      vertex 76 2.3 8.48247
    endloop
  endfacet
  facet normal 1 0 0
    outer loop
      vertex 76 2.3 7.51753
      vertex 76 2.28 8.46492
      vertex 76 2.28 7.53508
    endloop
  endfacet
  facet normal 1 0 0
    outer loop
      vertex 76 2.3 8.48247
      vertex 76 3.50001 10
      vertex 76 2.3 10
    endloop
  endfacet
  facet normal 1 0 0
    outer loop
      vertex 76 2.3 7.51753
      vertex 76 3.50001 10
      vertex 76 2.3 8.48247
    endloop
  endfacet
  facet normal 1 0 0
    outer loop
      vertex 76 3.50001 10
      vertex 76 2.3 7.51753
      vertex 76 3.50001 2
    endloop
  endfacet
  facet normal 1 0 0
    outer loop
      vertex 76 3.50001 2
      vertex 76 2.3 7.51753
      vertex 76 2.3 2
    endloop
  endfacet
  facet normal 0 -0.659451 -0.751748
    outer loop
      vertex 70 1.75001 8
      vertex 76 2.28 7.53508
      vertex 76 1.75001 8
    endloop
  endfacet
  facet normal 0 -0.659451 -0.751748
    outer loop
      vertex 70 2.28 7.53508
      vertex 76 2.28 7.53508
      vertex 70 1.75001 8
    endloop
  endfacet
  facet normal -0 -0.659568 -0.751645
    outer loop
      vertex 76 2.28 7.53508
      vertex 70 2.28 7.53508
      vertex 76 2.3 7.51753
    endloop
  endfacet
  facet normal -0 -0.659568 -0.751645
    outer loop
      vertex 76 2.3 7.51753
      vertex 70 2.28 7.53508
      vertex 70 2.3 7.51753
    endloop
  endfacet
  facet normal 0 1 -0
    outer loop
      vertex 2.28 54.3 7.53508
      vertex 1.75001 54.3 8
      vertex 2.28 54.3 8.46492
    endloop
  endfacet
  facet normal 0 1 0
    outer loop
      vertex 3.5 54.3 10
      vertex 2.3 54.3 8.48247
      vertex 2.3 54.3 10
    endloop
  endfacet
  facet normal 0 1 0
    outer loop
      vertex 2.3 54.3 8.48247
      vertex 2.28 54.3 7.53508
      vertex 2.28 54.3 8.46492
    endloop
  endfacet
  facet normal 0 1 0
    outer loop
      vertex 2.3 54.3 7.51753
      vertex 2.3 54.3 8.48247
      vertex 3.5 54.3 10
    endloop
  endfacet
  facet normal 0 1 0
    outer loop
      vertex 2.3 54.3 8.48247
      vertex 2.3 54.3 7.51753
      vertex 2.28 54.3 7.53508
    endloop
  endfacet
  facet normal 0 1 -0
    outer loop
      vertex 3.5 54.3 2
      vertex 2.3 54.3 7.51753
      vertex 3.5 54.3 10
    endloop
  endfacet
  facet normal 0 1 0
    outer loop
      vertex 2.3 54.3 7.51753
      vertex 3.5 54.3 2
      vertex 2.3 54.3 2
    endloop
  endfacet
  facet normal -0.659568 0 0.751645
    outer loop
      vertex 2.28 54.3 8.46492
      vertex 2.3 48.3 8.48247
      vertex 2.3 54.3 8.48247
    endloop
  endfacet
  facet normal -0.659568 0 0.751645
    outer loop
      vertex 2.28 54.3 8.46492
      vertex 2.28 48.3 8.46492
      vertex 2.3 48.3 8.48247
    endloop
  endfacet
  facet normal -0.659451 0 0.751748
    outer loop
      vertex 1.75001 54.3 8
      vertex 2.28 48.3 8.46492
      vertex 2.28 54.3 8.46492
    endloop
  endfacet
  facet normal -0.659451 0 0.751748
    outer loop
      vertex 2.28 48.3 8.46492
      vertex 1.75001 54.3 8
      vertex 1.75001 48.3 8
    endloop
  endfacet
  facet normal -0.659568 0 -0.751645
    outer loop
      vertex 2.28 48.3 7.53508
      vertex 2.3 54.3 7.51753
      vertex 2.3 48.3 7.51753
    endloop
  endfacet
  facet normal -0.659568 0 -0.751645
    outer loop
      vertex 2.28 48.3 7.53508
      vertex 2.28 54.3 7.53508
      vertex 2.3 54.3 7.51753
    endloop
  endfacet
  facet normal -0.659451 0 -0.751748
    outer loop
      vertex 1.75001 48.3 8
      vertex 2.28 54.3 7.53508
      vertex 2.28 48.3 7.53508
    endloop
  endfacet
  facet normal -0.659451 0 -0.751748
    outer loop
      vertex 2.28 54.3 7.53508
      vertex 1.75001 48.3 8
      vertex 1.75001 54.3 8
    endloop
  endfacet
  facet normal 0 -1 -0
    outer loop
      vertex 2.28 48.3 8.46492
      vertex 1.75001 48.3 8
      vertex 2.28 48.3 7.53508
    endloop
  endfacet
  facet normal 0 -1 0
    outer loop
      vertex 2.3 48.3 8.48247
      vertex 3.5 48.3 10
      vertex 2.3 48.3 10
    endloop
  endfacet
  facet normal 0 -1 0
    outer loop
      vertex 2.28 48.3 7.53508
      vertex 2.3 48.3 8.48247
      vertex 2.28 48.3 8.46492
    endloop
  endfacet
  facet normal 0 -1 0
    outer loop
      vertex 2.3 48.3 7.51753
      vertex 2.3 48.3 8.48247
      vertex 2.28 48.3 7.53508
    endloop
  endfacet
  facet normal 0 -1 0
    outer loop
      vertex 2.3 48.3 8.48247
      vertex 2.3 48.3 7.51753
      vertex 3.5 48.3 10
    endloop
  endfacet
  facet normal 0 -1 0
    outer loop
      vertex 3.5 48.3 2
      vertex 2.3 48.3 7.51753
      vertex 2.3 48.3 2
    endloop
  endfacet
  facet normal 0 -1 0
    outer loop
      vertex 2.3 48.3 7.51753
      vertex 3.5 48.3 2
      vertex 3.5 48.3 10
    endloop
  endfacet
  facet normal 0 1 -0
    outer loop
      vertex 2.28 14.3 7.53508
      vertex 1.75001 14.3 8
      vertex 2.28 14.3 8.46492
    endloop
  endfacet
  facet normal 0 1 0
    outer loop
      vertex 3.5 14.3 10
      vertex 2.3 14.3 8.48247
      vertex 2.3 14.3 10
    endloop
  endfacet
  facet normal 0 1 0
    outer loop
      vertex 2.3 14.3 8.48247
      vertex 2.28 14.3 7.53508
      vertex 2.28 14.3 8.46492
    endloop
  endfacet
  facet normal 0 1 0
    outer loop
      vertex 2.3 14.3 7.51753
      vertex 2.3 14.3 8.48247
      vertex 3.5 14.3 10
    endloop
  endfacet
  facet normal 0 1 0
    outer loop
      vertex 2.3 14.3 8.48247
      vertex 2.3 14.3 7.51753
      vertex 2.28 14.3 7.53508
    endloop
  endfacet
  facet normal 0 1 -0
    outer loop
      vertex 3.5 14.3 2
      vertex 2.3 14.3 7.51753
      vertex 3.5 14.3 10
    endloop
  endfacet
  facet normal 0 1 0
    outer loop
      vertex 2.3 14.3 7.51753
      vertex 3.5 14.3 2
      vertex 2.3 14.3 2
    endloop
  endfacet
  facet normal -0.659568 0 0.751645
    outer loop
      vertex 2.28 14.3 8.46492
      vertex 2.3 8.3 8.48247
      vertex 2.3 14.3 8.48247
    endloop
  endfacet
  facet normal -0.659568 0 0.751645
    outer loop
      vertex 2.28 14.3 8.46492
      vertex 2.28 8.3 8.46492
      vertex 2.3 8.3 8.48247
    endloop
  endfacet
  facet normal -0.659451 0 0.751748
    outer loop
      vertex 1.75001 14.3 8
      vertex 2.28 8.3 8.46492
      vertex 2.28 14.3 8.46492
    endloop
  endfacet
  facet normal -0.659451 0 0.751748
    outer loop
      vertex 2.28 8.3 8.46492
      vertex 1.75001 14.3 8
      vertex 1.75001 8.3 8
    endloop
  endfacet
  facet normal -0.659568 0 -0.751645
    outer loop
      vertex 2.28 8.3 7.53508
      vertex 2.3 14.3 7.51753
      vertex 2.3 8.3 7.51753
    endloop
  endfacet
  facet normal -0.659568 0 -0.751645
    outer loop
      vertex 2.28 8.3 7.53508
      vertex 2.28 14.3 7.53508
      vertex 2.3 14.3 7.51753
    endloop
  endfacet
  facet normal -0.659451 0 -0.751748
    outer loop
      vertex 1.75001 8.3 8
      vertex 2.28 14.3 7.53508
      vertex 2.28 8.3 7.53508
    endloop
  endfacet
  facet normal -0.659451 0 -0.751748
    outer loop
      vertex 2.28 14.3 7.53508
      vertex 1.75001 8.3 8
      vertex 1.75001 14.3 8
    endloop
  endfacet
  facet normal 0 -1 -0
    outer loop
      vertex 2.28 8.3 8.46492
      vertex 1.75001 8.3 8
      vertex 2.28 8.3 7.53508
    endloop
  endfacet
  facet normal 0 -1 0
    outer loop
      vertex 2.3 8.3 8.48247
      vertex 3.5 8.3 10
      vertex 2.3 8.3 10
    endloop
  endfacet
  facet normal 0 -1 0
    outer loop
      vertex 2.28 8.3 7.53508
      vertex 2.3 8.3 8.48247
      vertex 2.28 8.3 8.46492
    endloop
  endfacet
  facet normal 0 -1 0
    outer loop
      vertex 2.3 8.3 7.51753
      vertex 2.3 8.3 8.48247
      vertex 2.28 8.3 7.53508
    endloop
  endfacet
  facet normal 0 -1 0
    outer loop
      vertex 2.3 8.3 8.48247
      vertex 2.3 8.3 7.51753
      vertex 3.5 8.3 10
    endloop
  endfacet
  facet normal 0 -1 0
    outer loop
      vertex 3.5 8.3 2
      vertex 2.3 8.3 7.51753
      vertex 2.3 8.3 2
    endloop
  endfacet
  facet normal 0 -1 0
    outer loop
      vertex 2.3 8.3 7.51753
      vertex 3.5 8.3 2
      vertex 3.5 8.3 10
    endloop
  endfacet
  facet normal 0.321574 0.946885 -0
    outer loop
      vertex 88.448 61.0716 0
      vertex 88.0764 61.1978 2
      vertex 88.448 61.0716 2
    endloop
  endfacet
  facet normal 0.321574 0.946885 0
    outer loop
      vertex 88.0764 61.1978 2
      vertex 88.448 61.0716 0
      vertex 88.0764 61.1978 0
    endloop
  endfacet
  facet normal -0.195076 -0.980788 0
    outer loop
      vertex 2.22354 0.102231 0
      vertex 2.60843 0.0256775 2
      vertex 2.22354 0.102231 2
    endloop
  endfacet
  facet normal -0.195076 -0.980788 -0
    outer loop
      vertex 2.60843 0.0256775 2
      vertex 2.22354 0.102231 0
      vertex 2.60843 0.0256775 0
    endloop
  endfacet
  facet normal 0.194989 0.980806 -0
    outer loop
      vertex 88.0764 61.1978 0
      vertex 87.6916 61.2743 2
      vertex 88.0764 61.1978 2
    endloop
  endfacet
  facet normal 0.194989 0.980806 0
    outer loop
      vertex 87.6916 61.2743 2
      vertex 88.0764 61.1978 0
      vertex 87.6916 61.2743 0
    endloop
  endfacet
  facet normal 0.659398 -0.751794 0
    outer loop
      vertex 89.1263 0.619946 0
      vertex 89.4213 0.87869 2
      vertex 89.1263 0.619946 2
    endloop
  endfacet
  facet normal 0.659398 -0.751794 0
    outer loop
      vertex 89.4213 0.87869 2
      vertex 89.1263 0.619946 0
      vertex 89.4213 0.87869 0
    endloop
  endfacet
  facet normal -0.659424 0.751771 0
    outer loop
      vertex 1.17372 60.6801 0
      vertex 0.878677 60.4213 2
      vertex 1.17372 60.6801 2
    endloop
  endfacet
  facet normal -0.659424 0.751771 0
    outer loop
      vertex 0.878677 60.4213 2
      vertex 1.17372 60.6801 0
      vertex 0.878677 60.4213 0
    endloop
  endfacet
  facet normal 0.997853 0.0654873 0
    outer loop
      vertex 90.3 58.3 2
      vertex 90.2743 58.6916 0
      vertex 90.2743 58.6916 2
    endloop
  endfacet
  facet normal 0.997853 0.0654873 0
    outer loop
      vertex 90.2743 58.6916 0
      vertex 90.3 58.3 2
      vertex 90.3 58.3 0
    endloop
  endfacet
  facet normal -0.0654923 0.997853 0
    outer loop
      vertex 3 61.3 0
      vertex 2.60843 61.2743 2
      vertex 3 61.3 2
    endloop
  endfacet
  facet normal -0.0654923 0.997853 0
    outer loop
      vertex 2.60843 61.2743 2
      vertex 3 61.3 0
      vertex 2.60843 61.2743 0
    endloop
  endfacet
  facet normal -0.997859 -0.0654043 0
    outer loop
      vertex 0.0256653 2.60844 0
      vertex 0 3.00001 2
      vertex 0 3.00001 0
    endloop
  endfacet
  facet normal -0.997859 -0.0654043 0
    outer loop
      vertex 0 3.00001 2
      vertex 0.0256653 2.60844 0
      vertex 0.0256653 2.60844 2
    endloop
  endfacet
  facet normal 0 0 -1
    outer loop
      vertex 28 38.3 0
      vertex 58 41.7 0
      vertex 58 38.3 0
    endloop
  endfacet
  facet normal -0 0 -1
    outer loop
      vertex 58 41.7 0
      vertex 28 38.3 0
      vertex 28 41.7 0
    endloop
  endfacet
  facet normal 0 0 -1
    outer loop
      vertex 28 32.3 0
      vertex 58 35.7 0
      vertex 58 32.3 0
    endloop
  endfacet
  facet normal -0 0 -1
    outer loop
      vertex 58 35.7 0
      vertex 28 32.3 0
      vertex 28 35.7 0
    endloop
  endfacet
  facet normal 0 0 -1
    outer loop
      vertex 28 26.3 0
      vertex 58 29.7 0
      vertex 58 26.3 0
    endloop
  endfacet
  facet normal -0 0 -1
    outer loop
      vertex 58 29.7 0
      vertex 28 26.3 0
      vertex 28 29.7 0
    endloop
  endfacet
  facet normal 0 0 -1
    outer loop
      vertex 28 20.3 0
      vertex 58 23.7 0
      vertex 58 20.3 0
    endloop
  endfacet
  facet normal -0 0 -1
    outer loop
      vertex 58 23.7 0
      vertex 28 20.3 0
      vertex 28 23.7 0
    endloop
  endfacet
  facet normal 0 0 -1
    outer loop
      vertex 64.5 16 0
      vertex 28 17.7 0
      vertex 58 17.7 0
    endloop
  endfacet
  facet normal 0 0 -1
    outer loop
      vertex 6.5 16 0
      vertex 28 20.3 0
      vertex 28 17.7 0
    endloop
  endfacet
  facet normal -0 0 -1
    outer loop
      vertex 28 20.3 0
      vertex 6.5 16 0
      vertex 28 23.7 0
    endloop
  endfacet
  facet normal -0 0 -1
    outer loop
      vertex 28 23.7 0
      vertex 6.5 16 0
      vertex 28 26.3 0
    endloop
  endfacet
  facet normal -0 0 -1
    outer loop
      vertex 28 26.3 0
      vertex 6.5 16 0
      vertex 28 29.7 0
    endloop
  endfacet
  facet normal -0 0 -1
    outer loop
      vertex 28 29.7 0
      vertex 6.5 16 0
      vertex 28 32.3 0
    endloop
  endfacet
  facet normal -0 0 -1
    outer loop
      vertex 28 32.3 0
      vertex 6.5 16 0
      vertex 28 35.7 0
    endloop
  endfacet
  facet normal -0 0 -1
    outer loop
      vertex 28 35.7 0
      vertex 6.5 16 0
      vertex 28 38.3 0
    endloop
  endfacet
  facet normal 0 0 -1
    outer loop
      vertex 0 58.3 0
      vertex 28 38.3 0
      vertex 6.5 16 0
    endloop
  endfacet
  facet normal 0 0 -1
    outer loop
      vertex 28 38.3 0
      vertex 0 58.3 0
      vertex 28 41.7 0
    endloop
  endfacet
  facet normal 0 0 -1
    outer loop
      vertex 6.5 16 0
      vertex 28 17.7 0
      vertex 64.5 16 0
    endloop
  endfacet
  facet normal 0 0 -1
    outer loop
      vertex 67 42.3 0
      vertex 79 45.7 0
      vertex 79 42.3 0
    endloop
  endfacet
  facet normal -0 0 -1
    outer loop
      vertex 79 45.7 0
      vertex 67 42.3 0
      vertex 67 45.7 0
    endloop
  endfacet
  facet normal 0 0 -1
    outer loop
      vertex 67 36.3 0
      vertex 79 39.7 0
      vertex 79 36.3 0
    endloop
  endfacet
  facet normal -0 0 -1
    outer loop
      vertex 79 39.7 0
      vertex 67 36.3 0
      vertex 67 39.7 0
    endloop
  endfacet
  facet normal 0 0 -1
    outer loop
      vertex 67 30.3 0
      vertex 79 33.7 0
      vertex 79 30.3 0
    endloop
  endfacet
  facet normal -0 0 -1
    outer loop
      vertex 79 33.7 0
      vertex 67 30.3 0
      vertex 67 33.7 0
    endloop
  endfacet
  facet normal 0 0 -1
    outer loop
      vertex 67 24.3 0
      vertex 79 27.7 0
      vertex 79 24.3 0
    endloop
  endfacet
  facet normal -0 0 -1
    outer loop
      vertex 79 27.7 0
      vertex 67 24.3 0
      vertex 67 27.7 0
    endloop
  endfacet
  facet normal 0 0 -1
    outer loop
      vertex 87.3 1.2207e-05 0
      vertex 90.3 3.00001 0
      vertex 90.2743 2.60844 0
    endloop
  endfacet
  facet normal 0 0 -1
    outer loop
      vertex 90.3 3.00001 0
      vertex 79 30.3 0
      vertex 90.3 58.3 0
    endloop
  endfacet
  facet normal 0 0 -1
    outer loop
      vertex 87.3 1.2207e-05 0
      vertex 90.2743 2.60844 0
      vertex 90.1978 2.22355 0
    endloop
  endfacet
  facet normal 0 0 -1
    outer loop
      vertex 79 33.7 0
      vertex 90.3 58.3 0
      vertex 79 30.3 0
    endloop
  endfacet
  facet normal 0 0 -1
    outer loop
      vertex 87.3 1.2207e-05 0
      vertex 90.1978 2.22355 0
      vertex 90.0716 1.85196 0
    endloop
  endfacet
  facet normal 0 0 -1
    outer loop
      vertex 79 36.3 0
      vertex 90.3 58.3 0
      vertex 79 33.7 0
    endloop
  endfacet
  facet normal 0 0 -1
    outer loop
      vertex 87.3 1.2207e-05 0
      vertex 90.0716 1.85196 0
      vertex 89.8981 1.50001 0
    endloop
  endfacet
  facet normal 0 0 -1
    outer loop
      vertex 79 39.7 0
      vertex 90.3 58.3 0
      vertex 79 36.3 0
    endloop
  endfacet
  facet normal 0 0 -1
    outer loop
      vertex 87.3 1.2207e-05 0
      vertex 89.8981 1.50001 0
      vertex 89.6801 1.17373 0
    endloop
  endfacet
  facet normal 0 0 -1
    outer loop
      vertex 79 42.3 0
      vertex 90.3 58.3 0
      vertex 79 39.7 0
    endloop
  endfacet
  facet normal 0 0 -1
    outer loop
      vertex 87.3 1.2207e-05 0
      vertex 89.6801 1.17373 0
      vertex 89.4213 0.87869 0
    endloop
  endfacet
  facet normal 0 0 -1
    outer loop
      vertex 79 45.7 0
      vertex 90.3 58.3 0
      vertex 79 42.3 0
    endloop
  endfacet
  facet normal 0 0 -1
    outer loop
      vertex 87.3 1.2207e-05 0
      vertex 89.4213 0.87869 0
      vertex 89.1263 0.619946 0
    endloop
  endfacet
  facet normal 0 0 -1
    outer loop
      vertex 79 48.3 0
      vertex 90.3 58.3 0
      vertex 79 45.7 0
    endloop
  endfacet
  facet normal 0 0 -1
    outer loop
      vertex 87.3 1.2207e-05 0
      vertex 89.1263 0.619946 0
      vertex 88.8 0.401929 0
    endloop
  endfacet
  facet normal 0 -0 -1
    outer loop
      vertex 87.3 61.3 0
      vertex 90.3 58.3 0
      vertex 79 48.3 0
    endloop
  endfacet
  facet normal 0 0 -1
    outer loop
      vertex 87.3 1.2207e-05 0
      vertex 88.8 0.401929 0
      vertex 88.448 0.228375 0
    endloop
  endfacet
  facet normal 0 0 -1
    outer loop
      vertex 90.3 58.3 0
      vertex 87.3 61.3 0
      vertex 90.2743 58.6916 0
    endloop
  endfacet
  facet normal 0 0 -1
    outer loop
      vertex 87.3 1.2207e-05 0
      vertex 88.448 0.228375 0
      vertex 88.0764 0.102231 0
    endloop
  endfacet
  facet normal 0 0 -1
    outer loop
      vertex 90.2743 58.6916 0
      vertex 87.3 61.3 0
      vertex 90.1978 59.0765 0
    endloop
  endfacet
  facet normal 0 0 -1
    outer loop
      vertex 87.3 1.2207e-05 0
      vertex 88.0764 0.102231 0
      vertex 87.6916 0.0256775 0
    endloop
  endfacet
  facet normal 0 0 -1
    outer loop
      vertex 90.1978 59.0765 0
      vertex 87.3 61.3 0
      vertex 90.0716 59.4481 0
    endloop
  endfacet
  facet normal -0 0 -1
    outer loop
      vertex 90.3 3.00001 0
      vertex 87.3 1.2207e-05 0
      vertex 79 21.7 0
    endloop
  endfacet
  facet normal 0 0 -1
    outer loop
      vertex 90.0716 59.4481 0
      vertex 87.3 61.3 0
      vertex 89.8981 59.8 0
    endloop
  endfacet
  facet normal 0 0 -1
    outer loop
      vertex 90.3 3.00001 0
      vertex 79 21.7 0
      vertex 79 24.3 0
    endloop
  endfacet
  facet normal 0 0 -1
    outer loop
      vertex 64.5 4 0
      vertex 79 21.7 0
      vertex 87.3 1.2207e-05 0
    endloop
  endfacet
  facet normal 0 0 -1
    outer loop
      vertex 58 23.7 0
      vertex 67 24.3 0
      vertex 67 21.7 0
    endloop
  endfacet
  facet normal 0 0 -1
    outer loop
      vertex 58 26.3 0
      vertex 67 24.3 0
      vertex 58 23.7 0
    endloop
  endfacet
  facet normal 0 0 -1
    outer loop
      vertex 58 29.7 0
      vertex 67 27.7 0
      vertex 58 26.3 0
    endloop
  endfacet
  facet normal 0 0 -1
    outer loop
      vertex 67 27.7 0
      vertex 58 29.7 0
      vertex 67 30.3 0
    endloop
  endfacet
  facet normal 0 0 -1
    outer loop
      vertex 67 30.3 0
      vertex 58 32.3 0
      vertex 67 33.7 0
    endloop
  endfacet
  facet normal 0 0 -1
    outer loop
      vertex 58 35.7 0
      vertex 67 33.7 0
      vertex 58 32.3 0
    endloop
  endfacet
  facet normal 0 0 -1
    outer loop
      vertex 58 38.3 0
      vertex 67 36.3 0
      vertex 58 35.7 0
    endloop
  endfacet
  facet normal 0 0 -1
    outer loop
      vertex 67 36.3 0
      vertex 58 38.3 0
      vertex 67 39.7 0
    endloop
  endfacet
  facet normal -0 0 -1
    outer loop
      vertex 79 21.7 0
      vertex 64.5 16 0
      vertex 67 21.7 0
    endloop
  endfacet
  facet normal 0 0 -1
    outer loop
      vertex 79 21.7 0
      vertex 64.5 4 0
      vertex 64.5 16 0
    endloop
  endfacet
  facet normal 0 0 -1
    outer loop
      vertex 3 1.2207e-05 0
      vertex 64.5 4 0
      vertex 87.3 1.2207e-05 0
    endloop
  endfacet
  facet normal 0 0 -1
    outer loop
      vertex 0 3.00001 0
      vertex 6.5 4 0
      vertex 3 1.2207e-05 0
    endloop
  endfacet
  facet normal -0 0 -1
    outer loop
      vertex 64.5 4 0
      vertex 3 1.2207e-05 0
      vertex 6.5 4 0
    endloop
  endfacet
  facet normal 0 0 -1
    outer loop
      vertex 90.3 3.00001 0
      vertex 79 24.3 0
      vertex 79 27.7 0
    endloop
  endfacet
  facet normal 0 0 -1
    outer loop
      vertex 90.3 3.00001 0
      vertex 79 27.7 0
      vertex 79 30.3 0
    endloop
  endfacet
  facet normal 0 0 -1
    outer loop
      vertex 89.8981 59.8 0
      vertex 87.3 61.3 0
      vertex 89.6801 60.1263 0
    endloop
  endfacet
  facet normal 0 0 -1
    outer loop
      vertex 89.6801 60.1263 0
      vertex 87.3 61.3 0
      vertex 89.4213 60.4213 0
    endloop
  endfacet
  facet normal 0 0 -1
    outer loop
      vertex 89.4213 60.4213 0
      vertex 87.3 61.3 0
      vertex 89.1263 60.6801 0
    endloop
  endfacet
  facet normal 0 0 -1
    outer loop
      vertex 89.1263 60.6801 0
      vertex 87.3 61.3 0
      vertex 88.8 60.8981 0
    endloop
  endfacet
  facet normal 0 0 -1
    outer loop
      vertex 88.8 60.8981 0
      vertex 87.3 61.3 0
      vertex 88.448 61.0716 0
    endloop
  endfacet
  facet normal 0 0 -1
    outer loop
      vertex 88.448 61.0716 0
      vertex 87.3 61.3 0
      vertex 88.0764 61.1978 0
    endloop
  endfacet
  facet normal 0 0 -1
    outer loop
      vertex 88.0764 61.1978 0
      vertex 87.3 61.3 0
      vertex 87.6916 61.2743 0
    endloop
  endfacet
  facet normal 0 0 -1
    outer loop
      vertex 67 48.3 0
      vertex 87.3 61.3 0
      vertex 79 48.3 0
    endloop
  endfacet
  facet normal 0 0 -1
    outer loop
      vertex 58 20.3 0
      vertex 67 21.7 0
      vertex 64.5 16 0
    endloop
  endfacet
  facet normal 0 0 -1
    outer loop
      vertex 58 20.3 0
      vertex 64.5 16 0
      vertex 58 17.7 0
    endloop
  endfacet
  facet normal -0 0 -1
    outer loop
      vertex 67 21.7 0
      vertex 58 20.3 0
      vertex 58 23.7 0
    endloop
  endfacet
  facet normal 0 0 -1
    outer loop
      vertex 67 24.3 0
      vertex 58 26.3 0
      vertex 67 27.7 0
    endloop
  endfacet
  facet normal 0 0 -1
    outer loop
      vertex 58 32.3 0
      vertex 67 30.3 0
      vertex 58 29.7 0
    endloop
  endfacet
  facet normal 0 0 -1
    outer loop
      vertex 67 33.7 0
      vertex 58 35.7 0
      vertex 67 36.3 0
    endloop
  endfacet
  facet normal 0 0 -1
    outer loop
      vertex 58 41.7 0
      vertex 67 39.7 0
      vertex 58 38.3 0
    endloop
  endfacet
  facet normal 0 0 -1
    outer loop
      vertex 67 39.7 0
      vertex 58 41.7 0
      vertex 67 42.3 0
    endloop
  endfacet
  facet normal 0 0 -1
    outer loop
      vertex 58 44.3 0
      vertex 67 42.3 0
      vertex 58 41.7 0
    endloop
  endfacet
  facet normal 0 0 -1
    outer loop
      vertex 67 42.3 0
      vertex 58 44.3 0
      vertex 67 45.7 0
    endloop
  endfacet
  facet normal -0 0 -1
    outer loop
      vertex 67 45.7 0
      vertex 58 44.3 0
      vertex 67 48.3 0
    endloop
  endfacet
  facet normal 0 0 -1
    outer loop
      vertex 28 44.3 0
      vertex 67 48.3 0
      vertex 58 44.3 0
    endloop
  endfacet
  facet normal -0 0 -1
    outer loop
      vertex 67 48.3 0
      vertex 28 44.3 0
      vertex 3 61.3 0
    endloop
  endfacet
  facet normal 0 0 -1
    outer loop
      vertex 67 48.3 0
      vertex 3 61.3 0
      vertex 87.3 61.3 0
    endloop
  endfacet
  facet normal 0 0 -1
    outer loop
      vertex 28 41.7 0
      vertex 0 58.3 0
      vertex 28 44.3 0
    endloop
  endfacet
  facet normal -0 0 -1
    outer loop
      vertex 6.5 4 0
      vertex 0 3.00001 0
      vertex 6.5 16 0
    endloop
  endfacet
  facet normal 0 0 -1
    outer loop
      vertex 0 3.00001 0
      vertex 3 1.2207e-05 0
      vertex 2.60843 0.0256775 0
    endloop
  endfacet
  facet normal 0 0 -1
    outer loop
      vertex 0 58.3 0
      vertex 6.5 16 0
      vertex 0 3.00001 0
    endloop
  endfacet
  facet normal 0 0 -1
    outer loop
      vertex 0 3.00001 0
      vertex 2.60843 0.0256775 0
      vertex 2.22354 0.102231 0
    endloop
  endfacet
  facet normal 0 0 -1
    outer loop
      vertex 28 44.3 0
      vertex 0 58.3 0
      vertex 3 61.3 0
    endloop
  endfacet
  facet normal 0 0 -1
    outer loop
      vertex 0 3.00001 0
      vertex 2.22354 0.102231 0
      vertex 1.85194 0.228375 0
    endloop
  endfacet
  facet normal 0 0 -1
    outer loop
      vertex 3 61.3 0
      vertex 0 58.3 0
      vertex 2.60843 61.2743 0
    endloop
  endfacet
  facet normal 0 0 -1
    outer loop
      vertex 0 3.00001 0
      vertex 1.85194 0.228375 0
      vertex 1.5 0.401929 0
    endloop
  endfacet
  facet normal 0 0 -1
    outer loop
      vertex 2.60843 61.2743 0
      vertex 0 58.3 0
      vertex 2.22354 61.1978 0
    endloop
  endfacet
  facet normal 0 0 -1
    outer loop
      vertex 0 3.00001 0
      vertex 1.5 0.401929 0
      vertex 1.17372 0.619946 0
    endloop
  endfacet
  facet normal 0 0 -1
    outer loop
      vertex 2.22354 61.1978 0
      vertex 0 58.3 0
      vertex 1.85194 61.0716 0
    endloop
  endfacet
  facet normal 0 0 -1
    outer loop
      vertex 0 3.00001 0
      vertex 1.17372 0.619946 0
      vertex 0.878677 0.87869 0
    endloop
  endfacet
  facet normal 0 0 -1
    outer loop
      vertex 1.85194 61.0716 0
      vertex 0 58.3 0
      vertex 1.5 60.8981 0
    endloop
  endfacet
  facet normal 0 0 -1
    outer loop
      vertex 0 3.00001 0
      vertex 0.878677 0.87869 0
      vertex 0.619934 1.17373 0
    endloop
  endfacet
  facet normal 0 0 -1
    outer loop
      vertex 1.5 60.8981 0
      vertex 0 58.3 0
      vertex 1.17372 60.6801 0
    endloop
  endfacet
  facet normal 0 0 -1
    outer loop
      vertex 0 3.00001 0
      vertex 0.619934 1.17373 0
      vertex 0.401917 1.50001 0
    endloop
  endfacet
  facet normal 0 0 -1
    outer loop
      vertex 1.17372 60.6801 0
      vertex 0 58.3 0
      vertex 0.878677 60.4213 0
    endloop
  endfacet
  facet normal 0 0 -1
    outer loop
      vertex 0 3.00001 0
      vertex 0.401917 1.50001 0
      vertex 0.228363 1.85196 0
    endloop
  endfacet
  facet normal 0 0 -1
    outer loop
      vertex 0.878677 60.4213 0
      vertex 0 58.3 0
      vertex 0.619934 60.1263 0
    endloop
  endfacet
  facet normal 0 0 -1
    outer loop
      vertex 0 3.00001 0
      vertex 0.228363 1.85196 0
      vertex 0.102219 2.22355 0
    endloop
  endfacet
  facet normal 0 0 -1
    outer loop
      vertex 0.619934 60.1263 0
      vertex 0 58.3 0
      vertex 0.401917 59.8 0
    endloop
  endfacet
  facet normal 0 0 -1
    outer loop
      vertex 0 3.00001 0
      vertex 0.102219 2.22355 0
      vertex 0.0256653 2.60844 0
    endloop
  endfacet
  facet normal 0 0 -1
    outer loop
      vertex 0.401917 59.8 0
      vertex 0 58.3 0
      vertex 0.228363 59.4481 0
    endloop
  endfacet
  facet normal 0 0 -1
    outer loop
      vertex 0.228363 59.4481 0
      vertex 0 58.3 0
      vertex 0.102219 59.0765 0
    endloop
  endfacet
  facet normal 0 0 -1
    outer loop
      vertex 0.102219 59.0765 0
      vertex 0 58.3 0
      vertex 0.0256653 58.6916 0
    endloop
  endfacet
  facet normal -1 0 0
    outer loop
      vertex 0 3.00001 0
      vertex 0 58.3 2
      vertex 0 58.3 0
    endloop
  endfacet
  facet normal -1 -0 0
    outer loop
      vertex 0 58.3 2
      vertex 0 3.00001 0
      vertex 0 3.00001 2
    endloop
  endfacet
  facet normal 0 1 -0
    outer loop
      vertex 87.3 61.3 0
      vertex 83.3 61.3 2
      vertex 87.3 61.3 2
    endloop
  endfacet
  facet normal 0 1 0
    outer loop
      vertex 83.3 61.3 2
      vertex 87.3 61.3 0
      vertex 7 61.3 2
    endloop
  endfacet
  facet normal 0 1 0
    outer loop
      vertex 3 61.3 0
      vertex 7 61.3 2
      vertex 87.3 61.3 0
    endloop
  endfacet
  facet normal 0 1 0
    outer loop
      vertex 7 61.3 2
      vertex 3 61.3 0
      vertex 3 61.3 2
    endloop
  endfacet
  facet normal 0.0653993 -0.997859 0
    outer loop
      vertex 87.3 1.2207e-05 0
      vertex 87.6916 0.0256775 2
      vertex 87.3 1.2207e-05 2
    endloop
  endfacet
  facet normal 0.0653993 -0.997859 0
    outer loop
      vertex 87.6916 0.0256775 2
      vertex 87.3 1.2207e-05 0
      vertex 87.6916 0.0256775 0
    endloop
  endfacet
  facet normal 0 -1 0
    outer loop
      vertex 3 1.2207e-05 0
      vertex 87.3 1.2207e-05 2
      vertex 3 1.2207e-05 2
    endloop
  endfacet
  facet normal 0 -1 -0
    outer loop
      vertex 87.3 1.2207e-05 2
      vertex 3 1.2207e-05 0
      vertex 87.3 1.2207e-05 0
    endloop
  endfacet
  facet normal 1 -0 0
    outer loop
      vertex 90.3 57.3 2
      vertex 90.3 58.3 0
      vertex 90.3 58.3 2
    endloop
  endfacet
  facet normal 1 -0 0
    outer loop
      vertex 90.3 4 2
      vertex 90.3 58.3 0
      vertex 90.3 57.3 2
    endloop
  endfacet
  facet normal 1 0 0
    outer loop
      vertex 90.3 3.00001 0
      vertex 90.3 4 2
      vertex 90.3 3.00001 2
    endloop
  endfacet
  facet normal 1 0 0
    outer loop
      vertex 90.3 4 2
      vertex 90.3 3.00001 0
      vertex 90.3 58.3 0
    endloop
  endfacet
  facet normal 0.831501 0.555523 0
    outer loop
      vertex 89.8981 59.8 2
      vertex 89.6801 60.1263 0
      vertex 89.6801 60.1263 2
    endloop
  endfacet
  facet normal 0.831501 0.555523 0
    outer loop
      vertex 89.6801 60.1263 0
      vertex 89.8981 59.8 2
      vertex 89.8981 59.8 0
    endloop
  endfacet
  facet normal -0.75184 -0.659346 0
    outer loop
      vertex 0.878677 0.87869 0
      vertex 0.619934 1.17373 2
      vertex 0.619934 1.17373 0
    endloop
  endfacet
  facet normal -0.75184 -0.659346 0
    outer loop
      vertex 0.619934 1.17373 2
      vertex 0.878677 0.87869 0
      vertex 0.878677 0.87869 2
    endloop
  endfacet
  facet normal -0.321574 0.946885 0
    outer loop
      vertex 2.22354 61.1978 0
      vertex 1.85194 61.0716 2
      vertex 2.22354 61.1978 2
    endloop
  endfacet
  facet normal -0.321574 0.946885 0
    outer loop
      vertex 1.85194 61.0716 2
      vertex 2.22354 61.1978 0
      vertex 1.85194 61.0716 0
    endloop
  endfacet
  facet normal -0.555547 0.831485 0
    outer loop
      vertex 1.5 60.8981 0
      vertex 1.17372 60.6801 2
      vertex 1.5 60.8981 2
    endloop
  endfacet
  facet normal -0.555547 0.831485 0
    outer loop
      vertex 1.17372 60.6801 2
      vertex 1.5 60.8981 0
      vertex 1.17372 60.6801 0
    endloop
  endfacet
  facet normal -0.194945 0.980814 0
    outer loop
      vertex 2.60843 61.2743 0
      vertex 2.22354 61.1978 2
      vertex 2.60843 61.2743 2
    endloop
  endfacet
  facet normal -0.194945 0.980814 0
    outer loop
      vertex 2.22354 61.1978 2
      vertex 2.60843 61.2743 0
      vertex 2.22354 61.1978 0
    endloop
  endfacet
  facet normal 0.0654873 0.997853 -0
    outer loop
      vertex 87.6916 61.2743 0
      vertex 87.3 61.3 2
      vertex 87.6916 61.2743 2
    endloop
  endfacet
  facet normal 0.0654873 0.997853 0
    outer loop
      vertex 87.3 61.3 2
      vertex 87.6916 61.2743 0
      vertex 87.3 61.3 0
    endloop
  endfacet
  facet normal 0.321446 -0.946928 0
    outer loop
      vertex 88.0764 0.102231 0
      vertex 88.448 0.228375 2
      vertex 88.0764 0.102231 2
    endloop
  endfacet
  facet normal 0.321446 -0.946928 0
    outer loop
      vertex 88.448 0.228375 2
      vertex 88.0764 0.102231 0
      vertex 88.448 0.228375 0
    endloop
  endfacet
  facet normal 0.555553 -0.831481 0
    outer loop
      vertex 88.8 0.401929 0
      vertex 89.1263 0.619946 2
      vertex 88.8 0.401929 2
    endloop
  endfacet
  facet normal 0.555553 -0.831481 0
    outer loop
      vertex 89.1263 0.619946 2
      vertex 88.8 0.401929 0
      vertex 89.1263 0.619946 0
    endloop
  endfacet
  facet normal 0.19512 -0.980779 0
    outer loop
      vertex 87.6916 0.0256775 0
      vertex 88.0764 0.102231 2
      vertex 87.6916 0.0256775 2
    endloop
  endfacet
  facet normal 0.19512 -0.980779 0
    outer loop
      vertex 88.0764 0.102231 2
      vertex 87.6916 0.0256775 0
      vertex 88.0764 0.102231 0
    endloop
  endfacet
  facet normal -0.0654042 -0.997859 0
    outer loop
      vertex 2.60843 0.0256775 0
      vertex 3 1.2207e-05 2
      vertex 2.60843 0.0256775 2
    endloop
  endfacet
  facet normal -0.0654042 -0.997859 -0
    outer loop
      vertex 3 1.2207e-05 2
      vertex 2.60843 0.0256775 0
      vertex 3 1.2207e-05 0
    endloop
  endfacet
  facet normal -0.442281 -0.896876 0
    outer loop
      vertex 1.5 0.401929 0
      vertex 1.85194 0.228375 2
      vertex 1.5 0.401929 2
    endloop
  endfacet
  facet normal -0.442281 -0.896876 -0
    outer loop
      vertex 1.85194 0.228375 2
      vertex 1.5 0.401929 0
      vertex 1.85194 0.228375 0
    endloop
  endfacet
  facet normal -0.321446 -0.946928 0
    outer loop
      vertex 1.85194 0.228375 0
      vertex 2.22354 0.102231 2
      vertex 1.85194 0.228375 2
    endloop
  endfacet
  facet normal -0.321446 -0.946928 -0
    outer loop
      vertex 2.22354 0.102231 2
      vertex 1.85194 0.228375 0
      vertex 2.22354 0.102231 0
    endloop
  endfacet
  facet normal -0.946925 -0.321454 0
    outer loop
      vertex 0.228363 1.85196 0
      vertex 0.102219 2.22355 2
      vertex 0.102219 2.22355 0
    endloop
  endfacet
  facet normal -0.946925 -0.321454 0
    outer loop
      vertex 0.102219 2.22355 2
      vertex 0.228363 1.85196 0
      vertex 0.228363 1.85196 2
    endloop
  endfacet
  facet normal -0.980788 -0.195076 0
    outer loop
      vertex 0.102219 2.22355 0
      vertex 0.0256653 2.60844 2
      vertex 0.0256653 2.60844 0
    endloop
  endfacet
  facet normal -0.980788 -0.195076 0
    outer loop
      vertex 0.0256653 2.60844 2
      vertex 0.102219 2.22355 0
      vertex 0.102219 2.22355 2
    endloop
  endfacet
  facet normal -0.831465 -0.555577 0
    outer loop
      vertex 0.619934 1.17373 0
      vertex 0.401917 1.50001 2
      vertex 0.401917 1.50001 0
    endloop
  endfacet
  facet normal -0.831465 -0.555577 0
    outer loop
      vertex 0.401917 1.50001 2
      vertex 0.619934 1.17373 0
      vertex 0.619934 1.17373 2
    endloop
  endfacet
  facet normal -0.442171 0.896931 0
    outer loop
      vertex 1.85194 61.0716 0
      vertex 1.5 60.8981 2
      vertex 1.85194 61.0716 2
    endloop
  endfacet
  facet normal -0.442171 0.896931 0
    outer loop
      vertex 1.5 60.8981 2
      vertex 1.85194 61.0716 0
      vertex 1.5 60.8981 0
    endloop
  endfacet
  facet normal 0.442221 -0.896906 0
    outer loop
      vertex 88.448 0.228375 0
      vertex 88.8 0.401929 2
      vertex 88.448 0.228375 2
    endloop
  endfacet
  facet normal 0.442221 -0.896906 0
    outer loop
      vertex 88.8 0.401929 2
      vertex 88.448 0.228375 0
      vertex 88.8 0.401929 0
    endloop
  endfacet
  facet normal 0.896936 -0.44216 0
    outer loop
      vertex 89.8981 1.50001 2
      vertex 90.0716 1.85196 0
      vertex 90.0716 1.85196 2
    endloop
  endfacet
  facet normal 0.896936 -0.44216 0
    outer loop
      vertex 90.0716 1.85196 0
      vertex 89.8981 1.50001 2
      vertex 89.8981 1.50001 0
    endloop
  endfacet
  facet normal 0.896911 0.442211 0
    outer loop
      vertex 90.0716 59.4481 2
      vertex 89.8981 59.8 0
      vertex 89.8981 59.8 2
    endloop
  endfacet
  facet normal 0.896911 0.442211 0
    outer loop
      vertex 89.8981 59.8 0
      vertex 90.0716 59.4481 2
      vertex 90.0716 59.4481 0
    endloop
  endfacet
  facet normal 0.980815 0.19494 0
    outer loop
      vertex 90.2743 58.6916 2
      vertex 90.1978 59.0765 0
      vertex 90.1978 59.0765 2
    endloop
  endfacet
  facet normal 0.980815 0.19494 0
    outer loop
      vertex 90.1978 59.0765 0
      vertex 90.2743 58.6916 2
      vertex 90.2743 58.6916 0
    endloop
  endfacet
  facet normal 0.751724 0.659478 0
    outer loop
      vertex 89.6801 60.1263 2
      vertex 89.4213 60.4213 0
      vertex 89.4213 60.4213 2
    endloop
  endfacet
  facet normal 0.751724 0.659478 0
    outer loop
      vertex 89.4213 60.4213 0
      vertex 89.6801 60.1263 2
      vertex 89.6801 60.1263 0
    endloop
  endfacet
  facet normal 0.44211 0.896961 -0
    outer loop
      vertex 88.8 60.8981 0
      vertex 88.448 61.0716 2
      vertex 88.8 60.8981 2
    endloop
  endfacet
  facet normal 0.44211 0.896961 0
    outer loop
      vertex 88.448 61.0716 2
      vertex 88.8 60.8981 0
      vertex 88.448 61.0716 0
    endloop
  endfacet
  facet normal -0.659343 -0.751842 0
    outer loop
      vertex 0.878677 0.87869 0
      vertex 1.17372 0.619946 2
      vertex 0.878677 0.87869 2
    endloop
  endfacet
  facet normal -0.659343 -0.751842 -0
    outer loop
      vertex 1.17372 0.619946 2
      vertex 0.878677 0.87869 0
      vertex 1.17372 0.619946 0
    endloop
  endfacet
  facet normal -0.555577 -0.831465 0
    outer loop
      vertex 1.17372 0.619946 0
      vertex 1.5 0.401929 2
      vertex 1.17372 0.619946 2
    endloop
  endfacet
  facet normal -0.555577 -0.831465 -0
    outer loop
      vertex 1.5 0.401929 2
      vertex 1.17372 0.619946 0
      vertex 1.5 0.401929 0
    endloop
  endfacet
  facet normal -0.896881 -0.442271 0
    outer loop
      vertex 0.401917 1.50001 0
      vertex 0.228363 1.85196 2
      vertex 0.228363 1.85196 0
    endloop
  endfacet
  facet normal -0.896881 -0.442271 0
    outer loop
      vertex 0.228363 1.85196 2
      vertex 0.401917 1.50001 0
      vertex 0.401917 1.50001 2
    endloop
  endfacet
  facet normal -0.997859 0.0653993 0
    outer loop
      vertex 0 58.3 0
      vertex 0.0256653 58.6916 2
      vertex 0.0256653 58.6916 0
    endloop
  endfacet
  facet normal -0.997859 0.0653993 0
    outer loop
      vertex 0.0256653 58.6916 2
      vertex 0 58.3 0
      vertex 0 58.3 2
    endloop
  endfacet
  facet normal -0.946928 0.321446 0
    outer loop
      vertex 0.102219 59.0765 0
      vertex 0.228363 59.4481 2
      vertex 0.228363 59.4481 0
    endloop
  endfacet
  facet normal -0.946928 0.321446 0
    outer loop
      vertex 0.228363 59.4481 2
      vertex 0.102219 59.0765 0
      vertex 0.102219 59.0765 2
    endloop
  endfacet
  facet normal -0.831481 0.555553 0
    outer loop
      vertex 0.401917 59.8 0
      vertex 0.619934 60.1263 2
      vertex 0.619934 60.1263 0
    endloop
  endfacet
  facet normal -0.831481 0.555553 0
    outer loop
      vertex 0.619934 60.1263 2
      vertex 0.401917 59.8 0
      vertex 0.401917 59.8 2
    endloop
  endfacet
  facet normal 0.980814 -0.194945 0
    outer loop
      vertex 90.1978 2.22355 2
      vertex 90.2743 2.60844 0
      vertex 90.2743 2.60844 2
    endloop
  endfacet
  facet normal 0.980814 -0.194945 0
    outer loop
      vertex 90.2743 2.60844 0
      vertex 90.1978 2.22355 2
      vertex 90.1978 2.22355 0
    endloop
  endfacet
  facet normal 0.997853 -0.0654923 0
    outer loop
      vertex 90.2743 2.60844 2
      vertex 90.3 3.00001 0
      vertex 90.3 3.00001 2
    endloop
  endfacet
  facet normal 0.997853 -0.0654923 0
    outer loop
      vertex 90.3 3.00001 0
      vertex 90.2743 2.60844 2
      vertex 90.2743 2.60844 0
    endloop
  endfacet
  facet normal 0.946882 -0.321582 0
    outer loop
      vertex 90.0716 1.85196 2
      vertex 90.1978 2.22355 0
      vertex 90.1978 2.22355 2
    endloop
  endfacet
  facet normal 0.946882 -0.321582 0
    outer loop
      vertex 90.1978 2.22355 0
      vertex 90.0716 1.85196 2
      vertex 90.0716 1.85196 0
    endloop
  endfacet
  facet normal 0.831485 -0.555547 0
    outer loop
      vertex 89.6801 1.17373 2
      vertex 89.8981 1.50001 0
      vertex 89.8981 1.50001 2
    endloop
  endfacet
  facet normal 0.831485 -0.555547 0
    outer loop
      vertex 89.8981 1.50001 0
      vertex 89.6801 1.17373 2
      vertex 89.6801 1.17373 0
    endloop
  endfacet
  facet normal 0.751768 -0.659428 0
    outer loop
      vertex 89.4213 0.87869 2
      vertex 89.6801 1.17373 0
      vertex 89.6801 1.17373 2
    endloop
  endfacet
  facet normal 0.751768 -0.659428 0
    outer loop
      vertex 89.6801 1.17373 0
      vertex 89.4213 0.87869 2
      vertex 89.4213 0.87869 0
    endloop
  endfacet
  facet normal 0.946885 0.321574 0
    outer loop
      vertex 90.1978 59.0765 2
      vertex 90.0716 59.4481 0
      vertex 90.0716 59.4481 2
    endloop
  endfacet
  facet normal 0.946885 0.321574 0
    outer loop
      vertex 90.0716 59.4481 0
      vertex 90.1978 59.0765 2
      vertex 90.1978 59.0765 0
    endloop
  endfacet
  facet normal 0.555523 0.831501 -0
    outer loop
      vertex 89.1263 60.6801 0
      vertex 88.8 60.8981 2
      vertex 89.1263 60.6801 2
    endloop
  endfacet
  facet normal 0.555523 0.831501 0
    outer loop
      vertex 88.8 60.8981 2
      vertex 89.1263 60.6801 0
      vertex 88.8 60.8981 0
    endloop
  endfacet
  facet normal 0.659478 0.751724 -0
    outer loop
      vertex 89.4213 60.4213 0
      vertex 89.1263 60.6801 2
      vertex 89.4213 60.4213 2
    endloop
  endfacet
  facet normal 0.659478 0.751724 0
    outer loop
      vertex 89.1263 60.6801 2
      vertex 89.4213 60.4213 0
      vertex 89.1263 60.6801 0
    endloop
  endfacet
  facet normal -0.980789 0.195072 0
    outer loop
      vertex 0.0256653 58.6916 0
      vertex 0.102219 59.0765 2
      vertex 0.102219 59.0765 0
    endloop
  endfacet
  facet normal -0.980789 0.195072 0
    outer loop
      vertex 0.102219 59.0765 2
      vertex 0.0256653 58.6916 0
      vertex 0.0256653 58.6916 2
    endloop
  endfacet
  facet normal -0.896856 0.442322 0
    outer loop
      vertex 0.228363 59.4481 0
      vertex 0.401917 59.8 2
      vertex 0.401917 59.8 0
    endloop
  endfacet
  facet normal -0.896856 0.442322 0
    outer loop
      vertex 0.401917 59.8 2
      vertex 0.228363 59.4481 0
      vertex 0.228363 59.4481 2
    endloop
  endfacet
  facet normal -0.751796 0.659396 0
    outer loop
      vertex 0.619934 60.1263 0
      vertex 0.878677 60.4213 2
      vertex 0.878677 60.4213 0
    endloop
  endfacet
  facet normal -0.751796 0.659396 0
    outer loop
      vertex 0.878677 60.4213 2
      vertex 0.619934 60.1263 0
      vertex 0.619934 60.1263 2
    endloop
  endfacet
  facet normal 1 -0 0
    outer loop
      vertex 13 2.3 10
      vertex 13 3.50001 2
      vertex 13 3.50001 10
    endloop
  endfacet
  facet normal 1 0 0
    outer loop
      vertex 13 3.50001 2
      vertex 13 2.3 10
      vertex 13 2.3 2
    endloop
  endfacet
  facet normal -1 0 0
    outer loop
      vertex 21 2.3 2
      vertex 21 3.50001 10
      vertex 21 3.50001 2
    endloop
  endfacet
  facet normal -1 -0 0
    outer loop
      vertex 21 3.50001 10
      vertex 21 2.3 2
      vertex 21 2.3 10
    endloop
  endfacet
  facet normal 1 -0 0
    outer loop
      vertex 69 2.3 10
      vertex 69 3.50001 2
      vertex 69 3.50001 10
    endloop
  endfacet
  facet normal 1 0 0
    outer loop
      vertex 69 3.50001 2
      vertex 69 2.3 10
      vertex 69 2.3 2
    endloop
  endfacet
  facet normal -1 0 0
    outer loop
      vertex 77 2.3 2
      vertex 77 3.50001 10
      vertex 77 3.50001 2
    endloop
  endfacet
  facet normal -1 -0 0
    outer loop
      vertex 77 3.50001 10
      vertex 77 2.3 2
      vertex 77 2.3 10
    endloop
  endfacet
  facet normal 0 -1 0
    outer loop
      vertex 2.3 55.3 2
      vertex 3.5 55.3 10
      vertex 2.3 55.3 10
    endloop
  endfacet
  facet normal 0 -1 -0
    outer loop
      vertex 3.5 55.3 10
      vertex 2.3 55.3 2
      vertex 3.5 55.3 2
    endloop
  endfacet
  facet normal 0 1 -0
    outer loop
      vertex 3.5 47.3 2
      vertex 2.3 47.3 10
      vertex 3.5 47.3 10
    endloop
  endfacet
  facet normal 0 1 0
    outer loop
      vertex 2.3 47.3 10
      vertex 3.5 47.3 2
      vertex 2.3 47.3 2
    endloop
  endfacet
  facet normal 0 -1 0
    outer loop
      vertex 2.3 15.3 2
      vertex 3.5 15.3 10
      vertex 2.3 15.3 10
    endloop
  endfacet
  facet normal 0 -1 -0
    outer loop
      vertex 3.5 15.3 10
      vertex 2.3 15.3 2
      vertex 3.5 15.3 2
    endloop
  endfacet
  facet normal 0 1 -0
    outer loop
      vertex 3.5 7.3 2
      vertex 2.3 7.3 10
      vertex 3.5 7.3 10
    endloop
  endfacet
  facet normal 0 1 0
    outer loop
      vertex 2.3 7.3 10
      vertex 3.5 7.3 2
      vertex 2.3 7.3 2
    endloop
  endfacet
  facet normal 1 -0 0
    outer loop
      vertex 28 41.7 2
      vertex 28 44.3 0
      vertex 28 44.3 2
    endloop
  endfacet
  facet normal 1 0 0
    outer loop
      vertex 28 44.3 0
      vertex 28 41.7 2
      vertex 28 41.7 0
    endloop
  endfacet
  facet normal -1 0 0
    outer loop
      vertex 58 41.7 0
      vertex 58 44.3 2
      vertex 58 44.3 0
    endloop
  endfacet
  facet normal -1 -0 0
    outer loop
      vertex 58 44.3 2
      vertex 58 41.7 0
      vertex 58 41.7 2
    endloop
  endfacet
  facet normal 0 1 -0
    outer loop
      vertex 58 41.7 0
      vertex 28 41.7 2
      vertex 58 41.7 2
    endloop
  endfacet
  facet normal 0 1 0
    outer loop
      vertex 28 41.7 2
      vertex 58 41.7 0
      vertex 28 41.7 0
    endloop
  endfacet
  facet normal 0 -1 0
    outer loop
      vertex 28 44.3 0
      vertex 58 44.3 2
      vertex 28 44.3 2
    endloop
  endfacet
  facet normal 0 -1 -0
    outer loop
      vertex 58 44.3 2
      vertex 28 44.3 0
      vertex 58 44.3 0
    endloop
  endfacet
  facet normal 1 -0 0
    outer loop
      vertex 28 35.7 2
      vertex 28 38.3 0
      vertex 28 38.3 2
    endloop
  endfacet
  facet normal 1 0 0
    outer loop
      vertex 28 38.3 0
      vertex 28 35.7 2
      vertex 28 35.7 0
    endloop
  endfacet
  facet normal -1 0 0
    outer loop
      vertex 58 35.7 0
      vertex 58 38.3 2
      vertex 58 38.3 0
    endloop
  endfacet
  facet normal -1 -0 0
    outer loop
      vertex 58 38.3 2
      vertex 58 35.7 0
      vertex 58 35.7 2
    endloop
  endfacet
  facet normal 0 -1 0
    outer loop
      vertex 28 38.3 0
      vertex 58 38.3 2
      vertex 28 38.3 2
    endloop
  endfacet
  facet normal 0 -1 -0
    outer loop
      vertex 58 38.3 2
      vertex 28 38.3 0
      vertex 58 38.3 0
    endloop
  endfacet
  facet normal 0 1 -0
    outer loop
      vertex 58 35.7 0
      vertex 28 35.7 2
      vertex 58 35.7 2
    endloop
  endfacet
  facet normal 0 1 0
    outer loop
      vertex 28 35.7 2
      vertex 58 35.7 0
      vertex 28 35.7 0
    endloop
  endfacet
  facet normal 1 -0 0
    outer loop
      vertex 28 29.7 2
      vertex 28 32.3 0
      vertex 28 32.3 2
    endloop
  endfacet
  facet normal 1 0 0
    outer loop
      vertex 28 32.3 0
      vertex 28 29.7 2
      vertex 28 29.7 0
    endloop
  endfacet
  facet normal -1 0 0
    outer loop
      vertex 58 29.7 0
      vertex 58 32.3 2
      vertex 58 32.3 0
    endloop
  endfacet
  facet normal -1 -0 0
    outer loop
      vertex 58 32.3 2
      vertex 58 29.7 0
      vertex 58 29.7 2
    endloop
  endfacet
  facet normal 0 -1 0
    outer loop
      vertex 28 32.3 0
      vertex 58 32.3 2
      vertex 28 32.3 2
    endloop
  endfacet
  facet normal 0 -1 -0
    outer loop
      vertex 58 32.3 2
      vertex 28 32.3 0
      vertex 58 32.3 0
    endloop
  endfacet
  facet normal 0 1 -0
    outer loop
      vertex 58 29.7 0
      vertex 28 29.7 2
      vertex 58 29.7 2
    endloop
  endfacet
  facet normal 0 1 0
    outer loop
      vertex 28 29.7 2
      vertex 58 29.7 0
      vertex 28 29.7 0
    endloop
  endfacet
  facet normal 1 -0 0
    outer loop
      vertex 28 23.7 2
      vertex 28 26.3 0
      vertex 28 26.3 2
    endloop
  endfacet
  facet normal 1 0 0
    outer loop
      vertex 28 26.3 0
      vertex 28 23.7 2
      vertex 28 23.7 0
    endloop
  endfacet
  facet normal -1 0 0
    outer loop
      vertex 58 23.7 0
      vertex 58 26.3 2
      vertex 58 26.3 0
    endloop
  endfacet
  facet normal -1 -0 0
    outer loop
      vertex 58 26.3 2
      vertex 58 23.7 0
      vertex 58 23.7 2
    endloop
  endfacet
  facet normal 0 1 -0
    outer loop
      vertex 58 23.7 0
      vertex 28 23.7 2
      vertex 58 23.7 2
    endloop
  endfacet
  facet normal 0 1 0
    outer loop
      vertex 28 23.7 2
      vertex 58 23.7 0
      vertex 28 23.7 0
    endloop
  endfacet
  facet normal 0 -1 0
    outer loop
      vertex 28 26.3 0
      vertex 58 26.3 2
      vertex 28 26.3 2
    endloop
  endfacet
  facet normal 0 -1 -0
    outer loop
      vertex 58 26.3 2
      vertex 28 26.3 0
      vertex 58 26.3 0
    endloop
  endfacet
  facet normal 1 -0 0
    outer loop
      vertex 28 17.7 2
      vertex 28 20.3 0
      vertex 28 20.3 2
    endloop
  endfacet
  facet normal 1 0 0
    outer loop
      vertex 28 20.3 0
      vertex 28 17.7 2
      vertex 28 17.7 0
    endloop
  endfacet
  facet normal -1 0 0
    outer loop
      vertex 58 17.7 0
      vertex 58 20.3 2
      vertex 58 20.3 0
    endloop
  endfacet
  facet normal -1 -0 0
    outer loop
      vertex 58 20.3 2
      vertex 58 17.7 0
      vertex 58 17.7 2
    endloop
  endfacet
  facet normal 0 1 -0
    outer loop
      vertex 58 17.7 0
      vertex 28 17.7 2
      vertex 58 17.7 2
    endloop
  endfacet
  facet normal 0 1 0
    outer loop
      vertex 28 17.7 2
      vertex 58 17.7 0
      vertex 28 17.7 0
    endloop
  endfacet
  facet normal 0 -1 0
    outer loop
      vertex 28 20.3 0
      vertex 58 20.3 2
      vertex 28 20.3 2
    endloop
  endfacet
  facet normal 0 -1 -0
    outer loop
      vertex 58 20.3 2
      vertex 28 20.3 0
      vertex 58 20.3 0
    endloop
  endfacet
  facet normal 1 -0 0
    outer loop
      vertex 67 45.7 2
      vertex 67 48.3 0
      vertex 67 48.3 2
    endloop
  endfacet
  facet normal 1 0 0
    outer loop
      vertex 67 48.3 0
      vertex 67 45.7 2
      vertex 67 45.7 0
    endloop
  endfacet
  facet normal -1 0 0
    outer loop
      vertex 79 45.7 0
      vertex 79 48.3 2
      vertex 79 48.3 0
    endloop
  endfacet
  facet normal -1 -0 0
    outer loop
      vertex 79 48.3 2
      vertex 79 45.7 0
      vertex 79 45.7 2
    endloop
  endfacet
  facet normal 0 1 -0
    outer loop
      vertex 79 45.7 0
      vertex 67 45.7 2
      vertex 79 45.7 2
    endloop
  endfacet
  facet normal 0 1 0
    outer loop
      vertex 67 45.7 2
      vertex 79 45.7 0
      vertex 67 45.7 0
    endloop
  endfacet
  facet normal 0 -1 0
    outer loop
      vertex 67 48.3 0
      vertex 79 48.3 2
      vertex 67 48.3 2
    endloop
  endfacet
  facet normal 0 -1 -0
    outer loop
      vertex 79 48.3 2
      vertex 67 48.3 0
      vertex 79 48.3 0
    endloop
  endfacet
  facet normal 1 -0 0
    outer loop
      vertex 67 39.7 2
      vertex 67 42.3 0
      vertex 67 42.3 2
    endloop
  endfacet
  facet normal 1 0 0
    outer loop
      vertex 67 42.3 0
      vertex 67 39.7 2
      vertex 67 39.7 0
    endloop
  endfacet
  facet normal -1 0 0
    outer loop
      vertex 79 39.7 0
      vertex 79 42.3 2
      vertex 79 42.3 0
    endloop
  endfacet
  facet normal -1 -0 0
    outer loop
      vertex 79 42.3 2
      vertex 79 39.7 0
      vertex 79 39.7 2
    endloop
  endfacet
  facet normal 0 -1 0
    outer loop
      vertex 67 42.3 0
      vertex 79 42.3 2
      vertex 67 42.3 2
    endloop
  endfacet
  facet normal 0 -1 -0
    outer loop
      vertex 79 42.3 2
      vertex 67 42.3 0
      vertex 79 42.3 0
    endloop
  endfacet
  facet normal 0 1 -0
    outer loop
      vertex 79 39.7 0
      vertex 67 39.7 2
      vertex 79 39.7 2
    endloop
  endfacet
  facet normal 0 1 0
    outer loop
      vertex 67 39.7 2
      vertex 79 39.7 0
      vertex 67 39.7 0
    endloop
  endfacet
  facet normal 1 -0 0
    outer loop
      vertex 67 33.7 2
      vertex 67 36.3 0
      vertex 67 36.3 2
    endloop
  endfacet
  facet normal 1 0 0
    outer loop
      vertex 67 36.3 0
      vertex 67 33.7 2
      vertex 67 33.7 0
    endloop
  endfacet
  facet normal -1 0 0
    outer loop
      vertex 79 33.7 0
      vertex 79 36.3 2
      vertex 79 36.3 0
    endloop
  endfacet
  facet normal -1 -0 0
    outer loop
      vertex 79 36.3 2
      vertex 79 33.7 0
      vertex 79 33.7 2
    endloop
  endfacet
  facet normal 0 1 -0
    outer loop
      vertex 79 33.7 0
      vertex 67 33.7 2
      vertex 79 33.7 2
    endloop
  endfacet
  facet normal 0 1 0
    outer loop
      vertex 67 33.7 2
      vertex 79 33.7 0
      vertex 67 33.7 0
    endloop
  endfacet
  facet normal 0 -1 0
    outer loop
      vertex 67 36.3 0
      vertex 79 36.3 2
      vertex 67 36.3 2
    endloop
  endfacet
  facet normal 0 -1 -0
    outer loop
      vertex 79 36.3 2
      vertex 67 36.3 0
      vertex 79 36.3 0
    endloop
  endfacet
  facet normal 1 -0 0
    outer loop
      vertex 67 27.7 2
      vertex 67 30.3 0
      vertex 67 30.3 2
    endloop
  endfacet
  facet normal 1 0 0
    outer loop
      vertex 67 30.3 0
      vertex 67 27.7 2
      vertex 67 27.7 0
    endloop
  endfacet
  facet normal -1 0 0
    outer loop
      vertex 79 27.7 0
      vertex 79 30.3 2
      vertex 79 30.3 0
    endloop
  endfacet
  facet normal -1 -0 0
    outer loop
      vertex 79 30.3 2
      vertex 79 27.7 0
      vertex 79 27.7 2
    endloop
  endfacet
  facet normal 0 1 -0
    outer loop
      vertex 79 27.7 0
      vertex 67 27.7 2
      vertex 79 27.7 2
    endloop
  endfacet
  facet normal 0 1 0
    outer loop
      vertex 67 27.7 2
      vertex 79 27.7 0
      vertex 67 27.7 0
    endloop
  endfacet
  facet normal 0 -1 0
    outer loop
      vertex 67 30.3 0
      vertex 79 30.3 2
      vertex 67 30.3 2
    endloop
  endfacet
  facet normal 0 -1 -0
    outer loop
      vertex 79 30.3 2
      vertex 67 30.3 0
      vertex 79 30.3 0
    endloop
  endfacet
  facet normal 1 -0 0
    outer loop
      vertex 67 21.7 2
      vertex 67 24.3 0
      vertex 67 24.3 2
    endloop
  endfacet
  facet normal 1 0 0
    outer loop
      vertex 67 24.3 0
      vertex 67 21.7 2
      vertex 67 21.7 0
    endloop
  endfacet
  facet normal -1 0 0
    outer loop
      vertex 79 21.7 0
      vertex 79 24.3 2
      vertex 79 24.3 0
    endloop
  endfacet
  facet normal -1 -0 0
    outer loop
      vertex 79 24.3 2
      vertex 79 21.7 0
      vertex 79 21.7 2
    endloop
  endfacet
  facet normal 0 -1 0
    outer loop
      vertex 67 24.3 0
      vertex 79 24.3 2
      vertex 67 24.3 2
    endloop
  endfacet
  facet normal 0 -1 -0
    outer loop
      vertex 79 24.3 2
      vertex 67 24.3 0
      vertex 79 24.3 0
    endloop
  endfacet
  facet normal 0 1 -0
    outer loop
      vertex 79 21.7 0
      vertex 67 21.7 2
      vertex 79 21.7 2
    endloop
  endfacet
  facet normal 0 1 0
    outer loop
      vertex 67 21.7 2
      vertex 79 21.7 0
      vertex 67 21.7 0
    endloop
  endfacet
  facet normal 1 -0 0
    outer loop
      vertex 7 57.8 10
      vertex 7 59 2
      vertex 7 59 10
    endloop
  endfacet
  facet normal 1 0 0
    outer loop
      vertex 7 59 2
      vertex 7 57.8 10
      vertex 7 57.8 2
    endloop
  endfacet
  facet normal -1 0 0
    outer loop
      vertex 83.3 57.8 2
      vertex 83.3 59 10
      vertex 83.3 59 2
    endloop
  endfacet
  facet normal -1 -0 0
    outer loop
      vertex 83.3 59 10
      vertex 83.3 57.8 2
      vertex 83.3 57.8 10
    endloop
  endfacet
  facet normal 0 -1 0
    outer loop
      vertex 86.8 57.3 2
      vertex 88 57.3 10
      vertex 86.8 57.3 10
    endloop
  endfacet
  facet normal 0 -1 -0
    outer loop
      vertex 88 57.3 10
      vertex 86.8 57.3 2
      vertex 88 57.3 2
    endloop
  endfacet
  facet normal 0 1 -0
    outer loop
      vertex 88 4 2
      vertex 86.8 4 10
      vertex 88 4 10
    endloop
  endfacet
  facet normal 0 1 0
    outer loop
      vertex 86.8 4 10
      vertex 88 4 2
      vertex 86.8 4 2
    endloop
  endfacet
  facet normal 1 -0 0
    outer loop
      vertex 6.5 4 2
      vertex 6.5 16 0
      vertex 6.5 16 2
    endloop
  endfacet
  facet normal 1 0 0
    outer loop
      vertex 6.5 16 0
      vertex 6.5 4 2
      vertex 6.5 4 0
    endloop
  endfacet
  facet normal -1 0 0
    outer loop
      vertex 64.5 4 0
      vertex 64.5 16 2
      vertex 64.5 16 0
    endloop
  endfacet
  facet normal -1 -0 0
    outer loop
      vertex 64.5 16 2
      vertex 64.5 4 0
      vertex 64.5 4 2
    endloop
  endfacet
  facet normal 0 -1 0
    outer loop
      vertex 6.5 16 0
      vertex 64.5 16 2
      vertex 6.5 16 2
    endloop
  endfacet
  facet normal 0 -1 -0
    outer loop
      vertex 64.5 16 2
      vertex 6.5 16 0
      vertex 64.5 16 0
    endloop
  endfacet
  facet normal 0 1 -0
    outer loop
      vertex 64.5 4 0
      vertex 6.5 4 2
      vertex 64.5 4 2
    endloop
  endfacet
  facet normal 0 1 0
    outer loop
      vertex 6.5 4 2
      vertex 64.5 4 0
      vertex 6.5 4 0
    endloop
  endfacet
endsolid OpenSCAD_Model
