solid OpenSCAD_Model
  facet normal 0.321446 -0.946928 0
    outer loop
      vertex 88.0764 0.102219 0
      vertex 88.448 0.228363 26
      vertex 88.0764 0.102219 26
    endloop
  endfacet
  facet normal 0.321446 -0.946928 0
    outer loop
      vertex 88.448 0.228363 26
      vertex 88.0764 0.102219 0
      vertex 88.448 0.228363 0
    endloop
  endfacet
  facet normal -0.194945 0.980814 0
    outer loop
      vertex 2.60843 61.2743 0
      vertex 2.22354 61.1978 26
      vertex 2.60843 61.2743 26
    endloop
  endfacet
  facet normal -0.194945 0.980814 0
    outer loop
      vertex 2.22354 61.1978 26
      vertex 2.60843 61.2743 0
      vertex 2.22354 61.1978 0
    endloop
  endfacet
  facet normal 0.19512 -0.980779 0
    outer loop
      vertex 87.6916 0.0256653 0
      vertex 88.0764 0.102219 26
      vertex 87.6916 0.0256653 26
    endloop
  endfacet
  facet normal 0.19512 -0.980779 0
    outer loop
      vertex 88.0764 0.102219 26
      vertex 87.6916 0.0256653 0
      vertex 88.0764 0.102219 0
    endloop
  endfacet
  facet normal 0.659478 0.751724 -0
    outer loop
      vertex 89.4213 60.4213 0
      vertex 89.1263 60.6801 26
      vertex 89.4213 60.4213 26
    endloop
  endfacet
  facet normal 0.659478 0.751724 0
    outer loop
      vertex 89.1263 60.6801 26
      vertex 89.4213 60.4213 0
      vertex 89.1263 60.6801 0
    endloop
  endfacet
  facet normal -0.997859 0.0653993 0
    outer loop
      vertex 0 58.3 0
      vertex 0.0256653 58.6916 26
      vertex 0.0256653 58.6916 0
    endloop
  endfacet
  facet normal -0.997859 0.0653993 0
    outer loop
      vertex 0.0256653 58.6916 26
      vertex 0 58.3 0
      vertex 0 58.3 26
    endloop
  endfacet
  facet normal 0 0 1
    outer loop
      vertex 88.3 3 26
      vertex 90.3 3 26
      vertex 90.3 4 26
    endloop
  endfacet
  facet normal 0 0 1
    outer loop
      vertex 90.3 3 26
      vertex 88.3 3 26
      vertex 90.2743 2.60843 26
    endloop
  endfacet
  facet normal -0 0 1
    outer loop
      vertex 88.2914 2.86948 26
      vertex 90.2743 2.60843 26
      vertex 88.3 3 26
    endloop
  endfacet
  facet normal 0 0 1
    outer loop
      vertex 90.2743 2.60843 26
      vertex 88.2914 2.86948 26
      vertex 90.1978 2.22354 26
    endloop
  endfacet
  facet normal 0 0 1
    outer loop
      vertex 90.1978 2.22354 26
      vertex 88.2659 2.74118 26
      vertex 90.0716 1.85194 26
    endloop
  endfacet
  facet normal -0 0 1
    outer loop
      vertex 88.2239 2.61731 26
      vertex 90.0716 1.85194 26
      vertex 88.2659 2.74118 26
    endloop
  endfacet
  facet normal -0 0 1
    outer loop
      vertex 88.166 2.5 26
      vertex 89.8981 1.5 26
      vertex 88.2239 2.61731 26
    endloop
  endfacet
  facet normal 0 0 1
    outer loop
      vertex 89.8981 1.5 26
      vertex 88.166 2.5 26
      vertex 89.6801 1.17372 26
    endloop
  endfacet
  facet normal 0 0 1
    outer loop
      vertex 89.6801 1.17372 26
      vertex 88.0933 2.39124 26
      vertex 89.4213 0.878677 26
    endloop
  endfacet
  facet normal 0 0 1
    outer loop
      vertex 88.3 3 26
      vertex 90.3 4 26
      vertex 88.3 4 26
    endloop
  endfacet
  facet normal -0 0 1
    outer loop
      vertex 88.2659 2.74118 26
      vertex 90.1978 2.22354 26
      vertex 88.2914 2.86948 26
    endloop
  endfacet
  facet normal 0 0 1
    outer loop
      vertex 90.0716 1.85194 26
      vertex 88.2239 2.61731 26
      vertex 89.8981 1.5 26
    endloop
  endfacet
  facet normal -0 0 1
    outer loop
      vertex 88.0933 2.39124 26
      vertex 89.6801 1.17372 26
      vertex 88.166 2.5 26
    endloop
  endfacet
  facet normal -0 0 1
    outer loop
      vertex 88.0071 2.29289 26
      vertex 89.4213 0.878677 26
      vertex 88.0933 2.39124 26
    endloop
  endfacet
  facet normal 0 0 1
    outer loop
      vertex 89.4213 0.878677 26
      vertex 88.0071 2.29289 26
      vertex 89.1263 0.619934 26
    endloop
  endfacet
  facet normal -0 0 1
    outer loop
      vertex 87.9088 2.20665 26
      vertex 89.1263 0.619934 26
      vertex 88.0071 2.29289 26
    endloop
  endfacet
  facet normal 0 0 1
    outer loop
      vertex 89.1263 0.619934 26
      vertex 87.9088 2.20665 26
      vertex 88.8 0.401917 26
    endloop
  endfacet
  facet normal -0 0 1
    outer loop
      vertex 87.8 2.13397 26
      vertex 88.8 0.401917 26
      vertex 87.9088 2.20665 26
    endloop
  endfacet
  facet normal 0 0 1
    outer loop
      vertex 88.8 0.401917 26
      vertex 87.8 2.13397 26
      vertex 88.448 0.228363 26
    endloop
  endfacet
  facet normal -0 0 1
    outer loop
      vertex 87.6827 2.07613 26
      vertex 88.448 0.228363 26
      vertex 87.8 2.13397 26
    endloop
  endfacet
  facet normal 0 0 1
    outer loop
      vertex 88.448 0.228363 26
      vertex 87.6827 2.07613 26
      vertex 88.0764 0.102219 26
    endloop
  endfacet
  facet normal -0 0 1
    outer loop
      vertex 87.5588 2.03407 26
      vertex 88.0764 0.102219 26
      vertex 87.6827 2.07613 26
    endloop
  endfacet
  facet normal 0 0 1
    outer loop
      vertex 88.0764 0.102219 26
      vertex 87.5588 2.03407 26
      vertex 87.6916 0.0256653 26
    endloop
  endfacet
  facet normal -0 0 1
    outer loop
      vertex 87.4305 2.00856 26
      vertex 87.6916 0.0256653 26
      vertex 87.5588 2.03407 26
    endloop
  endfacet
  facet normal -0 0 1
    outer loop
      vertex 87.3 2 26
      vertex 87.6916 0.0256653 26
      vertex 87.4305 2.00856 26
    endloop
  endfacet
  facet normal 0 0 1
    outer loop
      vertex 87.3 2 26
      vertex 87.3 0 26
      vertex 87.6916 0.0256653 26
    endloop
  endfacet
  facet normal -0 0 1
    outer loop
      vertex 83.3 2 26
      vertex 87.3 0 26
      vertex 87.3 2 26
    endloop
  endfacet
  facet normal 0 0 1
    outer loop
      vertex 87.3 0 26
      vertex 83.3 2 26
      vertex 83.3 0 26
    endloop
  endfacet
  facet normal 0 0 1
    outer loop
      vertex 90.2743 58.6916 26
      vertex 88.2914 58.4305 26
      vertex 88.3 58.3 26
    endloop
  endfacet
  facet normal 0 0 1
    outer loop
      vertex 88.8 60.8981 26
      vertex 88.2659 58.5588 26
      vertex 88.2914 58.4305 26
    endloop
  endfacet
  facet normal 0 0 1
    outer loop
      vertex 88.8 60.8981 26
      vertex 88.2239 58.6827 26
      vertex 88.2659 58.5588 26
    endloop
  endfacet
  facet normal 0 0 1
    outer loop
      vertex 88.8 60.8981 26
      vertex 88.166 58.8 26
      vertex 88.2239 58.6827 26
    endloop
  endfacet
  facet normal 0 0 1
    outer loop
      vertex 88.8 60.8981 26
      vertex 88.0933 58.9088 26
      vertex 88.166 58.8 26
    endloop
  endfacet
  facet normal 0 0 1
    outer loop
      vertex 87.6827 59.2239 26
      vertex 88.448 61.0716 26
      vertex 88.0764 61.1978 26
    endloop
  endfacet
  facet normal 0 0 1
    outer loop
      vertex 88.8 60.8981 26
      vertex 88.0071 59.0071 26
      vertex 88.0933 58.9088 26
    endloop
  endfacet
  facet normal 0 0 1
    outer loop
      vertex 88.8 60.8981 26
      vertex 87.9088 59.0933 26
      vertex 88.0071 59.0071 26
    endloop
  endfacet
  facet normal 0 0 1
    outer loop
      vertex 88.8 60.8981 26
      vertex 87.8 59.166 26
      vertex 87.9088 59.0933 26
    endloop
  endfacet
  facet normal 0 0 1
    outer loop
      vertex 87.5588 59.2659 26
      vertex 88.0764 61.1978 26
      vertex 87.6916 61.2743 26
    endloop
  endfacet
  facet normal 0 0 1
    outer loop
      vertex 88.448 61.0716 26
      vertex 87.6827 59.2239 26
      vertex 87.8 59.166 26
    endloop
  endfacet
  facet normal 0 0 1
    outer loop
      vertex 88.0764 61.1978 26
      vertex 87.5588 59.2659 26
      vertex 87.6827 59.2239 26
    endloop
  endfacet
  facet normal 0 0 1
    outer loop
      vertex 87.6916 61.2743 26
      vertex 87.4305 59.2914 26
      vertex 87.5588 59.2659 26
    endloop
  endfacet
  facet normal 0 0 1
    outer loop
      vertex 87.3 61.3 26
      vertex 87.4305 59.2914 26
      vertex 87.6916 61.2743 26
    endloop
  endfacet
  facet normal 0 0 1
    outer loop
      vertex 87.3 61.3 26
      vertex 87.3 59.3 26
      vertex 87.4305 59.2914 26
    endloop
  endfacet
  facet normal -0 0 1
    outer loop
      vertex 3 61.3 26
      vertex 87.3 59.3 26
      vertex 87.3 61.3 26
    endloop
  endfacet
  facet normal 0 0 1
    outer loop
      vertex 3 61.3 26
      vertex 3 59.3 26
      vertex 87.3 59.3 26
    endloop
  endfacet
  facet normal 0 0 1
    outer loop
      vertex 3 61.3 26
      vertex 2.86948 59.2914 26
      vertex 3 59.3 26
    endloop
  endfacet
  facet normal -0 0 1
    outer loop
      vertex 2.60843 61.2743 26
      vertex 2.86948 59.2914 26
      vertex 3 61.3 26
    endloop
  endfacet
  facet normal 0 0 1
    outer loop
      vertex 2.86948 59.2914 26
      vertex 2.60843 61.2743 26
      vertex 2.74118 59.2659 26
    endloop
  endfacet
  facet normal -0 0 1
    outer loop
      vertex 2.22354 61.1978 26
      vertex 2.74118 59.2659 26
      vertex 2.60843 61.2743 26
    endloop
  endfacet
  facet normal 0 0 1
    outer loop
      vertex 2.74118 59.2659 26
      vertex 2.22354 61.1978 26
      vertex 2.61731 59.2239 26
    endloop
  endfacet
  facet normal -0 0 1
    outer loop
      vertex 1.85194 61.0716 26
      vertex 2.61731 59.2239 26
      vertex 2.22354 61.1978 26
    endloop
  endfacet
  facet normal 0 0 1
    outer loop
      vertex 2.61731 59.2239 26
      vertex 1.85194 61.0716 26
      vertex 2.5 59.166 26
    endloop
  endfacet
  facet normal -0 0 1
    outer loop
      vertex 1.5 60.8981 26
      vertex 2.5 59.166 26
      vertex 1.85194 61.0716 26
    endloop
  endfacet
  facet normal 0 0 1
    outer loop
      vertex 2.5 59.166 26
      vertex 1.5 60.8981 26
      vertex 2.39124 59.0933 26
    endloop
  endfacet
  facet normal -0 0 1
    outer loop
      vertex 1.17372 60.6801 26
      vertex 2.39124 59.0933 26
      vertex 1.5 60.8981 26
    endloop
  endfacet
  facet normal 0 0 1
    outer loop
      vertex 2.39124 59.0933 26
      vertex 1.17372 60.6801 26
      vertex 2.29289 59.0071 26
    endloop
  endfacet
  facet normal -0 0 1
    outer loop
      vertex 0.878677 60.4213 26
      vertex 2.29289 59.0071 26
      vertex 1.17372 60.6801 26
    endloop
  endfacet
  facet normal 0 0 1
    outer loop
      vertex 2.29289 59.0071 26
      vertex 0.878677 60.4213 26
      vertex 2.20665 58.9088 26
    endloop
  endfacet
  facet normal -0 0 1
    outer loop
      vertex 0.401917 59.8 26
      vertex 2.13397 58.8 26
      vertex 0.619934 60.1263 26
    endloop
  endfacet
  facet normal 0 0 1
    outer loop
      vertex 2.20665 58.9088 26
      vertex 0.619934 60.1263 26
      vertex 2.13397 58.8 26
    endloop
  endfacet
  facet normal -0 0 1
    outer loop
      vertex 0.619934 60.1263 26
      vertex 2.20665 58.9088 26
      vertex 0.878677 60.4213 26
    endloop
  endfacet
  facet normal 0 0 1
    outer loop
      vertex 88.3 58.3 26
      vertex 90.3 58.3 26
      vertex 90.2743 58.6916 26
    endloop
  endfacet
  facet normal 0 0 1
    outer loop
      vertex 88.2914 58.4305 26
      vertex 90.2743 58.6916 26
      vertex 90.1978 59.0764 26
    endloop
  endfacet
  facet normal 0 0 1
    outer loop
      vertex 88.2914 58.4305 26
      vertex 90.1978 59.0764 26
      vertex 90.0716 59.448 26
    endloop
  endfacet
  facet normal 0 0 1
    outer loop
      vertex 88.2914 58.4305 26
      vertex 90.0716 59.448 26
      vertex 89.8981 59.8 26
    endloop
  endfacet
  facet normal 0 0 1
    outer loop
      vertex 88.2914 58.4305 26
      vertex 89.8981 59.8 26
      vertex 89.6801 60.1263 26
    endloop
  endfacet
  facet normal 0 0 1
    outer loop
      vertex 88.2914 58.4305 26
      vertex 89.6801 60.1263 26
      vertex 89.4213 60.4213 26
    endloop
  endfacet
  facet normal 0 0 1
    outer loop
      vertex 88.2914 58.4305 26
      vertex 89.4213 60.4213 26
      vertex 89.1263 60.6801 26
    endloop
  endfacet
  facet normal 0 0 1
    outer loop
      vertex 88.2914 58.4305 26
      vertex 89.1263 60.6801 26
      vertex 88.8 60.8981 26
    endloop
  endfacet
  facet normal 0 0 1
    outer loop
      vertex 87.8 59.166 26
      vertex 88.8 60.8981 26
      vertex 88.448 61.0716 26
    endloop
  endfacet
  facet normal 0 0 1
    outer loop
      vertex 90.3 58.3 26
      vertex 88.3 58.3 26
      vertex 90.3 57.3 26
    endloop
  endfacet
  facet normal 0 0 1
    outer loop
      vertex 90.3 57.3 26
      vertex 88.3 58.3 26
      vertex 88.3 57.3 26
    endloop
  endfacet
  facet normal -0 0 1
    outer loop
      vertex 3 2 26
      vertex 7 0 26
      vertex 7 2 26
    endloop
  endfacet
  facet normal 0 0 1
    outer loop
      vertex 3 2 26
      vertex 3 0 26
      vertex 7 0 26
    endloop
  endfacet
  facet normal 0 0 1
    outer loop
      vertex 2.86948 2.00856 26
      vertex 3 0 26
      vertex 3 2 26
    endloop
  endfacet
  facet normal 0 0 1
    outer loop
      vertex 2.60843 0.0256653 26
      vertex 2.86948 2.00856 26
      vertex 2.74118 2.03407 26
    endloop
  endfacet
  facet normal 0 0 1
    outer loop
      vertex 2.22354 0.102219 26
      vertex 2.74118 2.03407 26
      vertex 2.61731 2.07613 26
    endloop
  endfacet
  facet normal 0 0 1
    outer loop
      vertex 2.86948 2.00856 26
      vertex 2.60843 0.0256653 26
      vertex 3 0 26
    endloop
  endfacet
  facet normal 0 0 1
    outer loop
      vertex 1.85194 0.228363 26
      vertex 2.61731 2.07613 26
      vertex 2.5 2.13397 26
    endloop
  endfacet
  facet normal 0 0 1
    outer loop
      vertex 1.5 0.401917 26
      vertex 2.5 2.13397 26
      vertex 2.39124 2.20665 26
    endloop
  endfacet
  facet normal 0 0 1
    outer loop
      vertex 1.17372 0.619934 26
      vertex 2.39124 2.20665 26
      vertex 2.29289 2.29289 26
    endloop
  endfacet
  facet normal 0 0 1
    outer loop
      vertex 2.74118 2.03407 26
      vertex 2.22354 0.102219 26
      vertex 2.60843 0.0256653 26
    endloop
  endfacet
  facet normal 0 0 1
    outer loop
      vertex 0.878677 0.878677 26
      vertex 2.29289 2.29289 26
      vertex 2.20665 2.39124 26
    endloop
  endfacet
  facet normal 0 0 1
    outer loop
      vertex 0.619934 1.17372 26
      vertex 2.20665 2.39124 26
      vertex 2.13397 2.5 26
    endloop
  endfacet
  facet normal 0 0 1
    outer loop
      vertex 0.401917 1.5 26
      vertex 2.13397 2.5 26
      vertex 2.07613 2.61731 26
    endloop
  endfacet
  facet normal 0 0 1
    outer loop
      vertex 0.228363 1.85194 26
      vertex 2.07613 2.61731 26
      vertex 2.03407 2.74118 26
    endloop
  endfacet
  facet normal 0 0 1
    outer loop
      vertex 0.102219 2.22354 26
      vertex 2.03407 2.74118 26
      vertex 2.00856 2.86948 26
    endloop
  endfacet
  facet normal 0 0 1
    outer loop
      vertex 2.61731 2.07613 26
      vertex 1.85194 0.228363 26
      vertex 2.22354 0.102219 26
    endloop
  endfacet
  facet normal 0 0 1
    outer loop
      vertex 0.0256653 2.60843 26
      vertex 2.00856 2.86948 26
      vertex 2 3 26
    endloop
  endfacet
  facet normal 0 0 1
    outer loop
      vertex 2 58.3 26
      vertex 0 58.3 26
      vertex 2 3 26
    endloop
  endfacet
  facet normal 0 0 1
    outer loop
      vertex 2.13397 58.8 26
      vertex 0.401917 59.8 26
      vertex 2.07613 58.6827 26
    endloop
  endfacet
  facet normal 0 0 1
    outer loop
      vertex 0 3 26
      vertex 2 3 26
      vertex 0 58.3 26
    endloop
  endfacet
  facet normal -0 0 1
    outer loop
      vertex 0.228363 59.448 26
      vertex 2.07613 58.6827 26
      vertex 0.401917 59.8 26
    endloop
  endfacet
  facet normal 0 -0 1
    outer loop
      vertex 0.0256653 2.60843 26
      vertex 2 3 26
      vertex 0 3 26
    endloop
  endfacet
  facet normal 0 0 1
    outer loop
      vertex 2.07613 58.6827 26
      vertex 0.228363 59.448 26
      vertex 2.03407 58.5588 26
    endloop
  endfacet
  facet normal 0 0 1
    outer loop
      vertex 2.5 2.13397 26
      vertex 1.5 0.401917 26
      vertex 1.85194 0.228363 26
    endloop
  endfacet
  facet normal -0 0 1
    outer loop
      vertex 0.102219 59.0764 26
      vertex 2.03407 58.5588 26
      vertex 0.228363 59.448 26
    endloop
  endfacet
  facet normal 0 0 1
    outer loop
      vertex 2.39124 2.20665 26
      vertex 1.17372 0.619934 26
      vertex 1.5 0.401917 26
    endloop
  endfacet
  facet normal 0 0 1
    outer loop
      vertex 2.03407 58.5588 26
      vertex 0.102219 59.0764 26
      vertex 2.00856 58.4305 26
    endloop
  endfacet
  facet normal 0 0 1
    outer loop
      vertex 2.29289 2.29289 26
      vertex 0.878677 0.878677 26
      vertex 1.17372 0.619934 26
    endloop
  endfacet
  facet normal -0 0 1
    outer loop
      vertex 0.0256653 58.6916 26
      vertex 2.00856 58.4305 26
      vertex 0.102219 59.0764 26
    endloop
  endfacet
  facet normal 0 0 1
    outer loop
      vertex 2.20665 2.39124 26
      vertex 0.619934 1.17372 26
      vertex 0.878677 0.878677 26
    endloop
  endfacet
  facet normal 0 0 1
    outer loop
      vertex 2.00856 58.4305 26
      vertex 0.0256653 58.6916 26
      vertex 2 58.3 26
    endloop
  endfacet
  facet normal 0 0 1
    outer loop
      vertex 2.13397 2.5 26
      vertex 0.401917 1.5 26
      vertex 0.619934 1.17372 26
    endloop
  endfacet
  facet normal 0 0 1
    outer loop
      vertex 2 58.3 26
      vertex 0.0256653 58.6916 26
      vertex 0 58.3 26
    endloop
  endfacet
  facet normal 0 0 1
    outer loop
      vertex 2.07613 2.61731 26
      vertex 0.228363 1.85194 26
      vertex 0.401917 1.5 26
    endloop
  endfacet
  facet normal 0 0 1
    outer loop
      vertex 2.03407 2.74118 26
      vertex 0.102219 2.22354 26
      vertex 0.228363 1.85194 26
    endloop
  endfacet
  facet normal 0 0 1
    outer loop
      vertex 2.00856 2.86948 26
      vertex 0.0256653 2.60843 26
      vertex 0.102219 2.22354 26
    endloop
  endfacet
  facet normal -1 0 0
    outer loop
      vertex 0 58.3 0
      vertex 0 53.25 19.25
      vertex 0 58.3 26
    endloop
  endfacet
  facet normal -1 0 0
    outer loop
      vertex 0 44 9
      vertex 0 53.25 19.25
      vertex 0 58.3 0
    endloop
  endfacet
  facet normal -1 -0 0
    outer loop
      vertex 0 53.25 19.25
      vertex 0 44 9
      vertex 0 46.75 19.25
    endloop
  endfacet
  facet normal -1 0 0
    outer loop
      vertex 0 44 9
      vertex 0 58.3 0
      vertex 0 44 2
    endloop
  endfacet
  facet normal -1 0 0
    outer loop
      vertex 0 3 0
      vertex 0 44 2
      vertex 0 58.3 0
    endloop
  endfacet
  facet normal -1 0 0
    outer loop
      vertex 0 3 0
      vertex 0 16 9
      vertex 0 16 2
    endloop
  endfacet
  facet normal -1 0 0
    outer loop
      vertex 0 16 9
      vertex 0 6.75 19.25
      vertex 0 13.25 19.25
    endloop
  endfacet
  facet normal -1 0 0
    outer loop
      vertex 0 3 26
      vertex 0 6.75 19.25
      vertex 0 3 0
    endloop
  endfacet
  facet normal -1 -0 0
    outer loop
      vertex 0 16 9
      vertex 0 3 0
      vertex 0 6.75 19.25
    endloop
  endfacet
  facet normal -1 -0 0
    outer loop
      vertex 0 44 2
      vertex 0 3 0
      vertex 0 16 2
    endloop
  endfacet
  facet normal -1 0 0
    outer loop
      vertex 0 53.25 20.75
      vertex 0 58.3 26
      vertex 0 53.25 19.25
    endloop
  endfacet
  facet normal -1 0 0
    outer loop
      vertex 0 46.75 20.75
      vertex 0 58.3 26
      vertex 0 53.25 20.75
    endloop
  endfacet
  facet normal -1 0 0
    outer loop
      vertex 0 36 17
      vertex 0 46.75 19.25
      vertex 0 44 9
    endloop
  endfacet
  facet normal -1 -0 0
    outer loop
      vertex 0 46.75 19.25
      vertex 0 36 17
      vertex 0 46.75 20.75
    endloop
  endfacet
  facet normal -1 0 0
    outer loop
      vertex 0 13.25 20.75
      vertex 0 46.75 20.75
      vertex 0 36 17
    endloop
  endfacet
  facet normal -1 0 0
    outer loop
      vertex 0 13.25 20.75
      vertex 0 36 17
      vertex 0 24 17
    endloop
  endfacet
  facet normal -1 0 0
    outer loop
      vertex 0 13.25 19.25
      vertex 0 24 17
      vertex 0 16 9
    endloop
  endfacet
  facet normal -1 0 0
    outer loop
      vertex 0 13.25 20.75
      vertex 0 24 17
      vertex 0 13.25 19.25
    endloop
  endfacet
  facet normal -1 0 0
    outer loop
      vertex 0 3 26
      vertex 0 46.75 20.75
      vertex 0 13.25 20.75
    endloop
  endfacet
  facet normal -1 0 0
    outer loop
      vertex 0 3 26
      vertex 0 13.25 20.75
      vertex 0 6.75 20.75
    endloop
  endfacet
  facet normal -1 0 0
    outer loop
      vertex 0 46.75 20.75
      vertex 0 3 26
      vertex 0 58.3 26
    endloop
  endfacet
  facet normal -1 0 0
    outer loop
      vertex 0 6.75 19.25
      vertex 0 3 26
      vertex 0 6.75 20.75
    endloop
  endfacet
  facet normal 0 -1 0
    outer loop
      vertex 3 0 26
      vertex 7 0 4.4
      vertex 7 0 26
    endloop
  endfacet
  facet normal 0 -1 -0
    outer loop
      vertex 7 0 4.4
      vertex 3 0 0
      vertex 83.3 0 4.4
    endloop
  endfacet
  facet normal 0 -1 0
    outer loop
      vertex 3 0 0
      vertex 7 0 4.4
      vertex 3 0 26
    endloop
  endfacet
  facet normal 0 -1 0
    outer loop
      vertex 83.3 0 4.4
      vertex 87.3 0 26
      vertex 83.3 0 26
    endloop
  endfacet
  facet normal 0 -1 0
    outer loop
      vertex 83.3 0 4.4
      vertex 87.3 0 0
      vertex 87.3 0 26
    endloop
  endfacet
  facet normal 0 -1 0
    outer loop
      vertex 87.3 0 0
      vertex 83.3 0 4.4
      vertex 3 0 0
    endloop
  endfacet
  facet normal 0.0654873 0.997853 -0
    outer loop
      vertex 87.6916 61.2743 0
      vertex 87.3 61.3 26
      vertex 87.6916 61.2743 26
    endloop
  endfacet
  facet normal 0.0654873 0.997853 0
    outer loop
      vertex 87.3 61.3 26
      vertex 87.6916 61.2743 0
      vertex 87.3 61.3 0
    endloop
  endfacet
  facet normal 0 1 0
    outer loop
      vertex 20.011 61.3 19.25
      vertex 20.011 61.3 4
      vertex 13.75 61.3 19.25
    endloop
  endfacet
  facet normal 0 1 0
    outer loop
      vertex 3 61.3 26
      vertex 43.989 61.3 20.5
      vertex 20.25 61.3 20.75
    endloop
  endfacet
  facet normal 0 1 -0
    outer loop
      vertex 69.75 61.3 19.25
      vertex 43.989 61.3 20.5
      vertex 69.75 61.3 20.75
    endloop
  endfacet
  facet normal 0 1 0
    outer loop
      vertex 43.989 61.3 20.5
      vertex 69.75 61.3 19.25
      vertex 43.989 61.3 4
    endloop
  endfacet
  facet normal 0 1 0
    outer loop
      vertex 69.75 61.3 20.75
      vertex 87.3 61.3 26
      vertex 76.25 61.3 20.75
    endloop
  endfacet
  facet normal 0 1 0
    outer loop
      vertex 87.3 61.3 26
      vertex 76.25 61.3 19.25
      vertex 76.25 61.3 20.75
    endloop
  endfacet
  facet normal 0 1 0
    outer loop
      vertex 87.3 61.3 0
      vertex 69.75 61.3 19.25
      vertex 76.25 61.3 19.25
    endloop
  endfacet
  facet normal 0 1 0
    outer loop
      vertex 69.75 61.3 19.25
      vertex 44 61.3 2.01174
      vertex 43.989 61.3 4
    endloop
  endfacet
  facet normal 0 1 -0
    outer loop
      vertex 87.3 61.3 0
      vertex 76.25 61.3 19.25
      vertex 87.3 61.3 26
    endloop
  endfacet
  facet normal 0 1 0
    outer loop
      vertex 69.75 61.3 19.25
      vertex 87.3 61.3 0
      vertex 44 61.3 0
    endloop
  endfacet
  facet normal 0 1 0
    outer loop
      vertex 69.75 61.3 19.25
      vertex 44 61.3 0
      vertex 44 61.3 2.01174
    endloop
  endfacet
  facet normal 0 1 0
    outer loop
      vertex 43.989 61.3 20.5
      vertex 87.3 61.3 26
      vertex 69.75 61.3 20.75
    endloop
  endfacet
  facet normal 0 1 0
    outer loop
      vertex 87.3 61.3 26
      vertex 43.989 61.3 20.5
      vertex 3 61.3 26
    endloop
  endfacet
  facet normal 0 1 -0
    outer loop
      vertex 13.75 61.3 20.75
      vertex 3 61.3 26
      vertex 20.25 61.3 20.75
    endloop
  endfacet
  facet normal 0 1 -0
    outer loop
      vertex 13.75 61.3 19.25
      vertex 3 61.3 26
      vertex 13.75 61.3 20.75
    endloop
  endfacet
  facet normal 0 1 0
    outer loop
      vertex 3 61.3 0
      vertex 13.75 61.3 19.25
      vertex 20.011 61.3 4
    endloop
  endfacet
  facet normal 0 1 0
    outer loop
      vertex 3 61.3 0
      vertex 20.011 61.3 4
      vertex 20 61.3 2.01174
    endloop
  endfacet
  facet normal 0 1 0
    outer loop
      vertex 3 61.3 0
      vertex 20 61.3 2.01174
      vertex 20 61.3 0
    endloop
  endfacet
  facet normal 0 1 0
    outer loop
      vertex 13.75 61.3 19.25
      vertex 3 61.3 0
      vertex 3 61.3 26
    endloop
  endfacet
  facet normal 0 1 0
    outer loop
      vertex 20.25 61.3 20.75
      vertex 43.989 61.3 20.5
      vertex 20.25 61.3 20.5
    endloop
  endfacet
  facet normal 1 0 0
    outer loop
      vertex 90.3 4 26
      vertex 90.3 3 26
      vertex 90.3 4 4.4
    endloop
  endfacet
  facet normal 1 0 0
    outer loop
      vertex 90.3 57.3 4.4
      vertex 90.3 58.3 26
      vertex 90.3 57.3 26
    endloop
  endfacet
  facet normal 1 0 0
    outer loop
      vertex 90.3 58.3 26
      vertex 90.3 57.3 4.4
      vertex 90.3 58.3 0
    endloop
  endfacet
  facet normal 1 -0 0
    outer loop
      vertex 90.3 4 4.4
      vertex 90.3 58.3 0
      vertex 90.3 57.3 4.4
    endloop
  endfacet
  facet normal 1 0 0
    outer loop
      vertex 90.3 4 4.4
      vertex 90.3 3 0
      vertex 90.3 58.3 0
    endloop
  endfacet
  facet normal 1 0 0
    outer loop
      vertex 90.3 3 0
      vertex 90.3 4 4.4
      vertex 90.3 3 26
    endloop
  endfacet
  facet normal -0.751796 0.659396 0
    outer loop
      vertex 0.619934 60.1263 0
      vertex 0.878677 60.4213 26
      vertex 0.878677 60.4213 0
    endloop
  endfacet
  facet normal -0.751796 0.659396 0
    outer loop
      vertex 0.878677 60.4213 26
      vertex 0.619934 60.1263 0
      vertex 0.619934 60.1263 26
    endloop
  endfacet
  facet normal -0.555577 -0.831465 0
    outer loop
      vertex 1.17372 0.619934 0
      vertex 1.5 0.401917 26
      vertex 1.17372 0.619934 26
    endloop
  endfacet
  facet normal -0.555577 -0.831465 -0
    outer loop
      vertex 1.5 0.401917 26
      vertex 1.17372 0.619934 0
      vertex 1.5 0.401917 0
    endloop
  endfacet
  facet normal -0.195076 -0.980788 0
    outer loop
      vertex 2.22354 0.102219 0
      vertex 2.60843 0.0256653 26
      vertex 2.22354 0.102219 26
    endloop
  endfacet
  facet normal -0.195076 -0.980788 -0
    outer loop
      vertex 2.60843 0.0256653 26
      vertex 2.22354 0.102219 0
      vertex 2.60843 0.0256653 0
    endloop
  endfacet
  facet normal 0.0653993 -0.997859 0
    outer loop
      vertex 87.3 0 0
      vertex 87.6916 0.0256653 26
      vertex 87.3 0 26
    endloop
  endfacet
  facet normal 0.0653993 -0.997859 0
    outer loop
      vertex 87.6916 0.0256653 26
      vertex 87.3 0 0
      vertex 87.6916 0.0256653 0
    endloop
  endfacet
  facet normal 0.321574 0.946885 -0
    outer loop
      vertex 88.448 61.0716 0
      vertex 88.0764 61.1978 26
      vertex 88.448 61.0716 26
    endloop
  endfacet
  facet normal 0.321574 0.946885 0
    outer loop
      vertex 88.0764 61.1978 26
      vertex 88.448 61.0716 0
      vertex 88.0764 61.1978 0
    endloop
  endfacet
  facet normal 0.555523 0.831501 -0
    outer loop
      vertex 89.1263 60.6801 0
      vertex 88.8 60.8981 26
      vertex 89.1263 60.6801 26
    endloop
  endfacet
  facet normal 0.555523 0.831501 0
    outer loop
      vertex 88.8 60.8981 26
      vertex 89.1263 60.6801 0
      vertex 88.8 60.8981 0
    endloop
  endfacet
  facet normal 0.194989 0.980806 -0
    outer loop
      vertex 88.0764 61.1978 0
      vertex 87.6916 61.2743 26
      vertex 88.0764 61.1978 26
    endloop
  endfacet
  facet normal 0.194989 0.980806 0
    outer loop
      vertex 87.6916 61.2743 26
      vertex 88.0764 61.1978 0
      vertex 87.6916 61.2743 0
    endloop
  endfacet
  facet normal -0.0654923 0.997853 0
    outer loop
      vertex 3 61.3 0
      vertex 2.60843 61.2743 26
      vertex 3 61.3 26
    endloop
  endfacet
  facet normal -0.0654923 0.997853 0
    outer loop
      vertex 2.60843 61.2743 26
      vertex 3 61.3 0
      vertex 2.60843 61.2743 0
    endloop
  endfacet
  facet normal -0.442171 0.896931 0
    outer loop
      vertex 1.85194 61.0716 0
      vertex 1.5 60.8981 26
      vertex 1.85194 61.0716 26
    endloop
  endfacet
  facet normal -0.442171 0.896931 0
    outer loop
      vertex 1.5 60.8981 26
      vertex 1.85194 61.0716 0
      vertex 1.5 60.8981 0
    endloop
  endfacet
  facet normal -0.321574 0.946885 0
    outer loop
      vertex 2.22354 61.1978 0
      vertex 1.85194 61.0716 26
      vertex 2.22354 61.1978 26
    endloop
  endfacet
  facet normal -0.321574 0.946885 0
    outer loop
      vertex 1.85194 61.0716 26
      vertex 2.22354 61.1978 0
      vertex 1.85194 61.0716 0
    endloop
  endfacet
  facet normal -0.946928 0.321446 0
    outer loop
      vertex 0.102219 59.0764 0
      vertex 0.228363 59.448 26
      vertex 0.228363 59.448 0
    endloop
  endfacet
  facet normal -0.946928 0.321446 0
    outer loop
      vertex 0.228363 59.448 26
      vertex 0.102219 59.0764 0
      vertex 0.102219 59.0764 26
    endloop
  endfacet
  facet normal -0.980779 0.19512 0
    outer loop
      vertex 0.0256653 58.6916 0
      vertex 0.102219 59.0764 26
      vertex 0.102219 59.0764 0
    endloop
  endfacet
  facet normal -0.980779 0.19512 0
    outer loop
      vertex 0.102219 59.0764 26
      vertex 0.0256653 58.6916 0
      vertex 0.0256653 58.6916 26
    endloop
  endfacet
  facet normal -0.831481 0.555553 0
    outer loop
      vertex 0.401917 59.8 0
      vertex 0.619934 60.1263 26
      vertex 0.619934 60.1263 0
    endloop
  endfacet
  facet normal -0.831481 0.555553 0
    outer loop
      vertex 0.619934 60.1263 26
      vertex 0.401917 59.8 0
      vertex 0.401917 59.8 26
    endloop
  endfacet
  facet normal 0 0 -1
    outer loop
      vertex 18 38 0
      vertex 20 61.3 0
      vertex 21.2 38 0
    endloop
  endfacet
  facet normal -0 0 -1
    outer loop
      vertex 18 18 0
      vertex 0 3 0
      vertex 18 38 0
    endloop
  endfacet
  facet normal 0 0 -1
    outer loop
      vertex 0 58.3 0
      vertex 18 38 0
      vertex 0 3 0
    endloop
  endfacet
  facet normal 0 0 -1
    outer loop
      vertex 0 3 0
      vertex 3 0 0
      vertex 2.60843 0.0256653 0
    endloop
  endfacet
  facet normal 0 -0 -1
    outer loop
      vertex 3 61.3 0
      vertex 18 38 0
      vertex 0 58.3 0
    endloop
  endfacet
  facet normal 0 0 -1
    outer loop
      vertex 0 3 0
      vertex 2.60843 0.0256653 0
      vertex 2.22354 0.102219 0
    endloop
  endfacet
  facet normal 0 0 -1
    outer loop
      vertex 18 38 0
      vertex 3 61.3 0
      vertex 20 61.3 0
    endloop
  endfacet
  facet normal 0 0 -1
    outer loop
      vertex 0 3 0
      vertex 2.22354 0.102219 0
      vertex 1.85194 0.228363 0
    endloop
  endfacet
  facet normal 0 0 -1
    outer loop
      vertex 3 61.3 0
      vertex 0 58.3 0
      vertex 2.60843 61.2743 0
    endloop
  endfacet
  facet normal 0 0 -1
    outer loop
      vertex 0 3 0
      vertex 1.85194 0.228363 0
      vertex 1.5 0.401917 0
    endloop
  endfacet
  facet normal 0 0 -1
    outer loop
      vertex 2.60843 61.2743 0
      vertex 0 58.3 0
      vertex 2.22354 61.1978 0
    endloop
  endfacet
  facet normal 0 0 -1
    outer loop
      vertex 0 3 0
      vertex 1.5 0.401917 0
      vertex 1.17372 0.619934 0
    endloop
  endfacet
  facet normal 0 0 -1
    outer loop
      vertex 2.22354 61.1978 0
      vertex 0 58.3 0
      vertex 1.85194 61.0716 0
    endloop
  endfacet
  facet normal 0 0 -1
    outer loop
      vertex 0 3 0
      vertex 1.17372 0.619934 0
      vertex 0.878677 0.878677 0
    endloop
  endfacet
  facet normal 0 0 -1
    outer loop
      vertex 1.85194 61.0716 0
      vertex 0 58.3 0
      vertex 1.5 60.8981 0
    endloop
  endfacet
  facet normal 0 0 -1
    outer loop
      vertex 0 3 0
      vertex 0.878677 0.878677 0
      vertex 0.619934 1.17372 0
    endloop
  endfacet
  facet normal 0 0 -1
    outer loop
      vertex 1.5 60.8981 0
      vertex 0 58.3 0
      vertex 1.17372 60.6801 0
    endloop
  endfacet
  facet normal 0 0 -1
    outer loop
      vertex 0 3 0
      vertex 0.619934 1.17372 0
      vertex 0.401917 1.5 0
    endloop
  endfacet
  facet normal 0 0 -1
    outer loop
      vertex 1.17372 60.6801 0
      vertex 0 58.3 0
      vertex 0.878677 60.4213 0
    endloop
  endfacet
  facet normal 0 0 -1
    outer loop
      vertex 0 3 0
      vertex 0.401917 1.5 0
      vertex 0.228363 1.85194 0
    endloop
  endfacet
  facet normal 0 0 -1
    outer loop
      vertex 0.878677 60.4213 0
      vertex 0 58.3 0
      vertex 0.619934 60.1263 0
    endloop
  endfacet
  facet normal 0 0 -1
    outer loop
      vertex 0 3 0
      vertex 0.228363 1.85194 0
      vertex 0.102219 2.22354 0
    endloop
  endfacet
  facet normal 0 0 -1
    outer loop
      vertex 0.619934 60.1263 0
      vertex 0 58.3 0
      vertex 0.401917 59.8 0
    endloop
  endfacet
  facet normal 0 0 -1
    outer loop
      vertex 0 3 0
      vertex 0.102219 2.22354 0
      vertex 0.0256653 2.60843 0
    endloop
  endfacet
  facet normal 0 0 -1
    outer loop
      vertex 0.401917 59.8 0
      vertex 0 58.3 0
      vertex 0.228363 59.448 0
    endloop
  endfacet
  facet normal 0 0 -1
    outer loop
      vertex 0.228363 59.448 0
      vertex 0 58.3 0
      vertex 0.102219 59.0764 0
    endloop
  endfacet
  facet normal 0 0 -1
    outer loop
      vertex 0.102219 59.0764 0
      vertex 0 58.3 0
      vertex 0.0256653 58.6916 0
    endloop
  endfacet
  facet normal 0 0 -1
    outer loop
      vertex 87.3 0 0
      vertex 90.3 3 0
      vertex 90.2743 2.60843 0
    endloop
  endfacet
  facet normal 0 0 -1
    outer loop
      vertex 90.3 3 0
      vertex 69.2 38 0
      vertex 90.3 58.3 0
    endloop
  endfacet
  facet normal 0 0 -1
    outer loop
      vertex 87.3 0 0
      vertex 90.2743 2.60843 0
      vertex 90.1978 2.22354 0
    endloop
  endfacet
  facet normal 0 -0 -1
    outer loop
      vertex 87.3 61.3 0
      vertex 90.3 58.3 0
      vertex 69.2 38 0
    endloop
  endfacet
  facet normal 0 0 -1
    outer loop
      vertex 87.3 0 0
      vertex 90.1978 2.22354 0
      vertex 90.0716 1.85194 0
    endloop
  endfacet
  facet normal 0 0 -1
    outer loop
      vertex 90.3 58.3 0
      vertex 87.3 61.3 0
      vertex 90.2743 58.6916 0
    endloop
  endfacet
  facet normal 0 0 -1
    outer loop
      vertex 87.3 0 0
      vertex 90.0716 1.85194 0
      vertex 89.8981 1.5 0
    endloop
  endfacet
  facet normal 0 0 -1
    outer loop
      vertex 90.2743 58.6916 0
      vertex 87.3 61.3 0
      vertex 90.1978 59.0764 0
    endloop
  endfacet
  facet normal 0 0 -1
    outer loop
      vertex 87.3 0 0
      vertex 89.8981 1.5 0
      vertex 89.6801 1.17372 0
    endloop
  endfacet
  facet normal 0 0 -1
    outer loop
      vertex 90.1978 59.0764 0
      vertex 87.3 61.3 0
      vertex 90.0716 59.448 0
    endloop
  endfacet
  facet normal 0 0 -1
    outer loop
      vertex 87.3 0 0
      vertex 89.6801 1.17372 0
      vertex 89.4213 0.878677 0
    endloop
  endfacet
  facet normal 0 0 -1
    outer loop
      vertex 90.0716 59.448 0
      vertex 87.3 61.3 0
      vertex 89.8981 59.8 0
    endloop
  endfacet
  facet normal 0 0 -1
    outer loop
      vertex 87.3 0 0
      vertex 89.4213 0.878677 0
      vertex 89.1263 0.619934 0
    endloop
  endfacet
  facet normal 0 0 -1
    outer loop
      vertex 89.8981 59.8 0
      vertex 87.3 61.3 0
      vertex 89.6801 60.1263 0
    endloop
  endfacet
  facet normal 0 0 -1
    outer loop
      vertex 87.3 0 0
      vertex 89.1263 0.619934 0
      vertex 88.8 0.401917 0
    endloop
  endfacet
  facet normal 0 0 -1
    outer loop
      vertex 89.6801 60.1263 0
      vertex 87.3 61.3 0
      vertex 89.4213 60.4213 0
    endloop
  endfacet
  facet normal 0 0 -1
    outer loop
      vertex 87.3 0 0
      vertex 88.8 0.401917 0
      vertex 88.448 0.228363 0
    endloop
  endfacet
  facet normal 0 0 -1
    outer loop
      vertex 89.4213 60.4213 0
      vertex 87.3 61.3 0
      vertex 89.1263 60.6801 0
    endloop
  endfacet
  facet normal 0 0 -1
    outer loop
      vertex 87.3 0 0
      vertex 88.448 0.228363 0
      vertex 88.0764 0.102219 0
    endloop
  endfacet
  facet normal 0 0 -1
    outer loop
      vertex 89.1263 60.6801 0
      vertex 87.3 61.3 0
      vertex 88.8 60.8981 0
    endloop
  endfacet
  facet normal 0 0 -1
    outer loop
      vertex 87.3 0 0
      vertex 88.0764 0.102219 0
      vertex 87.6916 0.0256653 0
    endloop
  endfacet
  facet normal 0 0 -1
    outer loop
      vertex 88.8 60.8981 0
      vertex 87.3 61.3 0
      vertex 88.448 61.0716 0
    endloop
  endfacet
  facet normal -0 0 -1
    outer loop
      vertex 90.3 3 0
      vertex 87.3 0 0
      vertex 69.2 18 0
    endloop
  endfacet
  facet normal 0 0 -1
    outer loop
      vertex 88.448 61.0716 0
      vertex 87.3 61.3 0
      vertex 88.0764 61.1978 0
    endloop
  endfacet
  facet normal 0 0 -1
    outer loop
      vertex 90.3 3 0
      vertex 69.2 18 0
      vertex 69.2 38 0
    endloop
  endfacet
  facet normal 0 0 -1
    outer loop
      vertex 87.3 0 0
      vertex 66 18 0
      vertex 69.2 18 0
    endloop
  endfacet
  facet normal 0 0 -1
    outer loop
      vertex 66 18 0
      vertex 61.2 18 0
      vertex 66 38 0
    endloop
  endfacet
  facet normal 0 0 -1
    outer loop
      vertex 87.3 0 0
      vertex 61.2 18 0
      vertex 66 18 0
    endloop
  endfacet
  facet normal 0 0 -1
    outer loop
      vertex 87.3 0 0
      vertex 58 18 0
      vertex 61.2 18 0
    endloop
  endfacet
  facet normal 0 0 -1
    outer loop
      vertex 58 18 0
      vertex 53.2 18 0
      vertex 58 38 0
    endloop
  endfacet
  facet normal 0 0 -1
    outer loop
      vertex 87.3 0 0
      vertex 53.2 18 0
      vertex 58 18 0
    endloop
  endfacet
  facet normal 0 0 -1
    outer loop
      vertex 87.3 0 0
      vertex 50 18 0
      vertex 53.2 18 0
    endloop
  endfacet
  facet normal 0 0 -1
    outer loop
      vertex 50 18 0
      vertex 45.2 18 0
      vertex 50 38 0
    endloop
  endfacet
  facet normal 0 0 -1
    outer loop
      vertex 87.3 0 0
      vertex 45.2 18 0
      vertex 50 18 0
    endloop
  endfacet
  facet normal 0 0 -1
    outer loop
      vertex 3 0 0
      vertex 45.2 18 0
      vertex 87.3 0 0
    endloop
  endfacet
  facet normal 0 0 -1
    outer loop
      vertex 42 18 0
      vertex 37.2 18 0
      vertex 42 38 0
    endloop
  endfacet
  facet normal -0 0 -1
    outer loop
      vertex 45.2 18 0
      vertex 3 0 0
      vertex 42 18 0
    endloop
  endfacet
  facet normal -0 0 -1
    outer loop
      vertex 42 18 0
      vertex 3 0 0
      vertex 37.2 18 0
    endloop
  endfacet
  facet normal 0 0 -1
    outer loop
      vertex 34 18 0
      vertex 29.2 18 0
      vertex 34 38 0
    endloop
  endfacet
  facet normal -0 0 -1
    outer loop
      vertex 37.2 18 0
      vertex 3 0 0
      vertex 34 18 0
    endloop
  endfacet
  facet normal -0 0 -1
    outer loop
      vertex 34 18 0
      vertex 3 0 0
      vertex 29.2 18 0
    endloop
  endfacet
  facet normal 0 0 -1
    outer loop
      vertex 26 18 0
      vertex 21.2 18 0
      vertex 26 38 0
    endloop
  endfacet
  facet normal -0 0 -1
    outer loop
      vertex 29.2 18 0
      vertex 3 0 0
      vertex 26 18 0
    endloop
  endfacet
  facet normal -0 0 -1
    outer loop
      vertex 26 18 0
      vertex 3 0 0
      vertex 21.2 18 0
    endloop
  endfacet
  facet normal 0 0 -1
    outer loop
      vertex 0 3 0
      vertex 18 18 0
      vertex 3 0 0
    endloop
  endfacet
  facet normal -0 0 -1
    outer loop
      vertex 21.2 18 0
      vertex 3 0 0
      vertex 18 18 0
    endloop
  endfacet
  facet normal 0 0 -1
    outer loop
      vertex 88.0764 61.1978 0
      vertex 87.3 61.3 0
      vertex 87.6916 61.2743 0
    endloop
  endfacet
  facet normal 0 0 -1
    outer loop
      vertex 66 38 0
      vertex 87.3 61.3 0
      vertex 69.2 38 0
    endloop
  endfacet
  facet normal 0 0 -1
    outer loop
      vertex 61.2 38 0
      vertex 66 38 0
      vertex 61.2 18 0
    endloop
  endfacet
  facet normal 0 0 -1
    outer loop
      vertex 44 61.3 0
      vertex 66 38 0
      vertex 61.2 38 0
    endloop
  endfacet
  facet normal 0 0 -1
    outer loop
      vertex 44 61.3 0
      vertex 61.2 38 0
      vertex 58 38 0
    endloop
  endfacet
  facet normal 0 0 -1
    outer loop
      vertex 53.2 38 0
      vertex 58 38 0
      vertex 53.2 18 0
    endloop
  endfacet
  facet normal 0 0 -1
    outer loop
      vertex 44 61.3 0
      vertex 58 38 0
      vertex 53.2 38 0
    endloop
  endfacet
  facet normal 0 0 -1
    outer loop
      vertex 44 61.3 0
      vertex 53.2 38 0
      vertex 50 38 0
    endloop
  endfacet
  facet normal 0 0 -1
    outer loop
      vertex 45.2 38 0
      vertex 50 38 0
      vertex 45.2 18 0
    endloop
  endfacet
  facet normal 0 0 -1
    outer loop
      vertex 44 61.3 0
      vertex 50 38 0
      vertex 45.2 38 0
    endloop
  endfacet
  facet normal 0 0 -1
    outer loop
      vertex 66 38 0
      vertex 44 61.3 0
      vertex 87.3 61.3 0
    endloop
  endfacet
  facet normal 0 0 -1
    outer loop
      vertex 42 38 0
      vertex 44 61.3 0
      vertex 45.2 38 0
    endloop
  endfacet
  facet normal 0 0 -1
    outer loop
      vertex 37.2 38 0
      vertex 44 61.3 0
      vertex 42 38 0
    endloop
  endfacet
  facet normal 0 0 -1
    outer loop
      vertex 37.2 38 0
      vertex 42 38 0
      vertex 37.2 18 0
    endloop
  endfacet
  facet normal 0 0 -1
    outer loop
      vertex 34 38 0
      vertex 44 61.3 0
      vertex 37.2 38 0
    endloop
  endfacet
  facet normal 0 0 -1
    outer loop
      vertex 20 61.3 0
      vertex 44 61.3 0
      vertex 34 38 0
    endloop
  endfacet
  facet normal 0 0 -1
    outer loop
      vertex 29.2 38 0
      vertex 34 38 0
      vertex 29.2 18 0
    endloop
  endfacet
  facet normal 0 0 -1
    outer loop
      vertex 20 61.3 0
      vertex 34 38 0
      vertex 29.2 38 0
    endloop
  endfacet
  facet normal 0 0 -1
    outer loop
      vertex 20 61.3 0
      vertex 29.2 38 0
      vertex 26 38 0
    endloop
  endfacet
  facet normal 0 0 -1
    outer loop
      vertex 21.2 38 0
      vertex 26 38 0
      vertex 21.2 18 0
    endloop
  endfacet
  facet normal 0 0 -1
    outer loop
      vertex 20 61.3 0
      vertex 26 38 0
      vertex 21.2 38 0
    endloop
  endfacet
  facet normal 0 0 -1
    outer loop
      vertex 44 61.3 0
      vertex 20 61.3 0
      vertex 44 61.32 0
    endloop
  endfacet
  facet normal -0 0 -1
    outer loop
      vertex 44 61.32 0
      vertex 20 61.3 0
      vertex 20 61.32 0
    endloop
  endfacet
  facet normal -0.442281 -0.896876 0
    outer loop
      vertex 1.5 0.401917 0
      vertex 1.85194 0.228363 26
      vertex 1.5 0.401917 26
    endloop
  endfacet
  facet normal -0.442281 -0.896876 -0
    outer loop
      vertex 1.85194 0.228363 26
      vertex 1.5 0.401917 0
      vertex 1.85194 0.228363 0
    endloop
  endfacet
  facet normal -0.0654043 -0.997859 0
    outer loop
      vertex 2.60843 0.0256653 0
      vertex 3 0 26
      vertex 2.60843 0.0256653 26
    endloop
  endfacet
  facet normal -0.0654043 -0.997859 -0
    outer loop
      vertex 3 0 26
      vertex 2.60843 0.0256653 0
      vertex 3 0 0
    endloop
  endfacet
  facet normal 0.44211 0.896961 -0
    outer loop
      vertex 88.8 60.8981 0
      vertex 88.448 61.0716 26
      vertex 88.8 60.8981 26
    endloop
  endfacet
  facet normal 0.44211 0.896961 0
    outer loop
      vertex 88.448 61.0716 26
      vertex 88.8 60.8981 0
      vertex 88.448 61.0716 0
    endloop
  endfacet
  facet normal 0.896961 0.44211 0
    outer loop
      vertex 90.0716 59.448 26
      vertex 89.8981 59.8 0
      vertex 89.8981 59.8 26
    endloop
  endfacet
  facet normal 0.896961 0.44211 0
    outer loop
      vertex 89.8981 59.8 0
      vertex 90.0716 59.448 26
      vertex 90.0716 59.448 0
    endloop
  endfacet
  facet normal 0.896931 -0.442171 0
    outer loop
      vertex 89.8981 1.5 26
      vertex 90.0716 1.85194 0
      vertex 90.0716 1.85194 26
    endloop
  endfacet
  facet normal 0.896931 -0.442171 0
    outer loop
      vertex 90.0716 1.85194 0
      vertex 89.8981 1.5 26
      vertex 89.8981 1.5 0
    endloop
  endfacet
  facet normal 0.980814 -0.194945 0
    outer loop
      vertex 90.1978 2.22354 26
      vertex 90.2743 2.60843 0
      vertex 90.2743 2.60843 26
    endloop
  endfacet
  facet normal 0.980814 -0.194945 0
    outer loop
      vertex 90.2743 2.60843 0
      vertex 90.1978 2.22354 26
      vertex 90.1978 2.22354 0
    endloop
  endfacet
  facet normal 0.751771 -0.659424 0
    outer loop
      vertex 89.4213 0.878677 26
      vertex 89.6801 1.17372 0
      vertex 89.6801 1.17372 26
    endloop
  endfacet
  facet normal 0.751771 -0.659424 0
    outer loop
      vertex 89.6801 1.17372 0
      vertex 89.4213 0.878677 26
      vertex 89.4213 0.878677 0
    endloop
  endfacet
  facet normal 0.442221 -0.896906 0
    outer loop
      vertex 88.448 0.228363 0
      vertex 88.8 0.401917 26
      vertex 88.448 0.228363 26
    endloop
  endfacet
  facet normal 0.442221 -0.896906 0
    outer loop
      vertex 88.8 0.401917 26
      vertex 88.448 0.228363 0
      vertex 88.8 0.401917 0
    endloop
  endfacet
  facet normal -0.659424 0.751771 0
    outer loop
      vertex 1.17372 60.6801 0
      vertex 0.878677 60.4213 26
      vertex 1.17372 60.6801 26
    endloop
  endfacet
  facet normal -0.659424 0.751771 0
    outer loop
      vertex 0.878677 60.4213 26
      vertex 1.17372 60.6801 0
      vertex 0.878677 60.4213 0
    endloop
  endfacet
  facet normal -0.555547 0.831485 0
    outer loop
      vertex 1.5 60.8981 0
      vertex 1.17372 60.6801 26
      vertex 1.5 60.8981 26
    endloop
  endfacet
  facet normal -0.555547 0.831485 0
    outer loop
      vertex 1.17372 60.6801 26
      vertex 1.5 60.8981 0
      vertex 1.17372 60.6801 0
    endloop
  endfacet
  facet normal -0.896906 0.442221 0
    outer loop
      vertex 0.228363 59.448 0
      vertex 0.401917 59.8 26
      vertex 0.401917 59.8 0
    endloop
  endfacet
  facet normal -0.896906 0.442221 0
    outer loop
      vertex 0.401917 59.8 26
      vertex 0.228363 59.448 0
      vertex 0.228363 59.448 26
    endloop
  endfacet
  facet normal -0.997859 -0.0654043 0
    outer loop
      vertex 0.0256653 2.60843 0
      vertex 0 3 26
      vertex 0 3 0
    endloop
  endfacet
  facet normal -0.997859 -0.0654043 0
    outer loop
      vertex 0 3 26
      vertex 0.0256653 2.60843 0
      vertex 0.0256653 2.60843 26
    endloop
  endfacet
  facet normal -0.946928 -0.321446 0
    outer loop
      vertex 0.228363 1.85194 0
      vertex 0.102219 2.22354 26
      vertex 0.102219 2.22354 0
    endloop
  endfacet
  facet normal -0.946928 -0.321446 0
    outer loop
      vertex 0.102219 2.22354 26
      vertex 0.228363 1.85194 0
      vertex 0.228363 1.85194 26
    endloop
  endfacet
  facet normal -0.831465 -0.555577 0
    outer loop
      vertex 0.619934 1.17372 0
      vertex 0.401917 1.5 26
      vertex 0.401917 1.5 0
    endloop
  endfacet
  facet normal -0.831465 -0.555577 0
    outer loop
      vertex 0.401917 1.5 26
      vertex 0.619934 1.17372 0
      vertex 0.619934 1.17372 26
    endloop
  endfacet
  facet normal -0.659342 -0.751843 0
    outer loop
      vertex 0.878677 0.878677 0
      vertex 1.17372 0.619934 26
      vertex 0.878677 0.878677 26
    endloop
  endfacet
  facet normal -0.659342 -0.751843 -0
    outer loop
      vertex 1.17372 0.619934 26
      vertex 0.878677 0.878677 0
      vertex 1.17372 0.619934 0
    endloop
  endfacet
  facet normal -0.321446 -0.946928 0
    outer loop
      vertex 1.85194 0.228363 0
      vertex 2.22354 0.102219 26
      vertex 1.85194 0.228363 26
    endloop
  endfacet
  facet normal -0.321446 -0.946928 -0
    outer loop
      vertex 2.22354 0.102219 26
      vertex 1.85194 0.228363 0
      vertex 2.22354 0.102219 0
    endloop
  endfacet
  facet normal 0.980806 0.194989 0
    outer loop
      vertex 90.2743 58.6916 26
      vertex 90.1978 59.0764 0
      vertex 90.1978 59.0764 26
    endloop
  endfacet
  facet normal 0.980806 0.194989 0
    outer loop
      vertex 90.1978 59.0764 0
      vertex 90.2743 58.6916 26
      vertex 90.2743 58.6916 0
    endloop
  endfacet
  facet normal 0.997853 0.0654873 0
    outer loop
      vertex 90.3 58.3 26
      vertex 90.2743 58.6916 0
      vertex 90.2743 58.6916 26
    endloop
  endfacet
  facet normal 0.997853 0.0654873 0
    outer loop
      vertex 90.2743 58.6916 0
      vertex 90.3 58.3 26
      vertex 90.3 58.3 0
    endloop
  endfacet
  facet normal 0.946885 0.321574 0
    outer loop
      vertex 90.1978 59.0764 26
      vertex 90.0716 59.448 0
      vertex 90.0716 59.448 26
    endloop
  endfacet
  facet normal 0.946885 0.321574 0
    outer loop
      vertex 90.0716 59.448 0
      vertex 90.1978 59.0764 26
      vertex 90.1978 59.0764 0
    endloop
  endfacet
  facet normal 0.831501 0.555523 0
    outer loop
      vertex 89.8981 59.8 26
      vertex 89.6801 60.1263 0
      vertex 89.6801 60.1263 26
    endloop
  endfacet
  facet normal 0.831501 0.555523 0
    outer loop
      vertex 89.6801 60.1263 0
      vertex 89.8981 59.8 26
      vertex 89.8981 59.8 0
    endloop
  endfacet
  facet normal 0.751724 0.659478 0
    outer loop
      vertex 89.6801 60.1263 26
      vertex 89.4213 60.4213 0
      vertex 89.4213 60.4213 26
    endloop
  endfacet
  facet normal 0.751724 0.659478 0
    outer loop
      vertex 89.4213 60.4213 0
      vertex 89.6801 60.1263 26
      vertex 89.6801 60.1263 0
    endloop
  endfacet
  facet normal 0.946885 -0.321574 0
    outer loop
      vertex 90.0716 1.85194 26
      vertex 90.1978 2.22354 0
      vertex 90.1978 2.22354 26
    endloop
  endfacet
  facet normal 0.946885 -0.321574 0
    outer loop
      vertex 90.1978 2.22354 0
      vertex 90.0716 1.85194 26
      vertex 90.0716 1.85194 0
    endloop
  endfacet
  facet normal 0.997853 -0.0654923 0
    outer loop
      vertex 90.2743 2.60843 26
      vertex 90.3 3 0
      vertex 90.3 3 26
    endloop
  endfacet
  facet normal 0.997853 -0.0654923 0
    outer loop
      vertex 90.3 3 0
      vertex 90.2743 2.60843 26
      vertex 90.2743 2.60843 0
    endloop
  endfacet
  facet normal 0.831485 -0.555547 0
    outer loop
      vertex 89.6801 1.17372 26
      vertex 89.8981 1.5 0
      vertex 89.8981 1.5 26
    endloop
  endfacet
  facet normal 0.831485 -0.555547 0
    outer loop
      vertex 89.8981 1.5 0
      vertex 89.6801 1.17372 26
      vertex 89.6801 1.17372 0
    endloop
  endfacet
  facet normal 0.555553 -0.831481 0
    outer loop
      vertex 88.8 0.401917 0
      vertex 89.1263 0.619934 26
      vertex 88.8 0.401917 26
    endloop
  endfacet
  facet normal 0.555553 -0.831481 0
    outer loop
      vertex 89.1263 0.619934 26
      vertex 88.8 0.401917 0
      vertex 89.1263 0.619934 0
    endloop
  endfacet
  facet normal -0.980788 -0.195076 0
    outer loop
      vertex 0.102219 2.22354 0
      vertex 0.0256653 2.60843 26
      vertex 0.0256653 2.60843 0
    endloop
  endfacet
  facet normal -0.980788 -0.195076 0
    outer loop
      vertex 0.0256653 2.60843 26
      vertex 0.102219 2.22354 0
      vertex 0.102219 2.22354 26
    endloop
  endfacet
  facet normal -0.896876 -0.442281 0
    outer loop
      vertex 0.401917 1.5 0
      vertex 0.228363 1.85194 26
      vertex 0.228363 1.85194 0
    endloop
  endfacet
  facet normal -0.896876 -0.442281 0
    outer loop
      vertex 0.228363 1.85194 26
      vertex 0.401917 1.5 0
      vertex 0.401917 1.5 26
    endloop
  endfacet
  facet normal -0.751843 -0.659342 0
    outer loop
      vertex 0.878677 0.878677 0
      vertex 0.619934 1.17372 26
      vertex 0.619934 1.17372 0
    endloop
  endfacet
  facet normal -0.751843 -0.659342 0
    outer loop
      vertex 0.619934 1.17372 26
      vertex 0.878677 0.878677 0
      vertex 0.878677 0.878677 26
    endloop
  endfacet
  facet normal 0.659396 -0.751796 0
    outer loop
      vertex 89.1263 0.619934 0
      vertex 89.4213 0.878677 26
      vertex 89.1263 0.619934 26
    endloop
  endfacet
  facet normal 0.659396 -0.751796 0
    outer loop
      vertex 89.4213 0.878677 26
      vertex 89.1263 0.619934 0
      vertex 89.4213 0.878677 0
    endloop
  endfacet
  facet normal -0.321451 0.946926 0
    outer loop
      vertex 87.6827 2.07613 2
      vertex 87.5588 2.03407 26
      vertex 87.6827 2.07613 26
    endloop
  endfacet
  facet normal -0.321451 0.946926 0
    outer loop
      vertex 87.5588 2.03407 26
      vertex 87.6827 2.07613 2
      vertex 87.5588 2.03407 2
    endloop
  endfacet
  facet normal -0.0654532 0.997856 0
    outer loop
      vertex 87.4305 2.00856 2
      vertex 87.3 2 26
      vertex 87.4305 2.00856 26
    endloop
  endfacet
  facet normal -0.0654532 0.997856 0
    outer loop
      vertex 87.3 2 26
      vertex 87.4305 2.00856 2
      vertex 87.3 2 2
    endloop
  endfacet
  facet normal 0.19494 -0.980815 0
    outer loop
      vertex 2.74118 59.2659 2
      vertex 2.86948 59.2914 26
      vertex 2.74118 59.2659 26
    endloop
  endfacet
  facet normal 0.19494 -0.980815 0
    outer loop
      vertex 2.86948 59.2914 26
      vertex 2.74118 59.2659 2
      vertex 2.86948 59.2914 2
    endloop
  endfacet
  facet normal -0.195013 0.980801 0
    outer loop
      vertex 87.5588 2.03407 2
      vertex 87.4305 2.00856 26
      vertex 87.5588 2.03407 26
    endloop
  endfacet
  facet normal -0.195013 0.980801 0
    outer loop
      vertex 87.4305 2.00856 26
      vertex 87.5588 2.03407 2
      vertex 87.4305 2.00856 2
    endloop
  endfacet
  facet normal -0.659316 -0.751866 0
    outer loop
      vertex 87.9088 59.0933 2
      vertex 88.0071 59.0071 26
      vertex 87.9088 59.0933 26
    endloop
  endfacet
  facet normal -0.659316 -0.751866 -0
    outer loop
      vertex 88.0071 59.0071 26
      vertex 87.9088 59.0933 2
      vertex 88.0071 59.0071 2
    endloop
  endfacet
  facet normal 0.997856 -0.0654532 0
    outer loop
      vertex 2 58.3 26
      vertex 2.00856 58.4305 2
      vertex 2.00856 58.4305 26
    endloop
  endfacet
  facet normal 0.997856 -0.0654532 0
    outer loop
      vertex 2.00856 58.4305 2
      vertex 2 58.3 26
      vertex 2 58.3 2
    endloop
  endfacet
  facet normal 1 0 0
    outer loop
      vertex 2 53.25 19.25
      vertex 2 58.3 26
      vertex 2 53.25 20.75
    endloop
  endfacet
  facet normal 1 0 0
    outer loop
      vertex 2 58.3 26
      vertex 2 46.75 20.75
      vertex 2 53.25 20.75
    endloop
  endfacet
  facet normal 1 0 0
    outer loop
      vertex 2 36 17
      vertex 2 46.75 19.25
      vertex 2 46.75 20.75
    endloop
  endfacet
  facet normal 1 0 0
    outer loop
      vertex 2 46.75 19.25
      vertex 2 36 17
      vertex 2 44 9
    endloop
  endfacet
  facet normal 1 -0 0
    outer loop
      vertex 2 3 26
      vertex 2 46.75 20.75
      vertex 2 58.3 26
    endloop
  endfacet
  facet normal 1 0 0
    outer loop
      vertex 2 46.75 20.75
      vertex 2 13.25 20.75
      vertex 2 36 17
    endloop
  endfacet
  facet normal 1 0 0
    outer loop
      vertex 2 24 17
      vertex 2 13.25 19.25
      vertex 2 16 9
    endloop
  endfacet
  facet normal 1 -0 0
    outer loop
      vertex 2 13.25 19.25
      vertex 2 24 17
      vertex 2 13.25 20.75
    endloop
  endfacet
  facet normal 1 0 0
    outer loop
      vertex 2 36 17
      vertex 2 13.25 20.75
      vertex 2 24 17
    endloop
  endfacet
  facet normal 1 0 0
    outer loop
      vertex 2 46.75 20.75
      vertex 2 3 26
      vertex 2 13.25 20.75
    endloop
  endfacet
  facet normal 1 0 0
    outer loop
      vertex 2 6.75 20.75
      vertex 2 3 26
      vertex 2 6.75 19.25
    endloop
  endfacet
  facet normal 1 0 0
    outer loop
      vertex 2 13.25 20.75
      vertex 2 3 26
      vertex 2 6.75 20.75
    endloop
  endfacet
  facet normal 1 0 0
    outer loop
      vertex 2 58.3 26
      vertex 2 53.25 19.25
      vertex 2 58.3 2
    endloop
  endfacet
  facet normal 1 0 0
    outer loop
      vertex 2 44 9
      vertex 2 53.25 19.25
      vertex 2 46.75 19.25
    endloop
  endfacet
  facet normal 1 0 0
    outer loop
      vertex 2 53.25 19.25
      vertex 2 44 9
      vertex 2 58.3 2
    endloop
  endfacet
  facet normal 1 0 0
    outer loop
      vertex 2 58.3 2
      vertex 2 44 9
      vertex 2 44 2
    endloop
  endfacet
  facet normal 1 -0 0
    outer loop
      vertex 2 6.75 19.25
      vertex 2 16 9
      vertex 2 13.25 19.25
    endloop
  endfacet
  facet normal 1 0 0
    outer loop
      vertex 2 3 2
      vertex 2 16 9
      vertex 2 6.75 19.25
    endloop
  endfacet
  facet normal 1 0 0
    outer loop
      vertex 2 3 2
      vertex 2 6.75 19.25
      vertex 2 3 26
    endloop
  endfacet
  facet normal 1 0 0
    outer loop
      vertex 2 16 9
      vertex 2 3 2
      vertex 2 16 2
    endloop
  endfacet
  facet normal 0 1 0
    outer loop
      vertex 87.3 2 26
      vertex 83.3 2 4.4
      vertex 83.3 2 26
    endloop
  endfacet
  facet normal 0 1 0
    outer loop
      vertex 83.3 2 4.4
      vertex 87.3 2 2
      vertex 7 2 4.4
    endloop
  endfacet
  facet normal 0 1 -0
    outer loop
      vertex 87.3 2 2
      vertex 83.3 2 4.4
      vertex 87.3 2 26
    endloop
  endfacet
  facet normal 0 1 -0
    outer loop
      vertex 7 2 4.4
      vertex 3 2 26
      vertex 7 2 26
    endloop
  endfacet
  facet normal 0 1 0
    outer loop
      vertex 7 2 4.4
      vertex 3 2 2
      vertex 3 2 26
    endloop
  endfacet
  facet normal 0 1 0
    outer loop
      vertex 3 2 2
      vertex 7 2 4.4
      vertex 87.3 2 2
    endloop
  endfacet
  facet normal -0.0657577 -0.997836 0
    outer loop
      vertex 87.3 59.3 2
      vertex 87.4305 59.2914 26
      vertex 87.3 59.3 26
    endloop
  endfacet
  facet normal -0.0657577 -0.997836 -0
    outer loop
      vertex 87.4305 59.2914 26
      vertex 87.3 59.3 2
      vertex 87.4305 59.2914 2
    endloop
  endfacet
  facet normal 0 -1 0
    outer loop
      vertex 20.25 59.3 19.25
      vertex 69.75 59.3 20.75
      vertex 20.25 59.3 20.75
    endloop
  endfacet
  facet normal 0 -1 -0
    outer loop
      vertex 69.75 59.3 20.75
      vertex 20.25 59.3 19.25
      vertex 69.75 59.3 19.25
    endloop
  endfacet
  facet normal 0 -1 0
    outer loop
      vertex 20.25 59.3 20.75
      vertex 3 59.3 26
      vertex 13.75 59.3 20.75
    endloop
  endfacet
  facet normal 0 -1 0
    outer loop
      vertex 3 59.3 26
      vertex 13.75 59.3 19.25
      vertex 13.75 59.3 20.75
    endloop
  endfacet
  facet normal 0 -1 0
    outer loop
      vertex 3 59.3 2
      vertex 20.25 59.3 19.25
      vertex 13.75 59.3 19.25
    endloop
  endfacet
  facet normal 0 -1 -0
    outer loop
      vertex 20.25 59.3 19.25
      vertex 3 59.3 2
      vertex 69.75 59.3 19.25
    endloop
  endfacet
  facet normal 0 -1 0
    outer loop
      vertex 87.3 59.3 2
      vertex 69.75 59.3 19.25
      vertex 3 59.3 2
    endloop
  endfacet
  facet normal 0 -1 0
    outer loop
      vertex 3 59.3 2
      vertex 13.75 59.3 19.25
      vertex 3 59.3 26
    endloop
  endfacet
  facet normal 0 -1 0
    outer loop
      vertex 3 59.3 26
      vertex 20.25 59.3 20.75
      vertex 87.3 59.3 26
    endloop
  endfacet
  facet normal 0 -1 0
    outer loop
      vertex 69.75 59.3 20.75
      vertex 87.3 59.3 26
      vertex 20.25 59.3 20.75
    endloop
  endfacet
  facet normal 0 -1 0
    outer loop
      vertex 76.25 59.3 20.75
      vertex 87.3 59.3 26
      vertex 69.75 59.3 20.75
    endloop
  endfacet
  facet normal 0 -1 0
    outer loop
      vertex 76.25 59.3 19.25
      vertex 87.3 59.3 26
      vertex 76.25 59.3 20.75
    endloop
  endfacet
  facet normal 0 -1 0
    outer loop
      vertex 76.25 59.3 19.25
      vertex 87.3 59.3 2
      vertex 87.3 59.3 26
    endloop
  endfacet
  facet normal 0 -1 0
    outer loop
      vertex 69.75 59.3 19.25
      vertex 87.3 59.3 2
      vertex 76.25 59.3 19.25
    endloop
  endfacet
  facet normal -1 0 0
    outer loop
      vertex 88.3 58.3 2
      vertex 88.3 57.3 4.4
      vertex 88.3 58.3 26
    endloop
  endfacet
  facet normal -1 0 0
    outer loop
      vertex 88.3 58.3 2
      vertex 88.3 4 4.4
      vertex 88.3 57.3 4.4
    endloop
  endfacet
  facet normal -1 0 0
    outer loop
      vertex 88.3 3 2
      vertex 88.3 4 4.4
      vertex 88.3 58.3 2
    endloop
  endfacet
  facet normal -1 0 0
    outer loop
      vertex 88.3 3 26
      vertex 88.3 4 4.4
      vertex 88.3 3 2
    endloop
  endfacet
  facet normal -1 0 0
    outer loop
      vertex 88.3 4 4.4
      vertex 88.3 3 26
      vertex 88.3 4 26
    endloop
  endfacet
  facet normal -1 -0 0
    outer loop
      vertex 88.3 58.3 26
      vertex 88.3 57.3 4.4
      vertex 88.3 57.3 26
    endloop
  endfacet
  facet normal -0.752032 0.659127 0
    outer loop
      vertex 88.0071 2.29289 2
      vertex 88.0933 2.39124 26
      vertex 88.0933 2.39124 2
    endloop
  endfacet
  facet normal -0.752032 0.659127 0
    outer loop
      vertex 88.0933 2.39124 26
      vertex 88.0071 2.29289 2
      vertex 88.0071 2.29289 26
    endloop
  endfacet
  facet normal 0.555723 -0.831368 0
    outer loop
      vertex 2.39124 59.0933 2
      vertex 2.5 59.166 26
      vertex 2.39124 59.0933 26
    endloop
  endfacet
  facet normal 0.555723 -0.831368 0
    outer loop
      vertex 2.5 59.166 26
      vertex 2.39124 59.0933 2
      vertex 2.5 59.166 2
    endloop
  endfacet
  facet normal 0.442222 0.896906 -0
    outer loop
      vertex 2.61731 2.07613 2
      vertex 2.5 2.13397 26
      vertex 2.61731 2.07613 26
    endloop
  endfacet
  facet normal 0.442222 0.896906 0
    outer loop
      vertex 2.5 2.13397 26
      vertex 2.61731 2.07613 2
      vertex 2.5 2.13397 2
    endloop
  endfacet
  facet normal 0.555617 0.831438 -0
    outer loop
      vertex 2.5 2.13397 2
      vertex 2.39124 2.20665 26
      vertex 2.5 2.13397 26
    endloop
  endfacet
  facet normal 0.555617 0.831438 0
    outer loop
      vertex 2.39124 2.20665 26
      vertex 2.5 2.13397 2
      vertex 2.39124 2.20665 2
    endloop
  endfacet
  facet normal 0.195013 0.980801 -0
    outer loop
      vertex 2.86948 2.00856 2
      vertex 2.74118 2.03407 26
      vertex 2.86948 2.00856 26
    endloop
  endfacet
  facet normal 0.195013 0.980801 0
    outer loop
      vertex 2.74118 2.03407 26
      vertex 2.86948 2.00856 2
      vertex 2.74118 2.03407 2
    endloop
  endfacet
  facet normal -0.442621 -0.896709 0
    outer loop
      vertex 87.6827 59.2239 2
      vertex 87.8 59.166 26
      vertex 87.6827 59.2239 26
    endloop
  endfacet
  facet normal -0.442621 -0.896709 -0
    outer loop
      vertex 87.8 59.166 26
      vertex 87.6827 59.2239 2
      vertex 87.8 59.166 2
    endloop
  endfacet
  facet normal -0.555582 -0.831462 0
    outer loop
      vertex 87.8 59.166 2
      vertex 87.9088 59.0933 26
      vertex 87.8 59.166 26
    endloop
  endfacet
  facet normal -0.555582 -0.831462 -0
    outer loop
      vertex 87.9088 59.0933 26
      vertex 87.8 59.166 2
      vertex 87.9088 59.0933 2
    endloop
  endfacet
  facet normal -0.19494 -0.980815 0
    outer loop
      vertex 87.4305 59.2914 2
      vertex 87.5588 59.2659 26
      vertex 87.4305 59.2914 26
    endloop
  endfacet
  facet normal -0.19494 -0.980815 -0
    outer loop
      vertex 87.5588 59.2659 26
      vertex 87.4305 59.2914 2
      vertex 87.5588 59.2659 2
    endloop
  endfacet
  facet normal 0.0657477 -0.997836 0
    outer loop
      vertex 2.86948 59.2914 2
      vertex 3 59.3 26
      vertex 2.86948 59.2914 26
    endloop
  endfacet
  facet normal 0.0657477 -0.997836 0
    outer loop
      vertex 3 59.3 26
      vertex 2.86948 59.2914 2
      vertex 3 59.3 2
    endloop
  endfacet
  facet normal -0.997836 0.0657477 0
    outer loop
      vertex 88.2914 2.86948 2
      vertex 88.3 3 26
      vertex 88.3 3 2
    endloop
  endfacet
  facet normal -0.997836 0.0657477 0
    outer loop
      vertex 88.3 3 26
      vertex 88.2914 2.86948 2
      vertex 88.2914 2.86948 26
    endloop
  endfacet
  facet normal -0.980815 0.19494 0
    outer loop
      vertex 88.2659 2.74118 2
      vertex 88.2914 2.86948 26
      vertex 88.2914 2.86948 2
    endloop
  endfacet
  facet normal -0.980815 0.19494 0
    outer loop
      vertex 88.2914 2.86948 26
      vertex 88.2659 2.74118 2
      vertex 88.2659 2.74118 26
    endloop
  endfacet
  facet normal 0.442591 -0.896724 0
    outer loop
      vertex 2.5 59.166 2
      vertex 2.61731 59.2239 26
      vertex 2.5 59.166 26
    endloop
  endfacet
  facet normal 0.442591 -0.896724 0
    outer loop
      vertex 2.61731 59.2239 26
      vertex 2.5 59.166 2
      vertex 2.61731 59.2239 2
    endloop
  endfacet
  facet normal 0.321109 -0.947042 0
    outer loop
      vertex 2.61731 59.2239 2
      vertex 2.74118 59.2659 26
      vertex 2.61731 59.2239 26
    endloop
  endfacet
  facet normal 0.321109 -0.947042 0
    outer loop
      vertex 2.74118 59.2659 26
      vertex 2.61731 59.2239 2
      vertex 2.74118 59.2659 2
    endloop
  endfacet
  facet normal 0.751714 -0.659489 0
    outer loop
      vertex 2.20665 58.9088 26
      vertex 2.29289 59.0071 2
      vertex 2.29289 59.0071 26
    endloop
  endfacet
  facet normal 0.751714 -0.659489 0
    outer loop
      vertex 2.29289 59.0071 2
      vertex 2.20665 58.9088 26
      vertex 2.20665 58.9088 2
    endloop
  endfacet
  facet normal 0.831533 -0.555476 0
    outer loop
      vertex 2.13397 58.8 26
      vertex 2.20665 58.9088 2
      vertex 2.20665 58.9088 26
    endloop
  endfacet
  facet normal 0.831533 -0.555476 0
    outer loop
      vertex 2.20665 58.9088 2
      vertex 2.13397 58.8 26
      vertex 2.13397 58.8 2
    endloop
  endfacet
  facet normal 0.980801 -0.195013 0
    outer loop
      vertex 2.00856 58.4305 26
      vertex 2.03407 58.5588 2
      vertex 2.03407 58.5588 26
    endloop
  endfacet
  facet normal 0.980801 -0.195013 0
    outer loop
      vertex 2.03407 58.5588 2
      vertex 2.00856 58.4305 26
      vertex 2.00856 58.4305 2
    endloop
  endfacet
  facet normal 0.0654432 0.997856 -0
    outer loop
      vertex 3 2 2
      vertex 2.86948 2.00856 26
      vertex 3 2 26
    endloop
  endfacet
  facet normal 0.0654432 0.997856 0
    outer loop
      vertex 2.86948 2.00856 26
      vertex 3 2 2
      vertex 2.86948 2.00856 2
    endloop
  endfacet
  facet normal -0.321039 -0.947066 0
    outer loop
      vertex 87.5588 59.2659 2
      vertex 87.6827 59.2239 26
      vertex 87.5588 59.2659 26
    endloop
  endfacet
  facet normal -0.321039 -0.947066 -0
    outer loop
      vertex 87.6827 59.2239 26
      vertex 87.5588 59.2659 2
      vertex 87.6827 59.2239 2
    endloop
  endfacet
  facet normal -0.896709 -0.442621 0
    outer loop
      vertex 88.2239 58.6827 2
      vertex 88.166 58.8 26
      vertex 88.166 58.8 2
    endloop
  endfacet
  facet normal -0.896709 -0.442621 0
    outer loop
      vertex 88.166 58.8 26
      vertex 88.2239 58.6827 2
      vertex 88.2239 58.6827 26
    endloop
  endfacet
  facet normal -0.751866 -0.659316 0
    outer loop
      vertex 88.0933 58.9088 2
      vertex 88.0071 59.0071 26
      vertex 88.0071 59.0071 2
    endloop
  endfacet
  facet normal -0.751866 -0.659316 0
    outer loop
      vertex 88.0071 59.0071 26
      vertex 88.0933 58.9088 2
      vertex 88.0933 58.9088 26
    endloop
  endfacet
  facet normal -0.896724 0.442591 0
    outer loop
      vertex 88.166 2.5 2
      vertex 88.2239 2.61731 26
      vertex 88.2239 2.61731 2
    endloop
  endfacet
  facet normal -0.896724 0.442591 0
    outer loop
      vertex 88.2239 2.61731 26
      vertex 88.166 2.5 2
      vertex 88.166 2.5 26
    endloop
  endfacet
  facet normal -0.442252 0.896891 0
    outer loop
      vertex 87.8 2.13397 2
      vertex 87.6827 2.07613 26
      vertex 87.8 2.13397 26
    endloop
  endfacet
  facet normal -0.442252 0.896891 0
    outer loop
      vertex 87.6827 2.07613 26
      vertex 87.8 2.13397 2
      vertex 87.6827 2.07613 2
    endloop
  endfacet
  facet normal 0.659127 -0.752032 0
    outer loop
      vertex 2.29289 59.0071 2
      vertex 2.39124 59.0933 26
      vertex 2.29289 59.0071 26
    endloop
  endfacet
  facet normal 0.659127 -0.752032 0
    outer loop
      vertex 2.39124 59.0933 26
      vertex 2.29289 59.0071 2
      vertex 2.39124 59.0933 2
    endloop
  endfacet
  facet normal 0.896891 -0.442252 0
    outer loop
      vertex 2.07613 58.6827 26
      vertex 2.13397 58.8 2
      vertex 2.13397 58.8 26
    endloop
  endfacet
  facet normal 0.896891 -0.442252 0
    outer loop
      vertex 2.13397 58.8 2
      vertex 2.07613 58.6827 26
      vertex 2.07613 58.6827 2
    endloop
  endfacet
  facet normal 0.946926 -0.321451 0
    outer loop
      vertex 2.03407 58.5588 26
      vertex 2.07613 58.6827 2
      vertex 2.07613 58.6827 26
    endloop
  endfacet
  facet normal 0.946926 -0.321451 0
    outer loop
      vertex 2.07613 58.6827 2
      vertex 2.03407 58.5588 26
      vertex 2.03407 58.5588 2
    endloop
  endfacet
  facet normal 0.997856 0.0654432 0
    outer loop
      vertex 2.00856 2.86948 26
      vertex 2 3 2
      vertex 2 3 26
    endloop
  endfacet
  facet normal 0.997856 0.0654432 0
    outer loop
      vertex 2 3 2
      vertex 2.00856 2.86948 26
      vertex 2.00856 2.86948 2
    endloop
  endfacet
  facet normal -0 0 1
    outer loop
      vertex 0 44 2
      vertex 2 16 2
      vertex 2 44 2
    endloop
  endfacet
  facet normal 0 0 1
    outer loop
      vertex 2 16 2
      vertex 0 44 2
      vertex 0 16 2
    endloop
  endfacet
  facet normal -0 0 1
    outer loop
      vertex 8.92164 54.0019 2
      vertex 21.2 38 2
      vertex 9.04778 54.3735 2
    endloop
  endfacet
  facet normal 0 0 1
    outer loop
      vertex 18 38 2
      vertex 9.12433 6.54158 2
      vertex 9.15 6.15 2
    endloop
  endfacet
  facet normal 0 0 1
    outer loop
      vertex 21.2 38 2
      vertex 8.92164 54.0019 2
      vertex 18 38 2
    endloop
  endfacet
  facet normal 0 0 1
    outer loop
      vertex 18 38 2
      vertex 9.04778 6.92646 2
      vertex 9.12433 6.54158 2
    endloop
  endfacet
  facet normal -0 0 1
    outer loop
      vertex 8.74808 53.65 2
      vertex 18 38 2
      vertex 8.92164 54.0019 2
    endloop
  endfacet
  facet normal 0 0 1
    outer loop
      vertex 18 38 2
      vertex 8.92164 7.29805 2
      vertex 9.04778 6.92646 2
    endloop
  endfacet
  facet normal -0 0 1
    outer loop
      vertex 8.53006 53.3237 2
      vertex 18 38 2
      vertex 8.74808 53.65 2
    endloop
  endfacet
  facet normal 0 0 1
    outer loop
      vertex 18 38 2
      vertex 8.74808 7.65 2
      vertex 8.92164 7.29805 2
    endloop
  endfacet
  facet normal -0 0 1
    outer loop
      vertex 8.27132 53.0287 2
      vertex 18 38 2
      vertex 8.53006 53.3237 2
    endloop
  endfacet
  facet normal 0 0 1
    outer loop
      vertex 18 38 2
      vertex 8.53006 7.97628 2
      vertex 8.74808 7.65 2
    endloop
  endfacet
  facet normal -0 0 1
    outer loop
      vertex 7.97628 52.7699 2
      vertex 18 38 2
      vertex 8.27132 53.0287 2
    endloop
  endfacet
  facet normal 0 0 1
    outer loop
      vertex 18 38 2
      vertex 8.27132 8.27132 2
      vertex 8.53006 7.97628 2
    endloop
  endfacet
  facet normal -0 0 1
    outer loop
      vertex 7.65 52.5519 2
      vertex 18 38 2
      vertex 7.97628 52.7699 2
    endloop
  endfacet
  facet normal 0 0 1
    outer loop
      vertex 2 16 2
      vertex 18 38 2
      vertex 2 44 2
    endloop
  endfacet
  facet normal -0 0 1
    outer loop
      vertex 7.29805 52.3784 2
      vertex 18 38 2
      vertex 7.65 52.5519 2
    endloop
  endfacet
  facet normal 0 0 1
    outer loop
      vertex 18 38 2
      vertex 7.97628 8.53006 2
      vertex 8.27132 8.27132 2
    endloop
  endfacet
  facet normal 0 0 1
    outer loop
      vertex 18 38 2
      vertex 7.29805 52.3784 2
      vertex 2 44 2
    endloop
  endfacet
  facet normal 0 0 1
    outer loop
      vertex 18 38 2
      vertex 2 16 2
      vertex 7.97628 8.53006 2
    endloop
  endfacet
  facet normal 0 0 1
    outer loop
      vertex 2 44 2
      vertex 7.29805 52.3784 2
      vertex 6.92646 52.2522 2
    endloop
  endfacet
  facet normal 0 0 1
    outer loop
      vertex 7.97628 8.53006 2
      vertex 2 16 2
      vertex 7.65 8.74808 2
    endloop
  endfacet
  facet normal 0 0 1
    outer loop
      vertex 2 44 2
      vertex 6.92646 52.2522 2
      vertex 6.54158 52.1757 2
    endloop
  endfacet
  facet normal 0 0 1
    outer loop
      vertex 7.65 8.74808 2
      vertex 2 16 2
      vertex 7.29805 8.92164 2
    endloop
  endfacet
  facet normal 0 0 1
    outer loop
      vertex 2 44 2
      vertex 6.54158 52.1757 2
      vertex 6.15 52.15 2
    endloop
  endfacet
  facet normal 0 0 1
    outer loop
      vertex 7.29805 8.92164 2
      vertex 2 16 2
      vertex 6.92646 9.04778 2
    endloop
  endfacet
  facet normal 0 0 1
    outer loop
      vertex 2 44 2
      vertex 6.15 52.15 2
      vertex 5.75842 52.1757 2
    endloop
  endfacet
  facet normal 0 0 1
    outer loop
      vertex 6.92646 9.04778 2
      vertex 2 16 2
      vertex 6.54158 9.12433 2
    endloop
  endfacet
  facet normal 0 0 1
    outer loop
      vertex 2 44 2
      vertex 5.75842 52.1757 2
      vertex 5.37354 52.2522 2
    endloop
  endfacet
  facet normal 0 0 1
    outer loop
      vertex 6.54158 9.12433 2
      vertex 2 16 2
      vertex 6.15 9.15 2
    endloop
  endfacet
  facet normal 0 0 1
    outer loop
      vertex 2 44 2
      vertex 5.37354 52.2522 2
      vertex 5.00195 52.3784 2
    endloop
  endfacet
  facet normal 0 0 1
    outer loop
      vertex 6.15 9.15 2
      vertex 2 16 2
      vertex 5.75842 9.12433 2
    endloop
  endfacet
  facet normal 0 0 1
    outer loop
      vertex 2 44 2
      vertex 5.00195 52.3784 2
      vertex 4.65 52.5519 2
    endloop
  endfacet
  facet normal 0 0 1
    outer loop
      vertex 5.75842 9.12433 2
      vertex 2 16 2
      vertex 5.37354 9.04778 2
    endloop
  endfacet
  facet normal 0 0 1
    outer loop
      vertex 2 44 2
      vertex 4.65 52.5519 2
      vertex 4.32372 52.7699 2
    endloop
  endfacet
  facet normal 0 0 1
    outer loop
      vertex 5.37354 9.04778 2
      vertex 2 16 2
      vertex 5.00195 8.92164 2
    endloop
  endfacet
  facet normal 0 0 1
    outer loop
      vertex 2 44 2
      vertex 4.32372 52.7699 2
      vertex 4.02868 53.0287 2
    endloop
  endfacet
  facet normal 0 0 1
    outer loop
      vertex 5.00195 8.92164 2
      vertex 2 16 2
      vertex 4.65 8.74808 2
    endloop
  endfacet
  facet normal 0 0 1
    outer loop
      vertex 2 44 2
      vertex 4.02868 53.0287 2
      vertex 3.76994 53.3237 2
    endloop
  endfacet
  facet normal 0 0 1
    outer loop
      vertex 4.65 8.74808 2
      vertex 2 16 2
      vertex 4.32372 8.53006 2
    endloop
  endfacet
  facet normal 0 0 1
    outer loop
      vertex 2 44 2
      vertex 3.76994 53.3237 2
      vertex 3.55192 53.65 2
    endloop
  endfacet
  facet normal 0 0 1
    outer loop
      vertex 4.32372 8.53006 2
      vertex 2 16 2
      vertex 4.02868 8.27132 2
    endloop
  endfacet
  facet normal 0 0 1
    outer loop
      vertex 2 44 2
      vertex 3.55192 53.65 2
      vertex 3.37836 54.0019 2
    endloop
  endfacet
  facet normal 0 0 1
    outer loop
      vertex 4.02868 8.27132 2
      vertex 2 16 2
      vertex 3.76994 7.97628 2
    endloop
  endfacet
  facet normal 0 0 1
    outer loop
      vertex 2 44 2
      vertex 3.37836 54.0019 2
      vertex 3.25222 54.3735 2
    endloop
  endfacet
  facet normal 0 0 1
    outer loop
      vertex 3.76994 7.97628 2
      vertex 2 16 2
      vertex 3.55192 7.65 2
    endloop
  endfacet
  facet normal 0 0 1
    outer loop
      vertex 2 44 2
      vertex 3.25222 54.3735 2
      vertex 3.17566 54.7584 2
    endloop
  endfacet
  facet normal 0 0 1
    outer loop
      vertex 3.55192 7.65 2
      vertex 2 16 2
      vertex 3.37836 7.29805 2
    endloop
  endfacet
  facet normal 0 0 1
    outer loop
      vertex 2 58.3 2
      vertex 3.17566 54.7584 2
      vertex 3.15 55.15 2
    endloop
  endfacet
  facet normal 0 0 1
    outer loop
      vertex 3.37836 7.29805 2
      vertex 2 16 2
      vertex 3.25222 6.92646 2
    endloop
  endfacet
  facet normal -0 0 1
    outer loop
      vertex 53.2 18 2
      vertex 61.5519 7.65 2
      vertex 58 18 2
    endloop
  endfacet
  facet normal 0 0 1
    outer loop
      vertex 61.5519 7.65 2
      vertex 53.2 18 2
      vertex 61.3784 7.29805 2
    endloop
  endfacet
  facet normal 0 0 1
    outer loop
      vertex 61.3784 7.29805 2
      vertex 53.2 18 2
      vertex 61.2522 6.92646 2
    endloop
  endfacet
  facet normal 0 0 1
    outer loop
      vertex 61.2522 6.92646 2
      vertex 53.2 18 2
      vertex 61.1757 6.54158 2
    endloop
  endfacet
  facet normal 0 0 1
    outer loop
      vertex 87.3 2 2
      vertex 67.1243 6.54158 2
      vertex 67.15 6.15 2
    endloop
  endfacet
  facet normal 0 0 1
    outer loop
      vertex 87.3 2 2
      vertex 67.0478 6.92646 2
      vertex 67.1243 6.54158 2
    endloop
  endfacet
  facet normal 0 0 1
    outer loop
      vertex 69.2 18 2
      vertex 66.9216 7.29805 2
      vertex 67.0478 6.92646 2
    endloop
  endfacet
  facet normal 0 0 1
    outer loop
      vertex 69.2 18 2
      vertex 66.7481 7.65 2
      vertex 66.9216 7.29805 2
    endloop
  endfacet
  facet normal 0 0 1
    outer loop
      vertex 69.2 18 2
      vertex 66.5301 7.97628 2
      vertex 66.7481 7.65 2
    endloop
  endfacet
  facet normal 0 0 1
    outer loop
      vertex 69.2 18 2
      vertex 66.2713 8.27132 2
      vertex 66.5301 7.97628 2
    endloop
  endfacet
  facet normal 0 0 1
    outer loop
      vertex 65.298 8.92164 2
      vertex 69.2 18 2
      vertex 66 18 2
    endloop
  endfacet
  facet normal 0 0 1
    outer loop
      vertex 69.2 18 2
      vertex 65.9763 8.53006 2
      vertex 66.2713 8.27132 2
    endloop
  endfacet
  facet normal 0 0 1
    outer loop
      vertex 66 38 2
      vertex 61.2 38 2
      vertex 66 18 2
    endloop
  endfacet
  facet normal 0 0 1
    outer loop
      vertex 61.2 38 2
      vertex 65.9763 52.7699 2
      vertex 65.65 52.5519 2
    endloop
  endfacet
  facet normal 0 0 1
    outer loop
      vertex 61.2 18 2
      vertex 66 18 2
      vertex 61.2 38 2
    endloop
  endfacet
  facet normal 0 0 1
    outer loop
      vertex 61.2 38 2
      vertex 65.65 52.5519 2
      vertex 65.298 52.3784 2
    endloop
  endfacet
  facet normal 0 0 1
    outer loop
      vertex 69.2 18 2
      vertex 65.65 8.74808 2
      vertex 65.9763 8.53006 2
    endloop
  endfacet
  facet normal 0 0 1
    outer loop
      vertex 61.2 38 2
      vertex 65.298 52.3784 2
      vertex 64.9265 52.2522 2
    endloop
  endfacet
  facet normal 0 0 1
    outer loop
      vertex 69.2 18 2
      vertex 65.298 8.92164 2
      vertex 65.65 8.74808 2
    endloop
  endfacet
  facet normal 0 0 1
    outer loop
      vertex 61.2 38 2
      vertex 64.9265 52.2522 2
      vertex 64.5416 52.1757 2
    endloop
  endfacet
  facet normal 0 0 1
    outer loop
      vertex 66 18 2
      vertex 64.9265 9.04778 2
      vertex 65.298 8.92164 2
    endloop
  endfacet
  facet normal 0 0 1
    outer loop
      vertex 61.2 38 2
      vertex 64.5416 52.1757 2
      vertex 64.15 52.15 2
    endloop
  endfacet
  facet normal 0 0 1
    outer loop
      vertex 66 18 2
      vertex 64.5416 9.12433 2
      vertex 64.9265 9.04778 2
    endloop
  endfacet
  facet normal 0 0 1
    outer loop
      vertex 61.2 38 2
      vertex 64.15 52.15 2
      vertex 63.7584 52.1757 2
    endloop
  endfacet
  facet normal 0 0 1
    outer loop
      vertex 66 18 2
      vertex 64.15 9.15 2
      vertex 64.5416 9.12433 2
    endloop
  endfacet
  facet normal 0 0 1
    outer loop
      vertex 61.2 38 2
      vertex 63.7584 52.1757 2
      vertex 63.3735 52.2522 2
    endloop
  endfacet
  facet normal 0 0 1
    outer loop
      vertex 66 18 2
      vertex 63.7584 9.12433 2
      vertex 64.15 9.15 2
    endloop
  endfacet
  facet normal 0 0 1
    outer loop
      vertex 61.2 38 2
      vertex 63.3735 52.2522 2
      vertex 63.0019 52.3784 2
    endloop
  endfacet
  facet normal -0 0 1
    outer loop
      vertex 61.2 18 2
      vertex 63.7584 9.12433 2
      vertex 66 18 2
    endloop
  endfacet
  facet normal 0 0 1
    outer loop
      vertex 58 38 2
      vertex 63.0019 52.3784 2
      vertex 62.65 52.5519 2
    endloop
  endfacet
  facet normal 0 0 1
    outer loop
      vertex 63.7584 9.12433 2
      vertex 61.2 18 2
      vertex 63.3735 9.04778 2
    endloop
  endfacet
  facet normal 0 0 1
    outer loop
      vertex 58 38 2
      vertex 62.65 52.5519 2
      vertex 62.3237 52.7699 2
    endloop
  endfacet
  facet normal 0 0 1
    outer loop
      vertex 63.3735 9.04778 2
      vertex 61.2 18 2
      vertex 63.0019 8.92164 2
    endloop
  endfacet
  facet normal 0 0 1
    outer loop
      vertex 58 38 2
      vertex 62.3237 52.7699 2
      vertex 62.0287 53.0287 2
    endloop
  endfacet
  facet normal 0 0 1
    outer loop
      vertex 63.0019 8.92164 2
      vertex 61.2 18 2
      vertex 62.65 8.74808 2
    endloop
  endfacet
  facet normal 0 0 1
    outer loop
      vertex 53.2 38 2
      vertex 62.0287 53.0287 2
      vertex 61.7699 53.3237 2
    endloop
  endfacet
  facet normal 0 0 1
    outer loop
      vertex 62.65 8.74808 2
      vertex 61.2 18 2
      vertex 62.3237 8.53006 2
    endloop
  endfacet
  facet normal 0 0 1
    outer loop
      vertex 53.2 38 2
      vertex 61.7699 53.3237 2
      vertex 61.5519 53.65 2
    endloop
  endfacet
  facet normal -0 0 1
    outer loop
      vertex 58 18 2
      vertex 62.3237 8.53006 2
      vertex 61.2 18 2
    endloop
  endfacet
  facet normal 0 0 1
    outer loop
      vertex 53.2 38 2
      vertex 61.5519 53.65 2
      vertex 61.3784 54.0019 2
    endloop
  endfacet
  facet normal 0 0 1
    outer loop
      vertex 62.3237 8.53006 2
      vertex 58 18 2
      vertex 62.0287 8.27132 2
    endloop
  endfacet
  facet normal 0 0 1
    outer loop
      vertex 50 38 2
      vertex 61.3784 54.0019 2
      vertex 61.2522 54.3735 2
    endloop
  endfacet
  facet normal 0 0 1
    outer loop
      vertex 62.0287 8.27132 2
      vertex 58 18 2
      vertex 61.7699 7.97628 2
    endloop
  endfacet
  facet normal 0 0 1
    outer loop
      vertex 61.7699 7.97628 2
      vertex 58 18 2
      vertex 61.5519 7.65 2
    endloop
  endfacet
  facet normal 0 0 1
    outer loop
      vertex 45.2 38 2
      vertex 61.2522 54.3735 2
      vertex 61.1757 54.7584 2
    endloop
  endfacet
  facet normal 0 0 1
    outer loop
      vertex 45.2 38 2
      vertex 61.1757 54.7584 2
      vertex 61.15 55.15 2
    endloop
  endfacet
  facet normal 0 0 1
    outer loop
      vertex 63.0019 52.3784 2
      vertex 58 38 2
      vertex 61.2 38 2
    endloop
  endfacet
  facet normal 0 0 1
    outer loop
      vertex 87.3 59.3 2
      vertex 88.3 58.3 2
      vertex 88.2914 58.4305 2
    endloop
  endfacet
  facet normal 0 0 1
    outer loop
      vertex 88.3 58.3 2
      vertex 69.2 38 2
      vertex 88.3 3 2
    endloop
  endfacet
  facet normal 0 0 1
    outer loop
      vertex 87.3 59.3 2
      vertex 88.2914 58.4305 2
      vertex 88.2659 58.5588 2
    endloop
  endfacet
  facet normal -0 0 1
    outer loop
      vertex 69.2 18 2
      vertex 88.3 3 2
      vertex 69.2 38 2
    endloop
  endfacet
  facet normal 0 0 1
    outer loop
      vertex 87.3 59.3 2
      vertex 88.2659 58.5588 2
      vertex 88.2239 58.6827 2
    endloop
  endfacet
  facet normal 0 -0 1
    outer loop
      vertex 87.3 2 2
      vertex 88.3 3 2
      vertex 69.2 18 2
    endloop
  endfacet
  facet normal 0 0 1
    outer loop
      vertex 87.3 59.3 2
      vertex 88.2239 58.6827 2
      vertex 88.166 58.8 2
    endloop
  endfacet
  facet normal 0 0 1
    outer loop
      vertex 88.3 3 2
      vertex 87.3 2 2
      vertex 88.2914 2.86948 2
    endloop
  endfacet
  facet normal 0 0 1
    outer loop
      vertex 87.3 59.3 2
      vertex 88.166 58.8 2
      vertex 88.0933 58.9088 2
    endloop
  endfacet
  facet normal 0 0 1
    outer loop
      vertex 88.2914 2.86948 2
      vertex 87.3 2 2
      vertex 88.2659 2.74118 2
    endloop
  endfacet
  facet normal 0 0 1
    outer loop
      vertex 87.3 59.3 2
      vertex 88.0933 58.9088 2
      vertex 88.0071 59.0071 2
    endloop
  endfacet
  facet normal 0 0 1
    outer loop
      vertex 88.2659 2.74118 2
      vertex 87.3 2 2
      vertex 88.2239 2.61731 2
    endloop
  endfacet
  facet normal 0 0 1
    outer loop
      vertex 87.3 59.3 2
      vertex 88.0071 59.0071 2
      vertex 87.9088 59.0933 2
    endloop
  endfacet
  facet normal 0 0 1
    outer loop
      vertex 88.2239 2.61731 2
      vertex 87.3 2 2
      vertex 88.166 2.5 2
    endloop
  endfacet
  facet normal 0 0 1
    outer loop
      vertex 87.3 59.3 2
      vertex 87.9088 59.0933 2
      vertex 87.8 59.166 2
    endloop
  endfacet
  facet normal 0 0 1
    outer loop
      vertex 88.166 2.5 2
      vertex 87.3 2 2
      vertex 88.0933 2.39124 2
    endloop
  endfacet
  facet normal 0 0 1
    outer loop
      vertex 87.3 59.3 2
      vertex 87.8 59.166 2
      vertex 87.6827 59.2239 2
    endloop
  endfacet
  facet normal 0 0 1
    outer loop
      vertex 88.0933 2.39124 2
      vertex 87.3 2 2
      vertex 88.0071 2.29289 2
    endloop
  endfacet
  facet normal 0 0 1
    outer loop
      vertex 87.3 59.3 2
      vertex 87.6827 59.2239 2
      vertex 87.5588 59.2659 2
    endloop
  endfacet
  facet normal 0 0 1
    outer loop
      vertex 88.0071 2.29289 2
      vertex 87.3 2 2
      vertex 87.9088 2.20665 2
    endloop
  endfacet
  facet normal 0 0 1
    outer loop
      vertex 87.3 59.3 2
      vertex 87.5588 59.2659 2
      vertex 87.4305 59.2914 2
    endloop
  endfacet
  facet normal 0 0 1
    outer loop
      vertex 87.9088 2.20665 2
      vertex 87.3 2 2
      vertex 87.8 2.13397 2
    endloop
  endfacet
  facet normal 0 0 1
    outer loop
      vertex 88.3 58.3 2
      vertex 87.3 59.3 2
      vertex 66.9216 54.0019 2
    endloop
  endfacet
  facet normal 0 0 1
    outer loop
      vertex 87.8 2.13397 2
      vertex 87.3 2 2
      vertex 87.6827 2.07613 2
    endloop
  endfacet
  facet normal 0 0 1
    outer loop
      vertex 87.6827 2.07613 2
      vertex 87.3 2 2
      vertex 87.5588 2.03407 2
    endloop
  endfacet
  facet normal 0 0 1
    outer loop
      vertex 67.1243 54.7584 2
      vertex 87.3 59.3 2
      vertex 67.15 55.15 2
    endloop
  endfacet
  facet normal 0 0 1
    outer loop
      vertex 87.3 59.3 2
      vertex 67.1243 55.5416 2
      vertex 67.15 55.15 2
    endloop
  endfacet
  facet normal 0 0 1
    outer loop
      vertex 87.3 59.3 2
      vertex 67.0478 55.9265 2
      vertex 67.1243 55.5416 2
    endloop
  endfacet
  facet normal 0 0 1
    outer loop
      vertex 87.3 59.3 2
      vertex 66.9216 56.298 2
      vertex 67.0478 55.9265 2
    endloop
  endfacet
  facet normal 0 0 1
    outer loop
      vertex 87.3 59.3 2
      vertex 66.7481 56.65 2
      vertex 66.9216 56.298 2
    endloop
  endfacet
  facet normal 0 0 1
    outer loop
      vertex 87.3 59.3 2
      vertex 66.5301 56.9763 2
      vertex 66.7481 56.65 2
    endloop
  endfacet
  facet normal 0 0 1
    outer loop
      vertex 87.3 59.3 2
      vertex 66.2713 57.2713 2
      vertex 66.5301 56.9763 2
    endloop
  endfacet
  facet normal 0 0 1
    outer loop
      vertex 87.3 59.3 2
      vertex 65.9763 57.5301 2
      vertex 66.2713 57.2713 2
    endloop
  endfacet
  facet normal 0 0 1
    outer loop
      vertex 87.3 59.3 2
      vertex 65.65 57.7481 2
      vertex 65.9763 57.5301 2
    endloop
  endfacet
  facet normal 0 0 1
    outer loop
      vertex 87.3 59.3 2
      vertex 65.298 57.9216 2
      vertex 65.65 57.7481 2
    endloop
  endfacet
  facet normal 0 0 1
    outer loop
      vertex 87.3 59.3 2
      vertex 64.9265 58.0478 2
      vertex 65.298 57.9216 2
    endloop
  endfacet
  facet normal 0 0 1
    outer loop
      vertex 87.3 59.3 2
      vertex 64.5416 58.1243 2
      vertex 64.9265 58.0478 2
    endloop
  endfacet
  facet normal 0 0 1
    outer loop
      vertex 87.3 59.3 2
      vertex 64.15 58.15 2
      vertex 64.5416 58.1243 2
    endloop
  endfacet
  facet normal 0 0 1
    outer loop
      vertex 42 38 2
      vertex 61.15 55.15 2
      vertex 61.1757 55.5416 2
    endloop
  endfacet
  facet normal 0 0 1
    outer loop
      vertex 58 38 2
      vertex 53.2 38 2
      vertex 58 18 2
    endloop
  endfacet
  facet normal 0 0 1
    outer loop
      vertex 62.0287 53.0287 2
      vertex 53.2 38 2
      vertex 58 38 2
    endloop
  endfacet
  facet normal 0 0 1
    outer loop
      vertex 42 38 2
      vertex 61.1757 55.5416 2
      vertex 61.2522 55.9265 2
    endloop
  endfacet
  facet normal 0 0 1
    outer loop
      vertex 37.2 38 2
      vertex 61.2522 55.9265 2
      vertex 61.3784 56.298 2
    endloop
  endfacet
  facet normal 0 0 1
    outer loop
      vertex 61.3784 54.0019 2
      vertex 50 38 2
      vertex 53.2 38 2
    endloop
  endfacet
  facet normal 0 0 1
    outer loop
      vertex 8.92164 56.298 2
      vertex 61.3784 56.298 2
      vertex 61.5519 56.65 2
    endloop
  endfacet
  facet normal 0 0 1
    outer loop
      vertex 50 38 2
      vertex 45.2 38 2
      vertex 50 18 2
    endloop
  endfacet
  facet normal 0 0 1
    outer loop
      vertex 61.2522 54.3735 2
      vertex 45.2 38 2
      vertex 50 38 2
    endloop
  endfacet
  facet normal 0 0 1
    outer loop
      vertex 8.74808 56.65 2
      vertex 61.5519 56.65 2
      vertex 61.7699 56.9763 2
    endloop
  endfacet
  facet normal 0 0 1
    outer loop
      vertex 61.15 55.15 2
      vertex 42 38 2
      vertex 45.2 38 2
    endloop
  endfacet
  facet normal 0 0 1
    outer loop
      vertex 8.53006 56.9763 2
      vertex 61.7699 56.9763 2
      vertex 62.0287 57.2713 2
    endloop
  endfacet
  facet normal 0 0 1
    outer loop
      vertex 42 38 2
      vertex 37.2 38 2
      vertex 42 18 2
    endloop
  endfacet
  facet normal 0 0 1
    outer loop
      vertex 61.2522 55.9265 2
      vertex 37.2 38 2
      vertex 42 38 2
    endloop
  endfacet
  facet normal 0 0 1
    outer loop
      vertex 8.27132 57.2713 2
      vertex 62.0287 57.2713 2
      vertex 62.3237 57.5301 2
    endloop
  endfacet
  facet normal 0 0 1
    outer loop
      vertex 61.3784 56.298 2
      vertex 34 38 2
      vertex 37.2 38 2
    endloop
  endfacet
  facet normal 0 0 1
    outer loop
      vertex 34 38 2
      vertex 29.2 38 2
      vertex 34 18 2
    endloop
  endfacet
  facet normal 0 0 1
    outer loop
      vertex 61.3784 56.298 2
      vertex 8.92164 56.298 2
      vertex 34 38 2
    endloop
  endfacet
  facet normal 0 0 1
    outer loop
      vertex 7.97628 57.5301 2
      vertex 62.3237 57.5301 2
      vertex 62.65 57.7481 2
    endloop
  endfacet
  facet normal -0 -0 1
    outer loop
      vertex 9.04778 55.9265 2
      vertex 34 38 2
      vertex 8.92164 56.298 2
    endloop
  endfacet
  facet normal 0 0 1
    outer loop
      vertex 26 38 2
      vertex 21.2 38 2
      vertex 26 18 2
    endloop
  endfacet
  facet normal -0 -0 1
    outer loop
      vertex 9.12433 55.5416 2
      vertex 29.2 38 2
      vertex 9.04778 55.9265 2
    endloop
  endfacet
  facet normal 0 0 1
    outer loop
      vertex 7.65 57.7481 2
      vertex 62.65 57.7481 2
      vertex 63.0019 57.9216 2
    endloop
  endfacet
  facet normal -0 -0 1
    outer loop
      vertex 9.15 55.15 2
      vertex 26 38 2
      vertex 9.12433 55.5416 2
    endloop
  endfacet
  facet normal -0 0 1
    outer loop
      vertex 9.04778 54.3735 2
      vertex 21.2 38 2
      vertex 9.12433 54.7584 2
    endloop
  endfacet
  facet normal -0 0 1
    outer loop
      vertex 9.12433 54.7584 2
      vertex 26 38 2
      vertex 9.15 55.15 2
    endloop
  endfacet
  facet normal 0 0 1
    outer loop
      vertex 7.29805 57.9216 2
      vertex 63.0019 57.9216 2
      vertex 63.3735 58.0478 2
    endloop
  endfacet
  facet normal 0 0 1
    outer loop
      vertex 3 59.3 2
      vertex 63.3735 58.0478 2
      vertex 63.7584 58.1243 2
    endloop
  endfacet
  facet normal 0 0 1
    outer loop
      vertex 3 59.3 2
      vertex 63.7584 58.1243 2
      vertex 64.15 58.15 2
    endloop
  endfacet
  facet normal 0 0 1
    outer loop
      vertex 26 38 2
      vertex 9.12433 54.7584 2
      vertex 21.2 38 2
    endloop
  endfacet
  facet normal -0 0 1
    outer loop
      vertex 3 59.3 2
      vertex 64.15 58.15 2
      vertex 87.3 59.3 2
    endloop
  endfacet
  facet normal 0 0 1
    outer loop
      vertex 29.2 38 2
      vertex 9.12433 55.5416 2
      vertex 26 38 2
    endloop
  endfacet
  facet normal 0 0 1
    outer loop
      vertex 34 38 2
      vertex 9.04778 55.9265 2
      vertex 29.2 38 2
    endloop
  endfacet
  facet normal 0 0 1
    outer loop
      vertex 61.5519 56.65 2
      vertex 8.74808 56.65 2
      vertex 8.92164 56.298 2
    endloop
  endfacet
  facet normal 0 0 1
    outer loop
      vertex 61.7699 56.9763 2
      vertex 8.53006 56.9763 2
      vertex 8.74808 56.65 2
    endloop
  endfacet
  facet normal 0 0 1
    outer loop
      vertex 62.0287 57.2713 2
      vertex 8.27132 57.2713 2
      vertex 8.53006 56.9763 2
    endloop
  endfacet
  facet normal 0 0 1
    outer loop
      vertex 62.3237 57.5301 2
      vertex 7.97628 57.5301 2
      vertex 8.27132 57.2713 2
    endloop
  endfacet
  facet normal 0 0 1
    outer loop
      vertex 62.65 57.7481 2
      vertex 7.65 57.7481 2
      vertex 7.97628 57.5301 2
    endloop
  endfacet
  facet normal 0 0 1
    outer loop
      vertex 63.0019 57.9216 2
      vertex 7.29805 57.9216 2
      vertex 7.65 57.7481 2
    endloop
  endfacet
  facet normal 0 0 1
    outer loop
      vertex 63.3735 58.0478 2
      vertex 6.92646 58.0478 2
      vertex 7.29805 57.9216 2
    endloop
  endfacet
  facet normal 0 0 1
    outer loop
      vertex 63.3735 58.0478 2
      vertex 3 59.3 2
      vertex 6.92646 58.0478 2
    endloop
  endfacet
  facet normal 0 0 1
    outer loop
      vertex 6.92646 58.0478 2
      vertex 3 59.3 2
      vertex 6.54158 58.1243 2
    endloop
  endfacet
  facet normal 0 0 1
    outer loop
      vertex 3.17566 55.5416 2
      vertex 2 58.3 2
      vertex 3.15 55.15 2
    endloop
  endfacet
  facet normal 0 0 1
    outer loop
      vertex 3.25222 55.9265 2
      vertex 2 58.3 2
      vertex 3.17566 55.5416 2
    endloop
  endfacet
  facet normal 0 0 1
    outer loop
      vertex 3.37836 56.298 2
      vertex 2 58.3 2
      vertex 3.25222 55.9265 2
    endloop
  endfacet
  facet normal 0 0 1
    outer loop
      vertex 3.55192 56.65 2
      vertex 2 58.3 2
      vertex 3.37836 56.298 2
    endloop
  endfacet
  facet normal 0 0 1
    outer loop
      vertex 3.76994 56.9763 2
      vertex 2 58.3 2
      vertex 3.55192 56.65 2
    endloop
  endfacet
  facet normal 0 0 1
    outer loop
      vertex 4.02868 57.2713 2
      vertex 2 58.3 2
      vertex 3.76994 56.9763 2
    endloop
  endfacet
  facet normal -0 0 1
    outer loop
      vertex 2 58.3 2
      vertex 4.02868 57.2713 2
      vertex 3 59.3 2
    endloop
  endfacet
  facet normal 0 0 1
    outer loop
      vertex 4.32372 57.5301 2
      vertex 3 59.3 2
      vertex 4.02868 57.2713 2
    endloop
  endfacet
  facet normal 0 0 1
    outer loop
      vertex 4.65 57.7481 2
      vertex 3 59.3 2
      vertex 4.32372 57.5301 2
    endloop
  endfacet
  facet normal 0 0 1
    outer loop
      vertex 5.00195 57.9216 2
      vertex 3 59.3 2
      vertex 4.65 57.7481 2
    endloop
  endfacet
  facet normal 0 0 1
    outer loop
      vertex 5.37354 58.0478 2
      vertex 3 59.3 2
      vertex 5.00195 57.9216 2
    endloop
  endfacet
  facet normal 0 0 1
    outer loop
      vertex 5.75842 58.1243 2
      vertex 3 59.3 2
      vertex 5.37354 58.0478 2
    endloop
  endfacet
  facet normal 0 0 1
    outer loop
      vertex 6.15 58.15 2
      vertex 3 59.3 2
      vertex 5.75842 58.1243 2
    endloop
  endfacet
  facet normal 0 0 1
    outer loop
      vertex 6.54158 58.1243 2
      vertex 3 59.3 2
      vertex 6.15 58.15 2
    endloop
  endfacet
  facet normal 0 0 1
    outer loop
      vertex 87.5588 2.03407 2
      vertex 87.3 2 2
      vertex 87.4305 2.00856 2
    endloop
  endfacet
  facet normal -0 0 1
    outer loop
      vertex 67.0478 6.92646 2
      vertex 87.3 2 2
      vertex 69.2 18 2
    endloop
  endfacet
  facet normal -0 0 1
    outer loop
      vertex 67.1243 5.75842 2
      vertex 87.3 2 2
      vertex 67.15 6.15 2
    endloop
  endfacet
  facet normal -0 0 1
    outer loop
      vertex 67.0478 5.37354 2
      vertex 87.3 2 2
      vertex 67.1243 5.75842 2
    endloop
  endfacet
  facet normal -0 0 1
    outer loop
      vertex 66.9216 5.00195 2
      vertex 87.3 2 2
      vertex 67.0478 5.37354 2
    endloop
  endfacet
  facet normal -0 0 1
    outer loop
      vertex 66.7481 4.65 2
      vertex 87.3 2 2
      vertex 66.9216 5.00195 2
    endloop
  endfacet
  facet normal -0 0 1
    outer loop
      vertex 66.5301 4.32372 2
      vertex 87.3 2 2
      vertex 66.7481 4.65 2
    endloop
  endfacet
  facet normal -0 0 1
    outer loop
      vertex 66.2713 4.02868 2
      vertex 87.3 2 2
      vertex 66.5301 4.32372 2
    endloop
  endfacet
  facet normal -0 0 1
    outer loop
      vertex 65.9763 3.76994 2
      vertex 87.3 2 2
      vertex 66.2713 4.02868 2
    endloop
  endfacet
  facet normal -0 0 1
    outer loop
      vertex 65.65 3.55192 2
      vertex 87.3 2 2
      vertex 65.9763 3.76994 2
    endloop
  endfacet
  facet normal -0 0 1
    outer loop
      vertex 65.298 3.37836 2
      vertex 87.3 2 2
      vertex 65.65 3.55192 2
    endloop
  endfacet
  facet normal -0 0 1
    outer loop
      vertex 64.9265 3.25222 2
      vertex 87.3 2 2
      vertex 65.298 3.37836 2
    endloop
  endfacet
  facet normal -0 0 1
    outer loop
      vertex 64.5416 3.17566 2
      vertex 87.3 2 2
      vertex 64.9265 3.25222 2
    endloop
  endfacet
  facet normal -0 0 1
    outer loop
      vertex 64.15 3.15 2
      vertex 87.3 2 2
      vertex 64.5416 3.17566 2
    endloop
  endfacet
  facet normal -0 0 1
    outer loop
      vertex 50 18 2
      vertex 61.1757 6.54158 2
      vertex 53.2 18 2
    endloop
  endfacet
  facet normal 0 0 1
    outer loop
      vertex 61.1757 6.54158 2
      vertex 50 18 2
      vertex 61.15 6.15 2
    endloop
  endfacet
  facet normal 0 0 1
    outer loop
      vertex 53.2 18 2
      vertex 58 18 2
      vertex 53.2 38 2
    endloop
  endfacet
  facet normal 0 0 1
    outer loop
      vertex 61.15 6.15 2
      vertex 50 18 2
      vertex 61.1757 5.75842 2
    endloop
  endfacet
  facet normal -0 0 1
    outer loop
      vertex 45.2 18 2
      vertex 61.1757 5.75842 2
      vertex 50 18 2
    endloop
  endfacet
  facet normal 0 0 1
    outer loop
      vertex 61.1757 5.75842 2
      vertex 45.2 18 2
      vertex 61.2522 5.37354 2
    endloop
  endfacet
  facet normal -0 0 1
    outer loop
      vertex 42 18 2
      vertex 61.2522 5.37354 2
      vertex 45.2 18 2
    endloop
  endfacet
  facet normal 0 0 1
    outer loop
      vertex 61.2522 5.37354 2
      vertex 42 18 2
      vertex 61.3784 5.00195 2
    endloop
  endfacet
  facet normal 0 0 1
    outer loop
      vertex 45.2 18 2
      vertex 50 18 2
      vertex 45.2 38 2
    endloop
  endfacet
  facet normal 0 0 1
    outer loop
      vertex 61.3784 5.00195 2
      vertex 42 18 2
      vertex 61.5519 4.65 2
    endloop
  endfacet
  facet normal -0 0 1
    outer loop
      vertex 37.2 18 2
      vertex 61.5519 4.65 2
      vertex 42 18 2
    endloop
  endfacet
  facet normal 0 0 1
    outer loop
      vertex 61.5519 4.65 2
      vertex 37.2 18 2
      vertex 61.7699 4.32372 2
    endloop
  endfacet
  facet normal -0 0 1
    outer loop
      vertex 34 18 2
      vertex 61.7699 4.32372 2
      vertex 37.2 18 2
    endloop
  endfacet
  facet normal 0 0 1
    outer loop
      vertex 37.2 18 2
      vertex 42 18 2
      vertex 37.2 38 2
    endloop
  endfacet
  facet normal 0 0 1
    outer loop
      vertex 8.53006 4.32372 2
      vertex 61.7699 4.32372 2
      vertex 34 18 2
    endloop
  endfacet
  facet normal 0 0 1
    outer loop
      vertex 61.7699 4.32372 2
      vertex 8.53006 4.32372 2
      vertex 62.0287 4.02868 2
    endloop
  endfacet
  facet normal 0 0 1
    outer loop
      vertex 8.27132 4.02868 2
      vertex 62.0287 4.02868 2
      vertex 8.53006 4.32372 2
    endloop
  endfacet
  facet normal 0 0 1
    outer loop
      vertex 29.2 18 2
      vertex 34 18 2
      vertex 29.2 38 2
    endloop
  endfacet
  facet normal 0 0 1
    outer loop
      vertex 8.74808 4.65 2
      vertex 34 18 2
      vertex 29.2 18 2
    endloop
  endfacet
  facet normal 0 0 1
    outer loop
      vertex 62.0287 4.02868 2
      vertex 8.27132 4.02868 2
      vertex 62.3237 3.76994 2
    endloop
  endfacet
  facet normal 0 0 1
    outer loop
      vertex 8.92164 5.00195 2
      vertex 29.2 18 2
      vertex 26 18 2
    endloop
  endfacet
  facet normal 0 0 1
    outer loop
      vertex 21.2 18 2
      vertex 26 18 2
      vertex 21.2 38 2
    endloop
  endfacet
  facet normal 0 0 1
    outer loop
      vertex 9.12433 5.75842 2
      vertex 26 18 2
      vertex 21.2 18 2
    endloop
  endfacet
  facet normal 0 0 1
    outer loop
      vertex 9.15 6.15 2
      vertex 21.2 18 2
      vertex 18 18 2
    endloop
  endfacet
  facet normal 0 0 1
    outer loop
      vertex 26 18 2
      vertex 9.04778 5.37354 2
      vertex 8.92164 5.00195 2
    endloop
  endfacet
  facet normal 0 0 1
    outer loop
      vertex 18 38 2
      vertex 9.15 6.15 2
      vertex 18 18 2
    endloop
  endfacet
  facet normal 0 0 1
    outer loop
      vertex 21.2 18 2
      vertex 9.15 6.15 2
      vertex 9.12433 5.75842 2
    endloop
  endfacet
  facet normal 0 0 1
    outer loop
      vertex 26 18 2
      vertex 9.12433 5.75842 2
      vertex 9.04778 5.37354 2
    endloop
  endfacet
  facet normal 0 0 1
    outer loop
      vertex 29.2 18 2
      vertex 8.92164 5.00195 2
      vertex 8.74808 4.65 2
    endloop
  endfacet
  facet normal 0 0 1
    outer loop
      vertex 34 18 2
      vertex 8.74808 4.65 2
      vertex 8.53006 4.32372 2
    endloop
  endfacet
  facet normal 0 0 1
    outer loop
      vertex 7.97628 3.76994 2
      vertex 62.3237 3.76994 2
      vertex 8.27132 4.02868 2
    endloop
  endfacet
  facet normal 0 0 1
    outer loop
      vertex 62.3237 3.76994 2
      vertex 7.97628 3.76994 2
      vertex 62.65 3.55192 2
    endloop
  endfacet
  facet normal 0 0 1
    outer loop
      vertex 7.65 3.55192 2
      vertex 62.65 3.55192 2
      vertex 7.97628 3.76994 2
    endloop
  endfacet
  facet normal 0 0 1
    outer loop
      vertex 62.65 3.55192 2
      vertex 7.65 3.55192 2
      vertex 63.0019 3.37836 2
    endloop
  endfacet
  facet normal 0 0 1
    outer loop
      vertex 7.29805 3.37836 2
      vertex 63.0019 3.37836 2
      vertex 7.65 3.55192 2
    endloop
  endfacet
  facet normal 0 0 1
    outer loop
      vertex 63.0019 3.37836 2
      vertex 7.29805 3.37836 2
      vertex 63.3735 3.25222 2
    endloop
  endfacet
  facet normal 0 0 1
    outer loop
      vertex 6.92646 3.25222 2
      vertex 63.3735 3.25222 2
      vertex 7.29805 3.37836 2
    endloop
  endfacet
  facet normal 0 0 1
    outer loop
      vertex 3 2 2
      vertex 63.3735 3.25222 2
      vertex 6.92646 3.25222 2
    endloop
  endfacet
  facet normal 0 0 1
    outer loop
      vertex 63.3735 3.25222 2
      vertex 3 2 2
      vertex 63.7584 3.17566 2
    endloop
  endfacet
  facet normal 0 0 1
    outer loop
      vertex 63.7584 3.17566 2
      vertex 3 2 2
      vertex 64.15 3.15 2
    endloop
  endfacet
  facet normal 0 0 1
    outer loop
      vertex 3 2 2
      vertex 6.92646 3.25222 2
      vertex 6.54158 3.17566 2
    endloop
  endfacet
  facet normal 0 0 1
    outer loop
      vertex 3 2 2
      vertex 6.54158 3.17566 2
      vertex 6.15 3.15 2
    endloop
  endfacet
  facet normal 0 0 1
    outer loop
      vertex 64.15 3.15 2
      vertex 3 2 2
      vertex 87.3 2 2
    endloop
  endfacet
  facet normal 0 0 1
    outer loop
      vertex 5.75842 3.17566 2
      vertex 3 2 2
      vertex 6.15 3.15 2
    endloop
  endfacet
  facet normal 0 0 1
    outer loop
      vertex 5.37354 3.25222 2
      vertex 3 2 2
      vertex 5.75842 3.17566 2
    endloop
  endfacet
  facet normal 0 0 1
    outer loop
      vertex 5.00195 3.37836 2
      vertex 3 2 2
      vertex 5.37354 3.25222 2
    endloop
  endfacet
  facet normal 0 0 1
    outer loop
      vertex 4.65 3.55192 2
      vertex 3 2 2
      vertex 5.00195 3.37836 2
    endloop
  endfacet
  facet normal 0 0 1
    outer loop
      vertex 4.32372 3.76994 2
      vertex 3 2 2
      vertex 4.65 3.55192 2
    endloop
  endfacet
  facet normal 0 0 1
    outer loop
      vertex 4.02868 4.02868 2
      vertex 3 2 2
      vertex 4.32372 3.76994 2
    endloop
  endfacet
  facet normal 0 0 1
    outer loop
      vertex 2 3 2
      vertex 4.02868 4.02868 2
      vertex 3.76994 4.32372 2
    endloop
  endfacet
  facet normal 0 0 1
    outer loop
      vertex 2 3 2
      vertex 3.76994 4.32372 2
      vertex 3.55192 4.65 2
    endloop
  endfacet
  facet normal 0 0 1
    outer loop
      vertex 2 3 2
      vertex 3.55192 4.65 2
      vertex 3.37836 5.00195 2
    endloop
  endfacet
  facet normal 0 0 1
    outer loop
      vertex 2 3 2
      vertex 3.37836 5.00195 2
      vertex 3.25222 5.37354 2
    endloop
  endfacet
  facet normal 0 0 1
    outer loop
      vertex 2 3 2
      vertex 3.25222 5.37354 2
      vertex 3.17566 5.75842 2
    endloop
  endfacet
  facet normal 0 0 1
    outer loop
      vertex 2 3 2
      vertex 3.17566 5.75842 2
      vertex 3.15 6.15 2
    endloop
  endfacet
  facet normal 0 0 1
    outer loop
      vertex 3.25222 6.92646 2
      vertex 2 16 2
      vertex 3.17566 6.54158 2
    endloop
  endfacet
  facet normal 0 0 1
    outer loop
      vertex 2 58.3 2
      vertex 3 59.3 2
      vertex 2.86948 59.2914 2
    endloop
  endfacet
  facet normal 0 0 1
    outer loop
      vertex 2 3 2
      vertex 3.17566 6.54158 2
      vertex 2 16 2
    endloop
  endfacet
  facet normal 0 0 1
    outer loop
      vertex 2 58.3 2
      vertex 2.86948 59.2914 2
      vertex 2.74118 59.2659 2
    endloop
  endfacet
  facet normal 0 0 1
    outer loop
      vertex 3.17566 6.54158 2
      vertex 2 3 2
      vertex 3.15 6.15 2
    endloop
  endfacet
  facet normal 0 0 1
    outer loop
      vertex 2 58.3 2
      vertex 2.74118 59.2659 2
      vertex 2.61731 59.2239 2
    endloop
  endfacet
  facet normal 0 0 1
    outer loop
      vertex 4.02868 4.02868 2
      vertex 2 3 2
      vertex 3 2 2
    endloop
  endfacet
  facet normal 0 0 1
    outer loop
      vertex 2 58.3 2
      vertex 2.61731 59.2239 2
      vertex 2.5 59.166 2
    endloop
  endfacet
  facet normal 0 0 1
    outer loop
      vertex 3 2 2
      vertex 2 3 2
      vertex 2.86948 2.00856 2
    endloop
  endfacet
  facet normal 0 0 1
    outer loop
      vertex 2 58.3 2
      vertex 2.5 59.166 2
      vertex 2.39124 59.0933 2
    endloop
  endfacet
  facet normal 0 0 1
    outer loop
      vertex 2.86948 2.00856 2
      vertex 2 3 2
      vertex 2.74118 2.03407 2
    endloop
  endfacet
  facet normal 0 0 1
    outer loop
      vertex 2 58.3 2
      vertex 2.39124 59.0933 2
      vertex 2.29289 59.0071 2
    endloop
  endfacet
  facet normal 0 0 1
    outer loop
      vertex 2.74118 2.03407 2
      vertex 2 3 2
      vertex 2.61731 2.07613 2
    endloop
  endfacet
  facet normal 0 0 1
    outer loop
      vertex 2 58.3 2
      vertex 2.29289 59.0071 2
      vertex 2.20665 58.9088 2
    endloop
  endfacet
  facet normal 0 0 1
    outer loop
      vertex 2.61731 2.07613 2
      vertex 2 3 2
      vertex 2.5 2.13397 2
    endloop
  endfacet
  facet normal 0 0 1
    outer loop
      vertex 2 58.3 2
      vertex 2.20665 58.9088 2
      vertex 2.13397 58.8 2
    endloop
  endfacet
  facet normal 0 0 1
    outer loop
      vertex 2.5 2.13397 2
      vertex 2 3 2
      vertex 2.39124 2.20665 2
    endloop
  endfacet
  facet normal 0 0 1
    outer loop
      vertex 2 58.3 2
      vertex 2.13397 58.8 2
      vertex 2.07613 58.6827 2
    endloop
  endfacet
  facet normal 0 0 1
    outer loop
      vertex 2.39124 2.20665 2
      vertex 2 3 2
      vertex 2.29289 2.29289 2
    endloop
  endfacet
  facet normal 0 0 1
    outer loop
      vertex 2 58.3 2
      vertex 2.07613 58.6827 2
      vertex 2.03407 58.5588 2
    endloop
  endfacet
  facet normal 0 0 1
    outer loop
      vertex 2.29289 2.29289 2
      vertex 2 3 2
      vertex 2.20665 2.39124 2
    endloop
  endfacet
  facet normal 0 0 1
    outer loop
      vertex 2 58.3 2
      vertex 2.03407 58.5588 2
      vertex 2.00856 58.4305 2
    endloop
  endfacet
  facet normal 0 0 1
    outer loop
      vertex 2.20665 2.39124 2
      vertex 2 3 2
      vertex 2.13397 2.5 2
    endloop
  endfacet
  facet normal 0 0 1
    outer loop
      vertex 3.17566 54.7584 2
      vertex 2 58.3 2
      vertex 2 44 2
    endloop
  endfacet
  facet normal 0 0 1
    outer loop
      vertex 2.13397 2.5 2
      vertex 2 3 2
      vertex 2.07613 2.61731 2
    endloop
  endfacet
  facet normal 0 0 1
    outer loop
      vertex 2.07613 2.61731 2
      vertex 2 3 2
      vertex 2.03407 2.74118 2
    endloop
  endfacet
  facet normal 0 0 1
    outer loop
      vertex 2.03407 2.74118 2
      vertex 2 3 2
      vertex 2.00856 2.86948 2
    endloop
  endfacet
  facet normal 0 0 1
    outer loop
      vertex 67.0478 54.3735 2
      vertex 87.3 59.3 2
      vertex 67.1243 54.7584 2
    endloop
  endfacet
  facet normal 0 0 1
    outer loop
      vertex 66.9216 54.0019 2
      vertex 87.3 59.3 2
      vertex 67.0478 54.3735 2
    endloop
  endfacet
  facet normal 0 0 1
    outer loop
      vertex 88.3 58.3 2
      vertex 66.9216 54.0019 2
      vertex 69.2 38 2
    endloop
  endfacet
  facet normal -0 0 1
    outer loop
      vertex 66.7481 53.65 2
      vertex 69.2 38 2
      vertex 66.9216 54.0019 2
    endloop
  endfacet
  facet normal -0 0 1
    outer loop
      vertex 66.5301 53.3237 2
      vertex 69.2 38 2
      vertex 66.7481 53.65 2
    endloop
  endfacet
  facet normal -0 0 1
    outer loop
      vertex 66.2713 53.0287 2
      vertex 69.2 38 2
      vertex 66.5301 53.3237 2
    endloop
  endfacet
  facet normal -0 0 1
    outer loop
      vertex 65.9763 52.7699 2
      vertex 69.2 38 2
      vertex 66.2713 53.0287 2
    endloop
  endfacet
  facet normal 0 0 1
    outer loop
      vertex 61.2 38 2
      vertex 66 38 2
      vertex 65.9763 52.7699 2
    endloop
  endfacet
  facet normal 0 0 1
    outer loop
      vertex 69.2 38 2
      vertex 65.9763 52.7699 2
      vertex 66 38 2
    endloop
  endfacet
  facet normal 0.980801 0.195013 0
    outer loop
      vertex 2.03407 2.74118 26
      vertex 2.00856 2.86948 2
      vertex 2.00856 2.86948 26
    endloop
  endfacet
  facet normal 0.980801 0.195013 0
    outer loop
      vertex 2.00856 2.86948 2
      vertex 2.03407 2.74118 26
      vertex 2.03407 2.74118 2
    endloop
  endfacet
  facet normal 0.946903 0.32152 0
    outer loop
      vertex 2.07613 2.61731 26
      vertex 2.03407 2.74118 2
      vertex 2.03407 2.74118 26
    endloop
  endfacet
  facet normal 0.946903 0.32152 0
    outer loop
      vertex 2.03407 2.74118 2
      vertex 2.07613 2.61731 26
      vertex 2.07613 2.61731 2
    endloop
  endfacet
  facet normal 0.831438 0.555617 0
    outer loop
      vertex 2.20665 2.39124 26
      vertex 2.13397 2.5 2
      vertex 2.13397 2.5 26
    endloop
  endfacet
  facet normal 0.831438 0.555617 0
    outer loop
      vertex 2.13397 2.5 2
      vertex 2.20665 2.39124 26
      vertex 2.20665 2.39124 2
    endloop
  endfacet
  facet normal 0.6593 0.75188 -0
    outer loop
      vertex 2.39124 2.20665 2
      vertex 2.29289 2.29289 26
      vertex 2.39124 2.20665 26
    endloop
  endfacet
  facet normal 0.6593 0.75188 0
    outer loop
      vertex 2.29289 2.29289 26
      vertex 2.39124 2.20665 2
      vertex 2.29289 2.29289 2
    endloop
  endfacet
  facet normal 0.32152 0.946903 -0
    outer loop
      vertex 2.74118 2.03407 2
      vertex 2.61731 2.07613 26
      vertex 2.74118 2.03407 26
    endloop
  endfacet
  facet normal 0.32152 0.946903 0
    outer loop
      vertex 2.61731 2.07613 26
      vertex 2.74118 2.03407 2
      vertex 2.61731 2.07613 2
    endloop
  endfacet
  facet normal -0.997836 -0.0657577 0
    outer loop
      vertex 88.3 58.3 2
      vertex 88.2914 58.4305 26
      vertex 88.2914 58.4305 2
    endloop
  endfacet
  facet normal -0.997836 -0.0657577 0
    outer loop
      vertex 88.2914 58.4305 26
      vertex 88.3 58.3 2
      vertex 88.3 58.3 26
    endloop
  endfacet
  facet normal -0.980815 -0.19494 0
    outer loop
      vertex 88.2914 58.4305 2
      vertex 88.2659 58.5588 26
      vertex 88.2659 58.5588 2
    endloop
  endfacet
  facet normal -0.980815 -0.19494 0
    outer loop
      vertex 88.2659 58.5588 26
      vertex 88.2914 58.4305 2
      vertex 88.2914 58.4305 26
    endloop
  endfacet
  facet normal -0.947066 -0.321039 0
    outer loop
      vertex 88.2659 58.5588 2
      vertex 88.2239 58.6827 26
      vertex 88.2239 58.6827 2
    endloop
  endfacet
  facet normal -0.947066 -0.321039 0
    outer loop
      vertex 88.2239 58.6827 26
      vertex 88.2659 58.5588 2
      vertex 88.2659 58.5588 26
    endloop
  endfacet
  facet normal -0.831462 -0.555582 0
    outer loop
      vertex 88.166 58.8 2
      vertex 88.0933 58.9088 26
      vertex 88.0933 58.9088 2
    endloop
  endfacet
  facet normal -0.831462 -0.555582 0
    outer loop
      vertex 88.0933 58.9088 26
      vertex 88.166 58.8 2
      vertex 88.166 58.8 26
    endloop
  endfacet
  facet normal -0.947042 0.321109 0
    outer loop
      vertex 88.2239 2.61731 2
      vertex 88.2659 2.74118 26
      vertex 88.2659 2.74118 2
    endloop
  endfacet
  facet normal -0.947042 0.321109 0
    outer loop
      vertex 88.2659 2.74118 26
      vertex 88.2239 2.61731 2
      vertex 88.2239 2.61731 26
    endloop
  endfacet
  facet normal -0.831368 0.555723 0
    outer loop
      vertex 88.0933 2.39124 2
      vertex 88.166 2.5 26
      vertex 88.166 2.5 2
    endloop
  endfacet
  facet normal -0.831368 0.555723 0
    outer loop
      vertex 88.166 2.5 26
      vertex 88.0933 2.39124 2
      vertex 88.0933 2.39124 26
    endloop
  endfacet
  facet normal -0.555476 0.831533 0
    outer loop
      vertex 87.9088 2.20665 2
      vertex 87.8 2.13397 26
      vertex 87.9088 2.20665 26
    endloop
  endfacet
  facet normal -0.555476 0.831533 0
    outer loop
      vertex 87.8 2.13397 26
      vertex 87.9088 2.20665 2
      vertex 87.8 2.13397 2
    endloop
  endfacet
  facet normal 0.896906 0.442222 0
    outer loop
      vertex 2.13397 2.5 26
      vertex 2.07613 2.61731 2
      vertex 2.07613 2.61731 26
    endloop
  endfacet
  facet normal 0.896906 0.442222 0
    outer loop
      vertex 2.07613 2.61731 2
      vertex 2.13397 2.5 26
      vertex 2.13397 2.5 2
    endloop
  endfacet
  facet normal 0.75188 0.6593 0
    outer loop
      vertex 2.29289 2.29289 26
      vertex 2.20665 2.39124 2
      vertex 2.20665 2.39124 26
    endloop
  endfacet
  facet normal 0.75188 0.6593 0
    outer loop
      vertex 2.20665 2.39124 2
      vertex 2.29289 2.29289 26
      vertex 2.29289 2.29289 2
    endloop
  endfacet
  facet normal -0.659489 0.751714 0
    outer loop
      vertex 88.0071 2.29289 2
      vertex 87.9088 2.20665 26
      vertex 88.0071 2.29289 26
    endloop
  endfacet
  facet normal -0.659489 0.751714 0
    outer loop
      vertex 87.9088 2.20665 26
      vertex 88.0071 2.29289 2
      vertex 87.9088 2.20665 2
    endloop
  endfacet
  facet normal 0.997858 0.0654145 0
    outer loop
      vertex 9.15 6.15 5
      vertex 9.12433 6.54158 2
      vertex 9.12433 6.54158 5
    endloop
  endfacet
  facet normal 0.997858 0.0654145 0
    outer loop
      vertex 9.12433 6.54158 2
      vertex 9.15 6.15 5
      vertex 9.15 6.15 2
    endloop
  endfacet
  facet normal -0.99786 0.0653892 0
    outer loop
      vertex 3.15 6.15 2
      vertex 3.17566 6.54158 5
      vertex 3.17566 6.54158 2
    endloop
  endfacet
  facet normal -0.99786 0.0653892 0
    outer loop
      vertex 3.17566 6.54158 5
      vertex 3.15 6.15 2
      vertex 3.15 6.15 5
    endloop
  endfacet
  facet normal -0.0654145 0.997858 0
    outer loop
      vertex 6.15 9.15 2
      vertex 5.75842 9.12433 5
      vertex 6.15 9.15 5
    endloop
  endfacet
  facet normal -0.0654145 0.997858 0
    outer loop
      vertex 5.75842 9.12433 5
      vertex 6.15 9.15 2
      vertex 5.75842 9.12433 2
    endloop
  endfacet
  facet normal 0.0653892 -0.99786 0
    outer loop
      vertex 6.15 3.15 2
      vertex 6.54158 3.17566 5
      vertex 6.15 3.15 5
    endloop
  endfacet
  facet normal 0.0653892 -0.99786 0
    outer loop
      vertex 6.54158 3.17566 5
      vertex 6.15 3.15 2
      vertex 6.54158 3.17566 2
    endloop
  endfacet
  facet normal 0.659341 0.751844 -0
    outer loop
      vertex 8.27132 8.27132 2
      vertex 7.97628 8.53006 5
      vertex 8.27132 8.27132 5
    endloop
  endfacet
  facet normal 0.659341 0.751844 0
    outer loop
      vertex 7.97628 8.53006 5
      vertex 8.27132 8.27132 2
      vertex 7.97628 8.53006 2
    endloop
  endfacet
  facet normal -0.659341 0.751844 0
    outer loop
      vertex 4.32372 8.53006 2
      vertex 4.02868 8.27132 5
      vertex 4.32372 8.53006 5
    endloop
  endfacet
  facet normal -0.659341 0.751844 0
    outer loop
      vertex 4.02868 8.27132 5
      vertex 4.32372 8.53006 2
      vertex 4.02868 8.27132 2
    endloop
  endfacet
  facet normal -0.321444 0.946928 0
    outer loop
      vertex 5.37354 9.04778 2
      vertex 5.00195 8.92164 5
      vertex 5.37354 9.04778 5
    endloop
  endfacet
  facet normal -0.321444 0.946928 0
    outer loop
      vertex 5.00195 8.92164 5
      vertex 5.37354 9.04778 2
      vertex 5.00195 8.92164 2
    endloop
  endfacet
  facet normal 0.896875 0.442283 0
    outer loop
      vertex 8.92164 7.29805 5
      vertex 8.74808 7.65 2
      vertex 8.74808 7.65 5
    endloop
  endfacet
  facet normal 0.896875 0.442283 0
    outer loop
      vertex 8.74808 7.65 2
      vertex 8.92164 7.29805 5
      vertex 8.92164 7.29805 2
    endloop
  endfacet
  facet normal 0.321444 0.946928 -0
    outer loop
      vertex 7.29805 8.92164 2
      vertex 6.92646 9.04778 5
      vertex 7.29805 8.92164 5
    endloop
  endfacet
  facet normal 0.321444 0.946928 0
    outer loop
      vertex 6.92646 9.04778 5
      vertex 7.29805 8.92164 2
      vertex 6.92646 9.04778 2
    endloop
  endfacet
  facet normal 0.195072 0.980789 -0
    outer loop
      vertex 6.92646 9.04778 2
      vertex 6.54158 9.12433 5
      vertex 6.92646 9.04778 5
    endloop
  endfacet
  facet normal 0.195072 0.980789 0
    outer loop
      vertex 6.54158 9.12433 5
      vertex 6.92646 9.04778 2
      vertex 6.54158 9.12433 2
    endloop
  endfacet
  facet normal 0.442283 0.896875 -0
    outer loop
      vertex 7.65 8.74808 2
      vertex 7.29805 8.92164 5
      vertex 7.65 8.74808 5
    endloop
  endfacet
  facet normal 0.442283 0.896875 0
    outer loop
      vertex 7.29805 8.92164 5
      vertex 7.65 8.74808 2
      vertex 7.29805 8.92164 2
    endloop
  endfacet
  facet normal -0.896875 0.442283 0
    outer loop
      vertex 3.37836 7.29805 2
      vertex 3.55192 7.65 5
      vertex 3.55192 7.65 2
    endloop
  endfacet
  facet normal -0.896875 0.442283 0
    outer loop
      vertex 3.55192 7.65 5
      vertex 3.37836 7.29805 2
      vertex 3.37836 7.29805 5
    endloop
  endfacet
  facet normal -0.751844 0.659341 0
    outer loop
      vertex 3.76994 7.97628 2
      vertex 4.02868 8.27132 5
      vertex 4.02868 8.27132 2
    endloop
  endfacet
  facet normal -0.751844 0.659341 0
    outer loop
      vertex 4.02868 8.27132 5
      vertex 3.76994 7.97628 2
      vertex 3.76994 7.97628 5
    endloop
  endfacet
  facet normal 0 0 1
    outer loop
      vertex 7.3 6.15 5
      vertex 9.15 6.15 5
      vertex 9.12433 6.54158 5
    endloop
  endfacet
  facet normal 0 0 1
    outer loop
      vertex 7.29016 6.30011 5
      vertex 9.12433 6.54158 5
      vertex 9.04778 6.92646 5
    endloop
  endfacet
  facet normal 0 0 1
    outer loop
      vertex 9.15 6.15 5
      vertex 7.3 6.15 5
      vertex 9.12433 5.75842 5
    endloop
  endfacet
  facet normal 0 0 1
    outer loop
      vertex 7.26081 6.44764 5
      vertex 9.04778 6.92646 5
      vertex 8.92164 7.29805 5
    endloop
  endfacet
  facet normal -0 0 1
    outer loop
      vertex 7.29016 5.99989 5
      vertex 9.12433 5.75842 5
      vertex 7.3 6.15 5
    endloop
  endfacet
  facet normal 0 0 1
    outer loop
      vertex 7.21246 6.59009 5
      vertex 8.92164 7.29805 5
      vertex 8.74808 7.65 5
    endloop
  endfacet
  facet normal 0 0 1
    outer loop
      vertex 9.12433 5.75842 5
      vertex 7.29016 5.99989 5
      vertex 9.04778 5.37354 5
    endloop
  endfacet
  facet normal 0 0 1
    outer loop
      vertex 7.14593 6.725 5
      vertex 8.74808 7.65 5
      vertex 8.53006 7.97628 5
    endloop
  endfacet
  facet normal -0 0 1
    outer loop
      vertex 7.26081 5.85236 5
      vertex 9.04778 5.37354 5
      vertex 7.29016 5.99989 5
    endloop
  endfacet
  facet normal 0 0 1
    outer loop
      vertex 7.06236 6.85007 5
      vertex 8.53006 7.97628 5
      vertex 8.27132 8.27132 5
    endloop
  endfacet
  facet normal 0 0 1
    outer loop
      vertex 9.04778 5.37354 5
      vertex 7.26081 5.85236 5
      vertex 8.92164 5.00195 5
    endloop
  endfacet
  facet normal 0 0 1
    outer loop
      vertex 6.96317 6.96317 5
      vertex 8.27132 8.27132 5
      vertex 7.97628 8.53006 5
    endloop
  endfacet
  facet normal -0 0 1
    outer loop
      vertex 7.21246 5.70991 5
      vertex 8.92164 5.00195 5
      vertex 7.26081 5.85236 5
    endloop
  endfacet
  facet normal 0 0 1
    outer loop
      vertex 6.85007 7.06236 5
      vertex 7.97628 8.53006 5
      vertex 7.65 8.74808 5
    endloop
  endfacet
  facet normal 0 0 1
    outer loop
      vertex 8.92164 5.00195 5
      vertex 7.21246 5.70991 5
      vertex 8.74808 4.65 5
    endloop
  endfacet
  facet normal -0 0 1
    outer loop
      vertex 7.14593 5.575 5
      vertex 8.74808 4.65 5
      vertex 7.21246 5.70991 5
    endloop
  endfacet
  facet normal 0 0 1
    outer loop
      vertex 6.725 7.14593 5
      vertex 7.65 8.74808 5
      vertex 7.29805 8.92164 5
    endloop
  endfacet
  facet normal 0 0 1
    outer loop
      vertex 9.12433 6.54158 5
      vertex 7.29016 6.30011 5
      vertex 7.3 6.15 5
    endloop
  endfacet
  facet normal 0 0 1
    outer loop
      vertex 9.04778 6.92646 5
      vertex 7.26081 6.44764 5
      vertex 7.29016 6.30011 5
    endloop
  endfacet
  facet normal 0 0 1
    outer loop
      vertex 8.92164 7.29805 5
      vertex 7.21246 6.59009 5
      vertex 7.26081 6.44764 5
    endloop
  endfacet
  facet normal 0 0 1
    outer loop
      vertex 8.74808 7.65 5
      vertex 7.14593 6.725 5
      vertex 7.21246 6.59009 5
    endloop
  endfacet
  facet normal 0 0 1
    outer loop
      vertex 8.53006 7.97628 5
      vertex 7.06236 6.85007 5
      vertex 7.14593 6.725 5
    endloop
  endfacet
  facet normal 0 0 1
    outer loop
      vertex 8.27132 8.27132 5
      vertex 6.96317 6.96317 5
      vertex 7.06236 6.85007 5
    endloop
  endfacet
  facet normal 0 0 1
    outer loop
      vertex 6.59009 7.21246 5
      vertex 7.29805 8.92164 5
      vertex 6.92646 9.04778 5
    endloop
  endfacet
  facet normal 0 0 1
    outer loop
      vertex 7.97628 8.53006 5
      vertex 6.85007 7.06236 5
      vertex 6.96317 6.96317 5
    endloop
  endfacet
  facet normal 0 0 1
    outer loop
      vertex 7.65 8.74808 5
      vertex 6.725 7.14593 5
      vertex 6.85007 7.06236 5
    endloop
  endfacet
  facet normal 0 0 1
    outer loop
      vertex 7.29805 8.92164 5
      vertex 6.59009 7.21246 5
      vertex 6.725 7.14593 5
    endloop
  endfacet
  facet normal 0 0 1
    outer loop
      vertex 6.44764 7.26081 5
      vertex 6.92646 9.04778 5
      vertex 6.54158 9.12433 5
    endloop
  endfacet
  facet normal 0 0 1
    outer loop
      vertex 6.92646 9.04778 5
      vertex 6.44764 7.26081 5
      vertex 6.59009 7.21246 5
    endloop
  endfacet
  facet normal 0 0 1
    outer loop
      vertex 6.54158 9.12433 5
      vertex 6.30011 7.29016 5
      vertex 6.44764 7.26081 5
    endloop
  endfacet
  facet normal 0 0 1
    outer loop
      vertex 6.15 9.15 5
      vertex 6.30011 7.29016 5
      vertex 6.54158 9.12433 5
    endloop
  endfacet
  facet normal 0 0 1
    outer loop
      vertex 6.15 9.15 5
      vertex 6.15 7.3 5
      vertex 6.30011 7.29016 5
    endloop
  endfacet
  facet normal 0 0 1
    outer loop
      vertex 6.15 9.15 5
      vertex 5.99989 7.29016 5
      vertex 6.15 7.3 5
    endloop
  endfacet
  facet normal -0 0 1
    outer loop
      vertex 5.75842 9.12433 5
      vertex 5.99989 7.29016 5
      vertex 6.15 9.15 5
    endloop
  endfacet
  facet normal 0 0 1
    outer loop
      vertex 5.99989 7.29016 5
      vertex 5.75842 9.12433 5
      vertex 5.85236 7.26081 5
    endloop
  endfacet
  facet normal -0 0 1
    outer loop
      vertex 5.37354 9.04778 5
      vertex 5.85236 7.26081 5
      vertex 5.75842 9.12433 5
    endloop
  endfacet
  facet normal 0 0 1
    outer loop
      vertex 5.85236 7.26081 5
      vertex 5.37354 9.04778 5
      vertex 5.70991 7.21246 5
    endloop
  endfacet
  facet normal -0 0 1
    outer loop
      vertex 5.00195 8.92164 5
      vertex 5.70991 7.21246 5
      vertex 5.37354 9.04778 5
    endloop
  endfacet
  facet normal 0 0 1
    outer loop
      vertex 5.70991 7.21246 5
      vertex 5.00195 8.92164 5
      vertex 5.575 7.14593 5
    endloop
  endfacet
  facet normal -0 0 1
    outer loop
      vertex 4.65 8.74808 5
      vertex 5.575 7.14593 5
      vertex 5.00195 8.92164 5
    endloop
  endfacet
  facet normal 0 0 1
    outer loop
      vertex 5.575 7.14593 5
      vertex 4.65 8.74808 5
      vertex 5.44992 7.06236 5
    endloop
  endfacet
  facet normal -0 0 1
    outer loop
      vertex 4.32372 8.53006 5
      vertex 5.44992 7.06236 5
      vertex 4.65 8.74808 5
    endloop
  endfacet
  facet normal 0 0 1
    outer loop
      vertex 5.44992 7.06236 5
      vertex 4.32372 8.53006 5
      vertex 5.33683 6.96317 5
    endloop
  endfacet
  facet normal -0 0 1
    outer loop
      vertex 4.02868 8.27132 5
      vertex 5.33683 6.96317 5
      vertex 4.32372 8.53006 5
    endloop
  endfacet
  facet normal 0 0 1
    outer loop
      vertex 5.33683 6.96317 5
      vertex 4.02868 8.27132 5
      vertex 5.23764 6.85007 5
    endloop
  endfacet
  facet normal -0 0 1
    outer loop
      vertex 3.76994 7.97628 5
      vertex 5.23764 6.85007 5
      vertex 4.02868 8.27132 5
    endloop
  endfacet
  facet normal 0 0 1
    outer loop
      vertex 5.23764 6.85007 5
      vertex 3.76994 7.97628 5
      vertex 5.15407 6.725 5
    endloop
  endfacet
  facet normal -0 0 1
    outer loop
      vertex 3.55192 7.65 5
      vertex 5.15407 6.725 5
      vertex 3.76994 7.97628 5
    endloop
  endfacet
  facet normal 0 0 1
    outer loop
      vertex 8.74808 4.65 5
      vertex 7.14593 5.575 5
      vertex 8.53006 4.32372 5
    endloop
  endfacet
  facet normal -0 0 1
    outer loop
      vertex 7.06236 5.44992 5
      vertex 8.53006 4.32372 5
      vertex 7.14593 5.575 5
    endloop
  endfacet
  facet normal 0 0 1
    outer loop
      vertex 8.53006 4.32372 5
      vertex 7.06236 5.44992 5
      vertex 8.27132 4.02868 5
    endloop
  endfacet
  facet normal -0 0 1
    outer loop
      vertex 6.96317 5.33683 5
      vertex 8.27132 4.02868 5
      vertex 7.06236 5.44992 5
    endloop
  endfacet
  facet normal 0 0 1
    outer loop
      vertex 8.27132 4.02868 5
      vertex 6.96317 5.33683 5
      vertex 7.97628 3.76994 5
    endloop
  endfacet
  facet normal -0 0 1
    outer loop
      vertex 6.85007 5.23764 5
      vertex 7.97628 3.76994 5
      vertex 6.96317 5.33683 5
    endloop
  endfacet
  facet normal 0 0 1
    outer loop
      vertex 7.97628 3.76994 5
      vertex 6.85007 5.23764 5
      vertex 7.65 3.55192 5
    endloop
  endfacet
  facet normal -0 0 1
    outer loop
      vertex 6.725 5.15407 5
      vertex 7.65 3.55192 5
      vertex 6.85007 5.23764 5
    endloop
  endfacet
  facet normal 0 0 1
    outer loop
      vertex 7.65 3.55192 5
      vertex 6.725 5.15407 5
      vertex 7.29805 3.37836 5
    endloop
  endfacet
  facet normal -0 0 1
    outer loop
      vertex 6.59009 5.08754 5
      vertex 7.29805 3.37836 5
      vertex 6.725 5.15407 5
    endloop
  endfacet
  facet normal 0 0 1
    outer loop
      vertex 7.29805 3.37836 5
      vertex 6.59009 5.08754 5
      vertex 6.92646 3.25222 5
    endloop
  endfacet
  facet normal -0 0 1
    outer loop
      vertex 6.44764 5.03918 5
      vertex 6.92646 3.25222 5
      vertex 6.59009 5.08754 5
    endloop
  endfacet
  facet normal 0 0 1
    outer loop
      vertex 6.92646 3.25222 5
      vertex 6.44764 5.03918 5
      vertex 6.54158 3.17566 5
    endloop
  endfacet
  facet normal -0 0 1
    outer loop
      vertex 6.30011 5.00984 5
      vertex 6.54158 3.17566 5
      vertex 6.44764 5.03918 5
    endloop
  endfacet
  facet normal -0 0 1
    outer loop
      vertex 6.15 5 5
      vertex 6.54158 3.17566 5
      vertex 6.30011 5.00984 5
    endloop
  endfacet
  facet normal 0 0 1
    outer loop
      vertex 6.15 5 5
      vertex 6.15 3.15 5
      vertex 6.54158 3.17566 5
    endloop
  endfacet
  facet normal 0 0 1
    outer loop
      vertex 5.99989 5.00984 5
      vertex 6.15 3.15 5
      vertex 6.15 5 5
    endloop
  endfacet
  facet normal 0 0 1
    outer loop
      vertex 5.75842 3.17566 5
      vertex 5.99989 5.00984 5
      vertex 5.85236 5.03918 5
    endloop
  endfacet
  facet normal 0 0 1
    outer loop
      vertex 5.99989 5.00984 5
      vertex 5.75842 3.17566 5
      vertex 6.15 3.15 5
    endloop
  endfacet
  facet normal 0 0 1
    outer loop
      vertex 5.37354 3.25222 5
      vertex 5.85236 5.03918 5
      vertex 5.70991 5.08754 5
    endloop
  endfacet
  facet normal 0 0 1
    outer loop
      vertex 5.00195 3.37836 5
      vertex 5.70991 5.08754 5
      vertex 5.575 5.15407 5
    endloop
  endfacet
  facet normal 0 0 1
    outer loop
      vertex 4.65 3.55192 5
      vertex 5.575 5.15407 5
      vertex 5.44992 5.23764 5
    endloop
  endfacet
  facet normal 0 0 1
    outer loop
      vertex 5.85236 5.03918 5
      vertex 5.37354 3.25222 5
      vertex 5.75842 3.17566 5
    endloop
  endfacet
  facet normal 0 0 1
    outer loop
      vertex 4.32372 3.76994 5
      vertex 5.44992 5.23764 5
      vertex 5.33683 5.33683 5
    endloop
  endfacet
  facet normal 0 0 1
    outer loop
      vertex 4.02868 4.02868 5
      vertex 5.33683 5.33683 5
      vertex 5.23764 5.44992 5
    endloop
  endfacet
  facet normal 0 0 1
    outer loop
      vertex 3.76994 4.32372 5
      vertex 5.23764 5.44992 5
      vertex 5.15407 5.575 5
    endloop
  endfacet
  facet normal 0 0 1
    outer loop
      vertex 3.55192 4.65 5
      vertex 5.15407 5.575 5
      vertex 5.08754 5.70991 5
    endloop
  endfacet
  facet normal 0 0 1
    outer loop
      vertex 3.37836 5.00195 5
      vertex 5.08754 5.70991 5
      vertex 5.03918 5.85236 5
    endloop
  endfacet
  facet normal 0 0 1
    outer loop
      vertex 3.25222 5.37354 5
      vertex 5.03918 5.85236 5
      vertex 5.00984 5.99989 5
    endloop
  endfacet
  facet normal 0 0 1
    outer loop
      vertex 5.70991 5.08754 5
      vertex 5.00195 3.37836 5
      vertex 5.37354 3.25222 5
    endloop
  endfacet
  facet normal 0 0 1
    outer loop
      vertex 3.17566 5.75842 5
      vertex 5.00984 5.99989 5
      vertex 5 6.15 5
    endloop
  endfacet
  facet normal 0 0 1
    outer loop
      vertex 5.15407 6.725 5
      vertex 3.55192 7.65 5
      vertex 5.08754 6.59009 5
    endloop
  endfacet
  facet normal 0 0 1
    outer loop
      vertex 5.575 5.15407 5
      vertex 4.65 3.55192 5
      vertex 5.00195 3.37836 5
    endloop
  endfacet
  facet normal -0 0 1
    outer loop
      vertex 3.37836 7.29805 5
      vertex 5.08754 6.59009 5
      vertex 3.55192 7.65 5
    endloop
  endfacet
  facet normal 0 0 1
    outer loop
      vertex 5.44992 5.23764 5
      vertex 4.32372 3.76994 5
      vertex 4.65 3.55192 5
    endloop
  endfacet
  facet normal 0 0 1
    outer loop
      vertex 5.08754 6.59009 5
      vertex 3.37836 7.29805 5
      vertex 5.03918 6.44764 5
    endloop
  endfacet
  facet normal 0 0 1
    outer loop
      vertex 5.33683 5.33683 5
      vertex 4.02868 4.02868 5
      vertex 4.32372 3.76994 5
    endloop
  endfacet
  facet normal -0 0 1
    outer loop
      vertex 3.25222 6.92646 5
      vertex 5.03918 6.44764 5
      vertex 3.37836 7.29805 5
    endloop
  endfacet
  facet normal 0 0 1
    outer loop
      vertex 5.23764 5.44992 5
      vertex 3.76994 4.32372 5
      vertex 4.02868 4.02868 5
    endloop
  endfacet
  facet normal 0 0 1
    outer loop
      vertex 5.03918 6.44764 5
      vertex 3.25222 6.92646 5
      vertex 5.00984 6.30011 5
    endloop
  endfacet
  facet normal 0 0 1
    outer loop
      vertex 5.15407 5.575 5
      vertex 3.55192 4.65 5
      vertex 3.76994 4.32372 5
    endloop
  endfacet
  facet normal -0 0 1
    outer loop
      vertex 3.17566 6.54158 5
      vertex 5.00984 6.30011 5
      vertex 3.25222 6.92646 5
    endloop
  endfacet
  facet normal 0 0 1
    outer loop
      vertex 5.08754 5.70991 5
      vertex 3.37836 5.00195 5
      vertex 3.55192 4.65 5
    endloop
  endfacet
  facet normal 0 0 1
    outer loop
      vertex 5.00984 6.30011 5
      vertex 3.17566 6.54158 5
      vertex 5 6.15 5
    endloop
  endfacet
  facet normal 0 0 1
    outer loop
      vertex 5.03918 5.85236 5
      vertex 3.25222 5.37354 5
      vertex 3.37836 5.00195 5
    endloop
  endfacet
  facet normal 0 0 1
    outer loop
      vertex 3.15 6.15 5
      vertex 5 6.15 5
      vertex 3.17566 6.54158 5
    endloop
  endfacet
  facet normal 0 0 1
    outer loop
      vertex 5.00984 5.99989 5
      vertex 3.17566 5.75842 5
      vertex 3.25222 5.37354 5
    endloop
  endfacet
  facet normal 0 0 1
    outer loop
      vertex 5 6.15 5
      vertex 3.15 6.15 5
      vertex 3.17566 5.75842 5
    endloop
  endfacet
  facet normal -0.195072 0.980789 0
    outer loop
      vertex 5.75842 9.12433 2
      vertex 5.37354 9.04778 5
      vertex 5.75842 9.12433 5
    endloop
  endfacet
  facet normal -0.195072 0.980789 0
    outer loop
      vertex 5.37354 9.04778 5
      vertex 5.75842 9.12433 2
      vertex 5.37354 9.04778 2
    endloop
  endfacet
  facet normal 0.896875 -0.442283 0
    outer loop
      vertex 8.74808 4.65 5
      vertex 8.92164 5.00195 2
      vertex 8.92164 5.00195 5
    endloop
  endfacet
  facet normal 0.896875 -0.442283 0
    outer loop
      vertex 8.92164 5.00195 2
      vertex 8.74808 4.65 5
      vertex 8.74808 4.65 2
    endloop
  endfacet
  facet normal 0.195097 -0.980784 0
    outer loop
      vertex 6.54158 3.17566 2
      vertex 6.92646 3.25222 5
      vertex 6.54158 3.17566 5
    endloop
  endfacet
  facet normal 0.195097 -0.980784 0
    outer loop
      vertex 6.92646 3.25222 5
      vertex 6.54158 3.17566 2
      vertex 6.92646 3.25222 2
    endloop
  endfacet
  facet normal 0.946928 0.321444 0
    outer loop
      vertex 9.04778 6.92646 5
      vertex 8.92164 7.29805 2
      vertex 8.92164 7.29805 5
    endloop
  endfacet
  facet normal 0.946928 0.321444 0
    outer loop
      vertex 8.92164 7.29805 2
      vertex 9.04778 6.92646 5
      vertex 9.04778 6.92646 2
    endloop
  endfacet
  facet normal 0.980789 0.195072 0
    outer loop
      vertex 9.12433 6.54158 5
      vertex 9.04778 6.92646 2
      vertex 9.04778 6.92646 5
    endloop
  endfacet
  facet normal 0.980789 0.195072 0
    outer loop
      vertex 9.04778 6.92646 2
      vertex 9.12433 6.54158 5
      vertex 9.12433 6.54158 2
    endloop
  endfacet
  facet normal 0.751844 0.659341 0
    outer loop
      vertex 8.53006 7.97628 5
      vertex 8.27132 8.27132 2
      vertex 8.27132 8.27132 5
    endloop
  endfacet
  facet normal 0.751844 0.659341 0
    outer loop
      vertex 8.27132 8.27132 2
      vertex 8.53006 7.97628 5
      vertex 8.53006 7.97628 2
    endloop
  endfacet
  facet normal 0.831462 0.555582 0
    outer loop
      vertex 8.74808 7.65 5
      vertex 8.53006 7.97628 2
      vertex 8.53006 7.97628 5
    endloop
  endfacet
  facet normal 0.831462 0.555582 0
    outer loop
      vertex 8.53006 7.97628 2
      vertex 8.74808 7.65 5
      vertex 8.74808 7.65 2
    endloop
  endfacet
  facet normal 0.0654145 0.997858 -0
    outer loop
      vertex 6.54158 9.12433 2
      vertex 6.15 9.15 5
      vertex 6.54158 9.12433 5
    endloop
  endfacet
  facet normal 0.0654145 0.997858 0
    outer loop
      vertex 6.15 9.15 5
      vertex 6.54158 9.12433 2
      vertex 6.15 9.15 2
    endloop
  endfacet
  facet normal 0.555582 0.831462 -0
    outer loop
      vertex 7.97628 8.53006 2
      vertex 7.65 8.74808 5
      vertex 7.97628 8.53006 5
    endloop
  endfacet
  facet normal 0.555582 0.831462 0
    outer loop
      vertex 7.65 8.74808 5
      vertex 7.97628 8.53006 2
      vertex 7.65 8.74808 2
    endloop
  endfacet
  facet normal -0.831462 0.555582 0
    outer loop
      vertex 3.55192 7.65 2
      vertex 3.76994 7.97628 5
      vertex 3.76994 7.97628 2
    endloop
  endfacet
  facet normal -0.831462 0.555582 0
    outer loop
      vertex 3.76994 7.97628 5
      vertex 3.55192 7.65 2
      vertex 3.55192 7.65 5
    endloop
  endfacet
  facet normal -0.946928 0.321444 0
    outer loop
      vertex 3.25222 6.92646 2
      vertex 3.37836 7.29805 5
      vertex 3.37836 7.29805 2
    endloop
  endfacet
  facet normal -0.946928 0.321444 0
    outer loop
      vertex 3.37836 7.29805 5
      vertex 3.25222 6.92646 2
      vertex 3.25222 6.92646 5
    endloop
  endfacet
  facet normal -0.980784 0.195097 0
    outer loop
      vertex 3.17566 6.54158 2
      vertex 3.25222 6.92646 5
      vertex 3.25222 6.92646 2
    endloop
  endfacet
  facet normal -0.980784 0.195097 0
    outer loop
      vertex 3.25222 6.92646 5
      vertex 3.17566 6.54158 2
      vertex 3.17566 6.54158 5
    endloop
  endfacet
  facet normal -0.442283 0.896875 0
    outer loop
      vertex 5.00195 8.92164 2
      vertex 4.65 8.74808 5
      vertex 5.00195 8.92164 5
    endloop
  endfacet
  facet normal -0.442283 0.896875 0
    outer loop
      vertex 4.65 8.74808 5
      vertex 5.00195 8.92164 2
      vertex 4.65 8.74808 2
    endloop
  endfacet
  facet normal -0.555582 0.831462 0
    outer loop
      vertex 4.65 8.74808 2
      vertex 4.32372 8.53006 5
      vertex 4.65 8.74808 5
    endloop
  endfacet
  facet normal -0.555582 0.831462 0
    outer loop
      vertex 4.32372 8.53006 5
      vertex 4.65 8.74808 2
      vertex 4.32372 8.53006 2
    endloop
  endfacet
  facet normal 0.751844 -0.659341 0
    outer loop
      vertex 8.27132 4.02868 5
      vertex 8.53006 4.32372 2
      vertex 8.53006 4.32372 5
    endloop
  endfacet
  facet normal 0.751844 -0.659341 0
    outer loop
      vertex 8.53006 4.32372 2
      vertex 8.27132 4.02868 5
      vertex 8.27132 4.02868 2
    endloop
  endfacet
  facet normal 0.946928 -0.321444 0
    outer loop
      vertex 8.92164 5.00195 5
      vertex 9.04778 5.37354 2
      vertex 9.04778 5.37354 5
    endloop
  endfacet
  facet normal 0.946928 -0.321444 0
    outer loop
      vertex 9.04778 5.37354 2
      vertex 8.92164 5.00195 5
      vertex 8.92164 5.00195 2
    endloop
  endfacet
  facet normal 0.980789 -0.195072 0
    outer loop
      vertex 9.04778 5.37354 5
      vertex 9.12433 5.75842 2
      vertex 9.12433 5.75842 5
    endloop
  endfacet
  facet normal 0.980789 -0.195072 0
    outer loop
      vertex 9.12433 5.75842 2
      vertex 9.04778 5.37354 5
      vertex 9.04778 5.37354 2
    endloop
  endfacet
  facet normal -0.659341 -0.751844 0
    outer loop
      vertex 4.02868 4.02868 2
      vertex 4.32372 3.76994 5
      vertex 4.02868 4.02868 5
    endloop
  endfacet
  facet normal -0.659341 -0.751844 -0
    outer loop
      vertex 4.32372 3.76994 5
      vertex 4.02868 4.02868 2
      vertex 4.32372 3.76994 2
    endloop
  endfacet
  facet normal -0.896875 -0.442283 0
    outer loop
      vertex 3.55192 4.65 2
      vertex 3.37836 5.00195 5
      vertex 3.37836 5.00195 2
    endloop
  endfacet
  facet normal -0.896875 -0.442283 0
    outer loop
      vertex 3.37836 5.00195 5
      vertex 3.55192 4.65 2
      vertex 3.55192 4.65 5
    endloop
  endfacet
  facet normal -0.751844 -0.659341 0
    outer loop
      vertex 4.02868 4.02868 2
      vertex 3.76994 4.32372 5
      vertex 3.76994 4.32372 2
    endloop
  endfacet
  facet normal -0.751844 -0.659341 0
    outer loop
      vertex 3.76994 4.32372 5
      vertex 4.02868 4.02868 2
      vertex 4.02868 4.02868 5
    endloop
  endfacet
  facet normal -0.99786 -0.0653892 0
    outer loop
      vertex 3.17566 5.75842 2
      vertex 3.15 6.15 5
      vertex 3.15 6.15 2
    endloop
  endfacet
  facet normal -0.99786 -0.0653892 0
    outer loop
      vertex 3.15 6.15 5
      vertex 3.17566 5.75842 2
      vertex 3.17566 5.75842 5
    endloop
  endfacet
  facet normal 0.831462 -0.555582 0
    outer loop
      vertex 8.53006 4.32372 5
      vertex 8.74808 4.65 2
      vertex 8.74808 4.65 5
    endloop
  endfacet
  facet normal 0.831462 -0.555582 0
    outer loop
      vertex 8.74808 4.65 2
      vertex 8.53006 4.32372 5
      vertex 8.53006 4.32372 2
    endloop
  endfacet
  facet normal 0.997858 -0.0654145 0
    outer loop
      vertex 9.12433 5.75842 5
      vertex 9.15 6.15 2
      vertex 9.15 6.15 5
    endloop
  endfacet
  facet normal 0.997858 -0.0654145 0
    outer loop
      vertex 9.15 6.15 2
      vertex 9.12433 5.75842 5
      vertex 9.12433 5.75842 2
    endloop
  endfacet
  facet normal -0.980784 -0.195097 0
    outer loop
      vertex 3.25222 5.37354 2
      vertex 3.17566 5.75842 5
      vertex 3.17566 5.75842 2
    endloop
  endfacet
  facet normal -0.980784 -0.195097 0
    outer loop
      vertex 3.17566 5.75842 5
      vertex 3.25222 5.37354 2
      vertex 3.25222 5.37354 5
    endloop
  endfacet
  facet normal -0.946928 -0.321444 0
    outer loop
      vertex 3.37836 5.00195 2
      vertex 3.25222 5.37354 5
      vertex 3.25222 5.37354 2
    endloop
  endfacet
  facet normal -0.946928 -0.321444 0
    outer loop
      vertex 3.25222 5.37354 5
      vertex 3.37836 5.00195 2
      vertex 3.37836 5.00195 5
    endloop
  endfacet
  facet normal 0.442283 -0.896875 0
    outer loop
      vertex 7.29805 3.37836 2
      vertex 7.65 3.55192 5
      vertex 7.29805 3.37836 5
    endloop
  endfacet
  facet normal 0.442283 -0.896875 0
    outer loop
      vertex 7.65 3.55192 5
      vertex 7.29805 3.37836 2
      vertex 7.65 3.55192 2
    endloop
  endfacet
  facet normal 0.321444 -0.946928 0
    outer loop
      vertex 6.92646 3.25222 2
      vertex 7.29805 3.37836 5
      vertex 6.92646 3.25222 5
    endloop
  endfacet
  facet normal 0.321444 -0.946928 0
    outer loop
      vertex 7.29805 3.37836 5
      vertex 6.92646 3.25222 2
      vertex 7.29805 3.37836 2
    endloop
  endfacet
  facet normal 0.659341 -0.751844 0
    outer loop
      vertex 7.97628 3.76994 2
      vertex 8.27132 4.02868 5
      vertex 7.97628 3.76994 5
    endloop
  endfacet
  facet normal 0.659341 -0.751844 0
    outer loop
      vertex 8.27132 4.02868 5
      vertex 7.97628 3.76994 2
      vertex 8.27132 4.02868 2
    endloop
  endfacet
  facet normal 0.555582 -0.831462 0
    outer loop
      vertex 7.65 3.55192 2
      vertex 7.97628 3.76994 5
      vertex 7.65 3.55192 5
    endloop
  endfacet
  facet normal 0.555582 -0.831462 0
    outer loop
      vertex 7.97628 3.76994 5
      vertex 7.65 3.55192 2
      vertex 7.97628 3.76994 2
    endloop
  endfacet
  facet normal -0.555582 -0.831462 0
    outer loop
      vertex 4.32372 3.76994 2
      vertex 4.65 3.55192 5
      vertex 4.32372 3.76994 5
    endloop
  endfacet
  facet normal -0.555582 -0.831462 -0
    outer loop
      vertex 4.65 3.55192 5
      vertex 4.32372 3.76994 2
      vertex 4.65 3.55192 2
    endloop
  endfacet
  facet normal -0.831462 -0.555582 0
    outer loop
      vertex 3.76994 4.32372 2
      vertex 3.55192 4.65 5
      vertex 3.55192 4.65 2
    endloop
  endfacet
  facet normal -0.831462 -0.555582 0
    outer loop
      vertex 3.55192 4.65 5
      vertex 3.76994 4.32372 2
      vertex 3.76994 4.32372 5
    endloop
  endfacet
  facet normal -0.195097 -0.980784 0
    outer loop
      vertex 5.37354 3.25222 2
      vertex 5.75842 3.17566 5
      vertex 5.37354 3.25222 5
    endloop
  endfacet
  facet normal -0.195097 -0.980784 -0
    outer loop
      vertex 5.75842 3.17566 5
      vertex 5.37354 3.25222 2
      vertex 5.75842 3.17566 2
    endloop
  endfacet
  facet normal -0.321444 -0.946928 0
    outer loop
      vertex 5.00195 3.37836 2
      vertex 5.37354 3.25222 5
      vertex 5.00195 3.37836 5
    endloop
  endfacet
  facet normal -0.321444 -0.946928 -0
    outer loop
      vertex 5.37354 3.25222 5
      vertex 5.00195 3.37836 2
      vertex 5.37354 3.25222 2
    endloop
  endfacet
  facet normal -0.0653892 -0.99786 0
    outer loop
      vertex 5.75842 3.17566 2
      vertex 6.15 3.15 5
      vertex 5.75842 3.17566 5
    endloop
  endfacet
  facet normal -0.0653892 -0.99786 -0
    outer loop
      vertex 6.15 3.15 5
      vertex 5.75842 3.17566 2
      vertex 6.15 3.15 2
    endloop
  endfacet
  facet normal -0.442283 -0.896875 0
    outer loop
      vertex 4.65 3.55192 2
      vertex 5.00195 3.37836 5
      vertex 4.65 3.55192 5
    endloop
  endfacet
  facet normal -0.442283 -0.896875 -0
    outer loop
      vertex 5.00195 3.37836 5
      vertex 4.65 3.55192 2
      vertex 5.00195 3.37836 2
    endloop
  endfacet
  facet normal 0.997858 0.0654112 0
    outer loop
      vertex 9.15 55.15 5
      vertex 9.12433 55.5416 2
      vertex 9.12433 55.5416 5
    endloop
  endfacet
  facet normal 0.997858 0.0654112 0
    outer loop
      vertex 9.12433 55.5416 2
      vertex 9.15 55.15 5
      vertex 9.15 55.15 2
    endloop
  endfacet
  facet normal -0.99786 0.0653858 0
    outer loop
      vertex 3.15 55.15 2
      vertex 3.17566 55.5416 5
      vertex 3.17566 55.5416 2
    endloop
  endfacet
  facet normal -0.99786 0.0653858 0
    outer loop
      vertex 3.17566 55.5416 5
      vertex 3.15 55.15 2
      vertex 3.15 55.15 5
    endloop
  endfacet
  facet normal -0.0654906 0.997853 0
    outer loop
      vertex 6.15 58.15 2
      vertex 5.75842 58.1243 5
      vertex 6.15 58.15 5
    endloop
  endfacet
  facet normal -0.0654906 0.997853 0
    outer loop
      vertex 5.75842 58.1243 5
      vertex 6.15 58.15 2
      vertex 5.75842 58.1243 2
    endloop
  endfacet
  facet normal 0.0654906 -0.997853 0
    outer loop
      vertex 6.15 52.15 2
      vertex 6.54158 52.1757 5
      vertex 6.15 52.15 5
    endloop
  endfacet
  facet normal 0.0654906 -0.997853 0
    outer loop
      vertex 6.54158 52.1757 5
      vertex 6.15 52.15 2
      vertex 6.54158 52.1757 2
    endloop
  endfacet
  facet normal 0.659428 0.751768 -0
    outer loop
      vertex 8.27132 57.2713 2
      vertex 7.97628 57.5301 5
      vertex 8.27132 57.2713 5
    endloop
  endfacet
  facet normal 0.659428 0.751768 0
    outer loop
      vertex 7.97628 57.5301 5
      vertex 8.27132 57.2713 2
      vertex 7.97628 57.5301 2
    endloop
  endfacet
  facet normal -0.659428 0.751768 0
    outer loop
      vertex 4.32372 57.5301 2
      vertex 4.02868 57.2713 5
      vertex 4.32372 57.5301 5
    endloop
  endfacet
  facet normal -0.659428 0.751768 0
    outer loop
      vertex 4.02868 57.2713 5
      vertex 4.32372 57.5301 2
      vertex 4.02868 57.2713 2
    endloop
  endfacet
  facet normal -0.321582 0.946882 0
    outer loop
      vertex 5.37354 58.0478 2
      vertex 5.00195 57.9216 5
      vertex 5.37354 58.0478 5
    endloop
  endfacet
  facet normal -0.321582 0.946882 0
    outer loop
      vertex 5.00195 57.9216 5
      vertex 5.37354 58.0478 2
      vertex 5.00195 57.9216 2
    endloop
  endfacet
  facet normal 0.8969 0.442233 0
    outer loop
      vertex 8.92164 56.298 5
      vertex 8.74808 56.65 2
      vertex 8.74808 56.65 5
    endloop
  endfacet
  facet normal 0.8969 0.442233 0
    outer loop
      vertex 8.74808 56.65 2
      vertex 8.92164 56.298 5
      vertex 8.92164 56.298 2
    endloop
  endfacet
  facet normal 0.321582 0.946882 -0
    outer loop
      vertex 7.29805 57.9216 2
      vertex 6.92646 58.0478 5
      vertex 7.29805 57.9216 5
    endloop
  endfacet
  facet normal 0.321582 0.946882 0
    outer loop
      vertex 6.92646 58.0478 5
      vertex 7.29805 57.9216 2
      vertex 6.92646 58.0478 2
    endloop
  endfacet
  facet normal 0.19495 0.980813 -0
    outer loop
      vertex 6.92646 58.0478 2
      vertex 6.54158 58.1243 5
      vertex 6.92646 58.0478 5
    endloop
  endfacet
  facet normal 0.19495 0.980813 0
    outer loop
      vertex 6.54158 58.1243 5
      vertex 6.92646 58.0478 2
      vertex 6.54158 58.1243 2
    endloop
  endfacet
  facet normal 0.44216 0.896936 -0
    outer loop
      vertex 7.65 57.7481 2
      vertex 7.29805 57.9216 5
      vertex 7.65 57.7481 5
    endloop
  endfacet
  facet normal 0.44216 0.896936 0
    outer loop
      vertex 7.29805 57.9216 5
      vertex 7.65 57.7481 2
      vertex 7.29805 57.9216 2
    endloop
  endfacet
  facet normal -0.831477 0.555558 0
    outer loop
      vertex 3.55192 56.65 2
      vertex 3.76994 56.9763 5
      vertex 3.76994 56.9763 2
    endloop
  endfacet
  facet normal -0.831477 0.555558 0
    outer loop
      vertex 3.76994 56.9763 5
      vertex 3.55192 56.65 2
      vertex 3.55192 56.65 5
    endloop
  endfacet
  facet normal -0.751799 0.659392 0
    outer loop
      vertex 3.76994 56.9763 2
      vertex 4.02868 57.2713 5
      vertex 4.02868 57.2713 2
    endloop
  endfacet
  facet normal -0.751799 0.659392 0
    outer loop
      vertex 4.02868 57.2713 5
      vertex 3.76994 56.9763 2
      vertex 3.76994 56.9763 5
    endloop
  endfacet
  facet normal 0 0 1
    outer loop
      vertex 7.3 55.15 5
      vertex 9.15 55.15 5
      vertex 9.12433 55.5416 5
    endloop
  endfacet
  facet normal 0 0 1
    outer loop
      vertex 7.29016 55.3001 5
      vertex 9.12433 55.5416 5
      vertex 9.04778 55.9265 5
    endloop
  endfacet
  facet normal 0 0 1
    outer loop
      vertex 9.15 55.15 5
      vertex 7.3 55.15 5
      vertex 9.12433 54.7584 5
    endloop
  endfacet
  facet normal 0 0 1
    outer loop
      vertex 7.26081 55.4476 5
      vertex 9.04778 55.9265 5
      vertex 8.92164 56.298 5
    endloop
  endfacet
  facet normal -0 0 1
    outer loop
      vertex 7.29016 54.9999 5
      vertex 9.12433 54.7584 5
      vertex 7.3 55.15 5
    endloop
  endfacet
  facet normal 0 0 1
    outer loop
      vertex 7.21246 55.5901 5
      vertex 8.92164 56.298 5
      vertex 8.74808 56.65 5
    endloop
  endfacet
  facet normal 0 0 1
    outer loop
      vertex 9.12433 54.7584 5
      vertex 7.29016 54.9999 5
      vertex 9.04778 54.3735 5
    endloop
  endfacet
  facet normal 0 0 1
    outer loop
      vertex 7.14593 55.725 5
      vertex 8.74808 56.65 5
      vertex 8.53006 56.9763 5
    endloop
  endfacet
  facet normal -0 0 1
    outer loop
      vertex 7.26081 54.8524 5
      vertex 9.04778 54.3735 5
      vertex 7.29016 54.9999 5
    endloop
  endfacet
  facet normal 0 0 1
    outer loop
      vertex 7.06236 55.8501 5
      vertex 8.53006 56.9763 5
      vertex 8.27132 57.2713 5
    endloop
  endfacet
  facet normal 0 0 1
    outer loop
      vertex 9.04778 54.3735 5
      vertex 7.26081 54.8524 5
      vertex 8.92164 54.0019 5
    endloop
  endfacet
  facet normal 0 0 1
    outer loop
      vertex 6.96317 55.9632 5
      vertex 8.27132 57.2713 5
      vertex 7.97628 57.5301 5
    endloop
  endfacet
  facet normal -0 0 1
    outer loop
      vertex 7.21246 54.7099 5
      vertex 8.92164 54.0019 5
      vertex 7.26081 54.8524 5
    endloop
  endfacet
  facet normal 0 0 1
    outer loop
      vertex 6.85007 56.0624 5
      vertex 7.97628 57.5301 5
      vertex 7.65 57.7481 5
    endloop
  endfacet
  facet normal 0 0 1
    outer loop
      vertex 8.92164 54.0019 5
      vertex 7.21246 54.7099 5
      vertex 8.74808 53.65 5
    endloop
  endfacet
  facet normal -0 0 1
    outer loop
      vertex 7.14593 54.575 5
      vertex 8.74808 53.65 5
      vertex 7.21246 54.7099 5
    endloop
  endfacet
  facet normal 0 0 1
    outer loop
      vertex 6.725 56.1459 5
      vertex 7.65 57.7481 5
      vertex 7.29805 57.9216 5
    endloop
  endfacet
  facet normal 0 0 1
    outer loop
      vertex 9.12433 55.5416 5
      vertex 7.29016 55.3001 5
      vertex 7.3 55.15 5
    endloop
  endfacet
  facet normal 0 0 1
    outer loop
      vertex 9.04778 55.9265 5
      vertex 7.26081 55.4476 5
      vertex 7.29016 55.3001 5
    endloop
  endfacet
  facet normal 0 0 1
    outer loop
      vertex 8.92164 56.298 5
      vertex 7.21246 55.5901 5
      vertex 7.26081 55.4476 5
    endloop
  endfacet
  facet normal 0 0 1
    outer loop
      vertex 8.74808 56.65 5
      vertex 7.14593 55.725 5
      vertex 7.21246 55.5901 5
    endloop
  endfacet
  facet normal 0 0 1
    outer loop
      vertex 8.53006 56.9763 5
      vertex 7.06236 55.8501 5
      vertex 7.14593 55.725 5
    endloop
  endfacet
  facet normal 0 0 1
    outer loop
      vertex 8.27132 57.2713 5
      vertex 6.96317 55.9632 5
      vertex 7.06236 55.8501 5
    endloop
  endfacet
  facet normal 0 0 1
    outer loop
      vertex 6.59009 56.2125 5
      vertex 7.29805 57.9216 5
      vertex 6.92646 58.0478 5
    endloop
  endfacet
  facet normal 0 0 1
    outer loop
      vertex 7.97628 57.5301 5
      vertex 6.85007 56.0624 5
      vertex 6.96317 55.9632 5
    endloop
  endfacet
  facet normal 0 0 1
    outer loop
      vertex 7.65 57.7481 5
      vertex 6.725 56.1459 5
      vertex 6.85007 56.0624 5
    endloop
  endfacet
  facet normal 0 0 1
    outer loop
      vertex 7.29805 57.9216 5
      vertex 6.59009 56.2125 5
      vertex 6.725 56.1459 5
    endloop
  endfacet
  facet normal 0 0 1
    outer loop
      vertex 6.44764 56.2608 5
      vertex 6.92646 58.0478 5
      vertex 6.54158 58.1243 5
    endloop
  endfacet
  facet normal 0 0 1
    outer loop
      vertex 6.92646 58.0478 5
      vertex 6.44764 56.2608 5
      vertex 6.59009 56.2125 5
    endloop
  endfacet
  facet normal 0 0 1
    outer loop
      vertex 6.54158 58.1243 5
      vertex 6.30011 56.2902 5
      vertex 6.44764 56.2608 5
    endloop
  endfacet
  facet normal 0 0 1
    outer loop
      vertex 6.15 58.15 5
      vertex 6.30011 56.2902 5
      vertex 6.54158 58.1243 5
    endloop
  endfacet
  facet normal 0 0 1
    outer loop
      vertex 6.15 58.15 5
      vertex 6.15 56.3 5
      vertex 6.30011 56.2902 5
    endloop
  endfacet
  facet normal 0 0 1
    outer loop
      vertex 6.15 58.15 5
      vertex 5.99989 56.2902 5
      vertex 6.15 56.3 5
    endloop
  endfacet
  facet normal -0 0 1
    outer loop
      vertex 5.75842 58.1243 5
      vertex 5.99989 56.2902 5
      vertex 6.15 58.15 5
    endloop
  endfacet
  facet normal 0 0 1
    outer loop
      vertex 5.99989 56.2902 5
      vertex 5.75842 58.1243 5
      vertex 5.85236 56.2608 5
    endloop
  endfacet
  facet normal -0 0 1
    outer loop
      vertex 5.37354 58.0478 5
      vertex 5.85236 56.2608 5
      vertex 5.75842 58.1243 5
    endloop
  endfacet
  facet normal 0 0 1
    outer loop
      vertex 5.85236 56.2608 5
      vertex 5.37354 58.0478 5
      vertex 5.70991 56.2125 5
    endloop
  endfacet
  facet normal -0 0 1
    outer loop
      vertex 5.00195 57.9216 5
      vertex 5.70991 56.2125 5
      vertex 5.37354 58.0478 5
    endloop
  endfacet
  facet normal 0 0 1
    outer loop
      vertex 5.70991 56.2125 5
      vertex 5.00195 57.9216 5
      vertex 5.575 56.1459 5
    endloop
  endfacet
  facet normal -0 0 1
    outer loop
      vertex 4.65 57.7481 5
      vertex 5.575 56.1459 5
      vertex 5.00195 57.9216 5
    endloop
  endfacet
  facet normal 0 0 1
    outer loop
      vertex 5.575 56.1459 5
      vertex 4.65 57.7481 5
      vertex 5.44992 56.0624 5
    endloop
  endfacet
  facet normal -0 0 1
    outer loop
      vertex 4.32372 57.5301 5
      vertex 5.44992 56.0624 5
      vertex 4.65 57.7481 5
    endloop
  endfacet
  facet normal 0 0 1
    outer loop
      vertex 5.44992 56.0624 5
      vertex 4.32372 57.5301 5
      vertex 5.33683 55.9632 5
    endloop
  endfacet
  facet normal -0 0 1
    outer loop
      vertex 4.02868 57.2713 5
      vertex 5.33683 55.9632 5
      vertex 4.32372 57.5301 5
    endloop
  endfacet
  facet normal 0 0 1
    outer loop
      vertex 5.33683 55.9632 5
      vertex 4.02868 57.2713 5
      vertex 5.23764 55.8501 5
    endloop
  endfacet
  facet normal -0 0 1
    outer loop
      vertex 3.76994 56.9763 5
      vertex 5.23764 55.8501 5
      vertex 4.02868 57.2713 5
    endloop
  endfacet
  facet normal 0 0 1
    outer loop
      vertex 5.23764 55.8501 5
      vertex 3.76994 56.9763 5
      vertex 5.15407 55.725 5
    endloop
  endfacet
  facet normal -0 0 1
    outer loop
      vertex 3.55192 56.65 5
      vertex 5.15407 55.725 5
      vertex 3.76994 56.9763 5
    endloop
  endfacet
  facet normal 0 0 1
    outer loop
      vertex 8.74808 53.65 5
      vertex 7.14593 54.575 5
      vertex 8.53006 53.3237 5
    endloop
  endfacet
  facet normal -0 0 1
    outer loop
      vertex 7.06236 54.4499 5
      vertex 8.53006 53.3237 5
      vertex 7.14593 54.575 5
    endloop
  endfacet
  facet normal 0 0 1
    outer loop
      vertex 8.53006 53.3237 5
      vertex 7.06236 54.4499 5
      vertex 8.27132 53.0287 5
    endloop
  endfacet
  facet normal -0 0 1
    outer loop
      vertex 6.96317 54.3368 5
      vertex 8.27132 53.0287 5
      vertex 7.06236 54.4499 5
    endloop
  endfacet
  facet normal 0 0 1
    outer loop
      vertex 8.27132 53.0287 5
      vertex 6.96317 54.3368 5
      vertex 7.97628 52.7699 5
    endloop
  endfacet
  facet normal -0 0 1
    outer loop
      vertex 6.85007 54.2376 5
      vertex 7.97628 52.7699 5
      vertex 6.96317 54.3368 5
    endloop
  endfacet
  facet normal 0 0 1
    outer loop
      vertex 7.97628 52.7699 5
      vertex 6.85007 54.2376 5
      vertex 7.65 52.5519 5
    endloop
  endfacet
  facet normal -0 0 1
    outer loop
      vertex 6.725 54.1541 5
      vertex 7.65 52.5519 5
      vertex 6.85007 54.2376 5
    endloop
  endfacet
  facet normal 0 0 1
    outer loop
      vertex 7.65 52.5519 5
      vertex 6.725 54.1541 5
      vertex 7.29805 52.3784 5
    endloop
  endfacet
  facet normal -0 0 1
    outer loop
      vertex 6.59009 54.0875 5
      vertex 7.29805 52.3784 5
      vertex 6.725 54.1541 5
    endloop
  endfacet
  facet normal 0 0 1
    outer loop
      vertex 7.29805 52.3784 5
      vertex 6.59009 54.0875 5
      vertex 6.92646 52.2522 5
    endloop
  endfacet
  facet normal -0 0 1
    outer loop
      vertex 6.44764 54.0392 5
      vertex 6.92646 52.2522 5
      vertex 6.59009 54.0875 5
    endloop
  endfacet
  facet normal 0 0 1
    outer loop
      vertex 6.92646 52.2522 5
      vertex 6.44764 54.0392 5
      vertex 6.54158 52.1757 5
    endloop
  endfacet
  facet normal -0 0 1
    outer loop
      vertex 6.30011 54.0098 5
      vertex 6.54158 52.1757 5
      vertex 6.44764 54.0392 5
    endloop
  endfacet
  facet normal -0 0 1
    outer loop
      vertex 6.15 54 5
      vertex 6.54158 52.1757 5
      vertex 6.30011 54.0098 5
    endloop
  endfacet
  facet normal 0 0 1
    outer loop
      vertex 6.15 54 5
      vertex 6.15 52.15 5
      vertex 6.54158 52.1757 5
    endloop
  endfacet
  facet normal 0 0 1
    outer loop
      vertex 5.99989 54.0098 5
      vertex 6.15 52.15 5
      vertex 6.15 54 5
    endloop
  endfacet
  facet normal 0 0 1
    outer loop
      vertex 5.75842 52.1757 5
      vertex 5.99989 54.0098 5
      vertex 5.85236 54.0392 5
    endloop
  endfacet
  facet normal 0 0 1
    outer loop
      vertex 5.99989 54.0098 5
      vertex 5.75842 52.1757 5
      vertex 6.15 52.15 5
    endloop
  endfacet
  facet normal 0 0 1
    outer loop
      vertex 5.37354 52.2522 5
      vertex 5.85236 54.0392 5
      vertex 5.70991 54.0875 5
    endloop
  endfacet
  facet normal 0 0 1
    outer loop
      vertex 5.00195 52.3784 5
      vertex 5.70991 54.0875 5
      vertex 5.575 54.1541 5
    endloop
  endfacet
  facet normal 0 0 1
    outer loop
      vertex 4.65 52.5519 5
      vertex 5.575 54.1541 5
      vertex 5.44992 54.2376 5
    endloop
  endfacet
  facet normal 0 0 1
    outer loop
      vertex 5.85236 54.0392 5
      vertex 5.37354 52.2522 5
      vertex 5.75842 52.1757 5
    endloop
  endfacet
  facet normal 0 0 1
    outer loop
      vertex 4.32372 52.7699 5
      vertex 5.44992 54.2376 5
      vertex 5.33683 54.3368 5
    endloop
  endfacet
  facet normal 0 0 1
    outer loop
      vertex 4.02868 53.0287 5
      vertex 5.33683 54.3368 5
      vertex 5.23764 54.4499 5
    endloop
  endfacet
  facet normal 0 0 1
    outer loop
      vertex 3.76994 53.3237 5
      vertex 5.23764 54.4499 5
      vertex 5.15407 54.575 5
    endloop
  endfacet
  facet normal 0 0 1
    outer loop
      vertex 3.55192 53.65 5
      vertex 5.15407 54.575 5
      vertex 5.08754 54.7099 5
    endloop
  endfacet
  facet normal 0 0 1
    outer loop
      vertex 3.37836 54.0019 5
      vertex 5.08754 54.7099 5
      vertex 5.03918 54.8524 5
    endloop
  endfacet
  facet normal 0 0 1
    outer loop
      vertex 3.25222 54.3735 5
      vertex 5.03918 54.8524 5
      vertex 5.00984 54.9999 5
    endloop
  endfacet
  facet normal 0 0 1
    outer loop
      vertex 5.70991 54.0875 5
      vertex 5.00195 52.3784 5
      vertex 5.37354 52.2522 5
    endloop
  endfacet
  facet normal 0 0 1
    outer loop
      vertex 3.17566 54.7584 5
      vertex 5.00984 54.9999 5
      vertex 5 55.15 5
    endloop
  endfacet
  facet normal 0 0 1
    outer loop
      vertex 5.15407 55.725 5
      vertex 3.55192 56.65 5
      vertex 5.08754 55.5901 5
    endloop
  endfacet
  facet normal 0 0 1
    outer loop
      vertex 5.575 54.1541 5
      vertex 4.65 52.5519 5
      vertex 5.00195 52.3784 5
    endloop
  endfacet
  facet normal -0 0 1
    outer loop
      vertex 3.37836 56.298 5
      vertex 5.08754 55.5901 5
      vertex 3.55192 56.65 5
    endloop
  endfacet
  facet normal 0 0 1
    outer loop
      vertex 5.44992 54.2376 5
      vertex 4.32372 52.7699 5
      vertex 4.65 52.5519 5
    endloop
  endfacet
  facet normal 0 0 1
    outer loop
      vertex 5.08754 55.5901 5
      vertex 3.37836 56.298 5
      vertex 5.03918 55.4476 5
    endloop
  endfacet
  facet normal 0 0 1
    outer loop
      vertex 5.33683 54.3368 5
      vertex 4.02868 53.0287 5
      vertex 4.32372 52.7699 5
    endloop
  endfacet
  facet normal -0 0 1
    outer loop
      vertex 3.25222 55.9265 5
      vertex 5.03918 55.4476 5
      vertex 3.37836 56.298 5
    endloop
  endfacet
  facet normal 0 0 1
    outer loop
      vertex 5.23764 54.4499 5
      vertex 3.76994 53.3237 5
      vertex 4.02868 53.0287 5
    endloop
  endfacet
  facet normal 0 0 1
    outer loop
      vertex 5.03918 55.4476 5
      vertex 3.25222 55.9265 5
      vertex 5.00984 55.3001 5
    endloop
  endfacet
  facet normal 0 0 1
    outer loop
      vertex 5.15407 54.575 5
      vertex 3.55192 53.65 5
      vertex 3.76994 53.3237 5
    endloop
  endfacet
  facet normal -0 0 1
    outer loop
      vertex 3.17566 55.5416 5
      vertex 5.00984 55.3001 5
      vertex 3.25222 55.9265 5
    endloop
  endfacet
  facet normal 0 0 1
    outer loop
      vertex 5.08754 54.7099 5
      vertex 3.37836 54.0019 5
      vertex 3.55192 53.65 5
    endloop
  endfacet
  facet normal 0 0 1
    outer loop
      vertex 5.00984 55.3001 5
      vertex 3.17566 55.5416 5
      vertex 5 55.15 5
    endloop
  endfacet
  facet normal 0 0 1
    outer loop
      vertex 5.03918 54.8524 5
      vertex 3.25222 54.3735 5
      vertex 3.37836 54.0019 5
    endloop
  endfacet
  facet normal 0 0 1
    outer loop
      vertex 3.15 55.15 5
      vertex 5 55.15 5
      vertex 3.17566 55.5416 5
    endloop
  endfacet
  facet normal 0 0 1
    outer loop
      vertex 5.00984 54.9999 5
      vertex 3.17566 54.7584 5
      vertex 3.25222 54.3735 5
    endloop
  endfacet
  facet normal 0 0 1
    outer loop
      vertex 5 55.15 5
      vertex 3.15 55.15 5
      vertex 3.17566 54.7584 5
    endloop
  endfacet
  facet normal -0.555547 0.831485 0
    outer loop
      vertex 4.65 57.7481 2
      vertex 4.32372 57.5301 5
      vertex 4.65 57.7481 5
    endloop
  endfacet
  facet normal -0.555547 0.831485 0
    outer loop
      vertex 4.32372 57.5301 5
      vertex 4.65 57.7481 2
      vertex 4.32372 57.5301 2
    endloop
  endfacet
  facet normal -0.19495 0.980813 0
    outer loop
      vertex 5.75842 58.1243 2
      vertex 5.37354 58.0478 5
      vertex 5.75842 58.1243 5
    endloop
  endfacet
  facet normal -0.19495 0.980813 0
    outer loop
      vertex 5.37354 58.0478 5
      vertex 5.75842 58.1243 2
      vertex 5.37354 58.0478 2
    endloop
  endfacet
  facet normal 0.19495 -0.980813 0
    outer loop
      vertex 6.54158 52.1757 2
      vertex 6.92646 52.2522 5
      vertex 6.54158 52.1757 5
    endloop
  endfacet
  facet normal 0.19495 -0.980813 0
    outer loop
      vertex 6.92646 52.2522 5
      vertex 6.54158 52.1757 2
      vertex 6.92646 52.2522 2
    endloop
  endfacet
  facet normal 0.946905 0.321514 0
    outer loop
      vertex 9.04778 55.9265 5
      vertex 8.92164 56.298 2
      vertex 8.92164 56.298 5
    endloop
  endfacet
  facet normal 0.946905 0.321514 0
    outer loop
      vertex 8.92164 56.298 2
      vertex 9.04778 55.9265 5
      vertex 9.04778 55.9265 2
    endloop
  endfacet
  facet normal 0.980791 0.195062 0
    outer loop
      vertex 9.12433 55.5416 5
      vertex 9.04778 55.9265 2
      vertex 9.04778 55.9265 5
    endloop
  endfacet
  facet normal 0.980791 0.195062 0
    outer loop
      vertex 9.04778 55.9265 2
      vertex 9.12433 55.5416 5
      vertex 9.12433 55.5416 2
    endloop
  endfacet
  facet normal 0.751799 0.659392 0
    outer loop
      vertex 8.53006 56.9763 5
      vertex 8.27132 57.2713 2
      vertex 8.27132 57.2713 5
    endloop
  endfacet
  facet normal 0.751799 0.659392 0
    outer loop
      vertex 8.27132 57.2713 2
      vertex 8.53006 56.9763 5
      vertex 8.53006 56.9763 2
    endloop
  endfacet
  facet normal 0.831477 0.555558 0
    outer loop
      vertex 8.74808 56.65 5
      vertex 8.53006 56.9763 2
      vertex 8.53006 56.9763 5
    endloop
  endfacet
  facet normal 0.831477 0.555558 0
    outer loop
      vertex 8.53006 56.9763 2
      vertex 8.74808 56.65 5
      vertex 8.74808 56.65 2
    endloop
  endfacet
  facet normal 0.0654906 0.997853 -0
    outer loop
      vertex 6.54158 58.1243 2
      vertex 6.15 58.15 5
      vertex 6.54158 58.1243 5
    endloop
  endfacet
  facet normal 0.0654906 0.997853 0
    outer loop
      vertex 6.15 58.15 5
      vertex 6.54158 58.1243 2
      vertex 6.15 58.15 2
    endloop
  endfacet
  facet normal 0.555547 0.831485 -0
    outer loop
      vertex 7.97628 57.5301 2
      vertex 7.65 57.7481 5
      vertex 7.97628 57.5301 5
    endloop
  endfacet
  facet normal 0.555547 0.831485 0
    outer loop
      vertex 7.65 57.7481 5
      vertex 7.97628 57.5301 2
      vertex 7.65 57.7481 2
    endloop
  endfacet
  facet normal -0.8969 0.442233 0
    outer loop
      vertex 3.37836 56.298 2
      vertex 3.55192 56.65 5
      vertex 3.55192 56.65 2
    endloop
  endfacet
  facet normal -0.8969 0.442233 0
    outer loop
      vertex 3.55192 56.65 5
      vertex 3.37836 56.298 2
      vertex 3.37836 56.298 5
    endloop
  endfacet
  facet normal -0.980786 0.195087 0
    outer loop
      vertex 3.17566 55.5416 2
      vertex 3.25222 55.9265 5
      vertex 3.25222 55.9265 2
    endloop
  endfacet
  facet normal -0.980786 0.195087 0
    outer loop
      vertex 3.25222 55.9265 5
      vertex 3.17566 55.5416 2
      vertex 3.17566 55.5416 5
    endloop
  endfacet
  facet normal 0.997858 -0.0654112 0
    outer loop
      vertex 9.12433 54.7584 5
      vertex 9.15 55.15 2
      vertex 9.15 55.15 5
    endloop
  endfacet
  facet normal 0.997858 -0.0654112 0
    outer loop
      vertex 9.15 55.15 2
      vertex 9.12433 54.7584 5
      vertex 9.12433 54.7584 2
    endloop
  endfacet
  facet normal 0.751799 -0.659392 0
    outer loop
      vertex 8.27132 53.0287 5
      vertex 8.53006 53.3237 2
      vertex 8.53006 53.3237 5
    endloop
  endfacet
  facet normal 0.751799 -0.659392 0
    outer loop
      vertex 8.53006 53.3237 2
      vertex 8.27132 53.0287 5
      vertex 8.27132 53.0287 2
    endloop
  endfacet
  facet normal 0.946931 -0.321437 0
    outer loop
      vertex 8.92164 54.0019 5
      vertex 9.04778 54.3735 2
      vertex 9.04778 54.3735 5
    endloop
  endfacet
  facet normal 0.946931 -0.321437 0
    outer loop
      vertex 9.04778 54.3735 2
      vertex 8.92164 54.0019 5
      vertex 8.92164 54.0019 2
    endloop
  endfacet
  facet normal 0.980791 -0.195062 0
    outer loop
      vertex 9.04778 54.3735 5
      vertex 9.12433 54.7584 2
      vertex 9.12433 54.7584 5
    endloop
  endfacet
  facet normal 0.980791 -0.195062 0
    outer loop
      vertex 9.12433 54.7584 2
      vertex 9.04778 54.3735 5
      vertex 9.04778 54.3735 2
    endloop
  endfacet
  facet normal 0.44216 -0.896936 0
    outer loop
      vertex 7.29805 52.3784 2
      vertex 7.65 52.5519 5
      vertex 7.29805 52.3784 5
    endloop
  endfacet
  facet normal 0.44216 -0.896936 0
    outer loop
      vertex 7.65 52.5519 5
      vertex 7.29805 52.3784 2
      vertex 7.65 52.5519 2
    endloop
  endfacet
  facet normal -0.946905 0.321514 0
    outer loop
      vertex 3.25222 55.9265 2
      vertex 3.37836 56.298 5
      vertex 3.37836 56.298 2
    endloop
  endfacet
  facet normal -0.946905 0.321514 0
    outer loop
      vertex 3.37836 56.298 5
      vertex 3.25222 55.9265 2
      vertex 3.25222 55.9265 5
    endloop
  endfacet
  facet normal -0.44216 0.896936 0
    outer loop
      vertex 5.00195 57.9216 2
      vertex 4.65 57.7481 5
      vertex 5.00195 57.9216 5
    endloop
  endfacet
  facet normal -0.44216 0.896936 0
    outer loop
      vertex 4.65 57.7481 5
      vertex 5.00195 57.9216 2
      vertex 4.65 57.7481 2
    endloop
  endfacet
  facet normal 0.555547 -0.831485 0
    outer loop
      vertex 7.65 52.5519 2
      vertex 7.97628 52.7699 5
      vertex 7.65 52.5519 5
    endloop
  endfacet
  facet normal 0.555547 -0.831485 0
    outer loop
      vertex 7.97628 52.7699 5
      vertex 7.65 52.5519 2
      vertex 7.97628 52.7699 2
    endloop
  endfacet
  facet normal 0.831477 -0.555558 0
    outer loop
      vertex 8.53006 53.3237 5
      vertex 8.74808 53.65 2
      vertex 8.74808 53.65 5
    endloop
  endfacet
  facet normal 0.831477 -0.555558 0
    outer loop
      vertex 8.74808 53.65 2
      vertex 8.53006 53.3237 5
      vertex 8.53006 53.3237 2
    endloop
  endfacet
  facet normal -0.659428 -0.751768 0
    outer loop
      vertex 4.02868 53.0287 2
      vertex 4.32372 52.7699 5
      vertex 4.02868 53.0287 5
    endloop
  endfacet
  facet normal -0.659428 -0.751768 -0
    outer loop
      vertex 4.32372 52.7699 5
      vertex 4.02868 53.0287 2
      vertex 4.32372 52.7699 2
    endloop
  endfacet
  facet normal -0.751799 -0.659392 0
    outer loop
      vertex 4.02868 53.0287 2
      vertex 3.76994 53.3237 5
      vertex 3.76994 53.3237 2
    endloop
  endfacet
  facet normal -0.751799 -0.659392 0
    outer loop
      vertex 3.76994 53.3237 5
      vertex 4.02868 53.0287 2
      vertex 4.02868 53.0287 5
    endloop
  endfacet
  facet normal -0.89685 -0.442334 0
    outer loop
      vertex 3.55192 53.65 2
      vertex 3.37836 54.0019 5
      vertex 3.37836 54.0019 2
    endloop
  endfacet
  facet normal -0.89685 -0.442334 0
    outer loop
      vertex 3.37836 54.0019 5
      vertex 3.55192 53.65 2
      vertex 3.55192 53.65 5
    endloop
  endfacet
  facet normal -0.99786 -0.0653858 0
    outer loop
      vertex 3.17566 54.7584 2
      vertex 3.15 55.15 5
      vertex 3.15 55.15 2
    endloop
  endfacet
  facet normal -0.99786 -0.0653858 0
    outer loop
      vertex 3.15 55.15 5
      vertex 3.17566 54.7584 2
      vertex 3.17566 54.7584 5
    endloop
  endfacet
  facet normal -0.980786 -0.195087 0
    outer loop
      vertex 3.25222 54.3735 2
      vertex 3.17566 54.7584 5
      vertex 3.17566 54.7584 2
    endloop
  endfacet
  facet normal -0.980786 -0.195087 0
    outer loop
      vertex 3.17566 54.7584 5
      vertex 3.25222 54.3735 2
      vertex 3.25222 54.3735 5
    endloop
  endfacet
  facet normal -0.946931 -0.321437 0
    outer loop
      vertex 3.37836 54.0019 2
      vertex 3.25222 54.3735 5
      vertex 3.25222 54.3735 2
    endloop
  endfacet
  facet normal -0.946931 -0.321437 0
    outer loop
      vertex 3.25222 54.3735 5
      vertex 3.37836 54.0019 2
      vertex 3.37836 54.0019 5
    endloop
  endfacet
  facet normal 0.321582 -0.946882 0
    outer loop
      vertex 6.92646 52.2522 2
      vertex 7.29805 52.3784 5
      vertex 6.92646 52.2522 5
    endloop
  endfacet
  facet normal 0.321582 -0.946882 0
    outer loop
      vertex 7.29805 52.3784 5
      vertex 6.92646 52.2522 2
      vertex 7.29805 52.3784 2
    endloop
  endfacet
  facet normal 0.659428 -0.751768 0
    outer loop
      vertex 7.97628 52.7699 2
      vertex 8.27132 53.0287 5
      vertex 7.97628 52.7699 5
    endloop
  endfacet
  facet normal 0.659428 -0.751768 0
    outer loop
      vertex 8.27132 53.0287 5
      vertex 7.97628 52.7699 2
      vertex 8.27132 53.0287 2
    endloop
  endfacet
  facet normal 0.89685 -0.442334 0
    outer loop
      vertex 8.74808 53.65 5
      vertex 8.92164 54.0019 2
      vertex 8.92164 54.0019 5
    endloop
  endfacet
  facet normal 0.89685 -0.442334 0
    outer loop
      vertex 8.92164 54.0019 2
      vertex 8.74808 53.65 5
      vertex 8.74808 53.65 2
    endloop
  endfacet
  facet normal -0.0654906 -0.997853 0
    outer loop
      vertex 5.75842 52.1757 2
      vertex 6.15 52.15 5
      vertex 5.75842 52.1757 5
    endloop
  endfacet
  facet normal -0.0654906 -0.997853 -0
    outer loop
      vertex 6.15 52.15 5
      vertex 5.75842 52.1757 2
      vertex 6.15 52.15 2
    endloop
  endfacet
  facet normal -0.555547 -0.831485 0
    outer loop
      vertex 4.32372 52.7699 2
      vertex 4.65 52.5519 5
      vertex 4.32372 52.7699 5
    endloop
  endfacet
  facet normal -0.555547 -0.831485 -0
    outer loop
      vertex 4.65 52.5519 5
      vertex 4.32372 52.7699 2
      vertex 4.65 52.5519 2
    endloop
  endfacet
  facet normal -0.831477 -0.555558 0
    outer loop
      vertex 3.76994 53.3237 2
      vertex 3.55192 53.65 5
      vertex 3.55192 53.65 2
    endloop
  endfacet
  facet normal -0.831477 -0.555558 0
    outer loop
      vertex 3.55192 53.65 5
      vertex 3.76994 53.3237 2
      vertex 3.76994 53.3237 5
    endloop
  endfacet
  facet normal -0.19495 -0.980813 0
    outer loop
      vertex 5.37354 52.2522 2
      vertex 5.75842 52.1757 5
      vertex 5.37354 52.2522 5
    endloop
  endfacet
  facet normal -0.19495 -0.980813 -0
    outer loop
      vertex 5.75842 52.1757 5
      vertex 5.37354 52.2522 2
      vertex 5.75842 52.1757 2
    endloop
  endfacet
  facet normal -0.321582 -0.946882 0
    outer loop
      vertex 5.00195 52.3784 2
      vertex 5.37354 52.2522 5
      vertex 5.00195 52.3784 5
    endloop
  endfacet
  facet normal -0.321582 -0.946882 -0
    outer loop
      vertex 5.37354 52.2522 5
      vertex 5.00195 52.3784 2
      vertex 5.37354 52.2522 2
    endloop
  endfacet
  facet normal -0.44216 -0.896936 0
    outer loop
      vertex 4.65 52.5519 2
      vertex 5.00195 52.3784 5
      vertex 4.65 52.5519 5
    endloop
  endfacet
  facet normal -0.44216 -0.896936 -0
    outer loop
      vertex 5.00195 52.3784 5
      vertex 4.65 52.5519 2
      vertex 5.00195 52.3784 2
    endloop
  endfacet
  facet normal 0.997853 0.0654906 0
    outer loop
      vertex 67.15 6.15 5
      vertex 67.1243 6.54158 2
      vertex 67.1243 6.54158 5
    endloop
  endfacet
  facet normal 0.997853 0.0654906 0
    outer loop
      vertex 67.1243 6.54158 2
      vertex 67.15 6.15 5
      vertex 67.15 6.15 2
    endloop
  endfacet
  facet normal -0.997853 0.0654906 0
    outer loop
      vertex 61.15 6.15 2
      vertex 61.1757 6.54158 5
      vertex 61.1757 6.54158 2
    endloop
  endfacet
  facet normal -0.997853 0.0654906 0
    outer loop
      vertex 61.1757 6.54158 5
      vertex 61.15 6.15 2
      vertex 61.15 6.15 5
    endloop
  endfacet
  facet normal -0.0654112 0.997858 0
    outer loop
      vertex 64.15 9.15 2
      vertex 63.7584 9.12433 5
      vertex 64.15 9.15 5
    endloop
  endfacet
  facet normal -0.0654112 0.997858 0
    outer loop
      vertex 63.7584 9.12433 5
      vertex 64.15 9.15 2
      vertex 63.7584 9.12433 2
    endloop
  endfacet
  facet normal 0.0653858 -0.99786 0
    outer loop
      vertex 64.15 3.15 2
      vertex 64.5416 3.17566 5
      vertex 64.15 3.15 5
    endloop
  endfacet
  facet normal 0.0653858 -0.99786 0
    outer loop
      vertex 64.5416 3.17566 5
      vertex 64.15 3.15 2
      vertex 64.5416 3.17566 2
    endloop
  endfacet
  facet normal 0.659392 0.751799 -0
    outer loop
      vertex 66.2713 8.27132 2
      vertex 65.9763 8.53006 5
      vertex 66.2713 8.27132 5
    endloop
  endfacet
  facet normal 0.659392 0.751799 0
    outer loop
      vertex 65.9763 8.53006 5
      vertex 66.2713 8.27132 2
      vertex 65.9763 8.53006 2
    endloop
  endfacet
  facet normal -0.659392 0.751799 0
    outer loop
      vertex 62.3237 8.53006 2
      vertex 62.0287 8.27132 5
      vertex 62.3237 8.53006 5
    endloop
  endfacet
  facet normal -0.659392 0.751799 0
    outer loop
      vertex 62.0287 8.27132 5
      vertex 62.3237 8.53006 2
      vertex 62.0287 8.27132 2
    endloop
  endfacet
  facet normal -0.321437 0.946931 0
    outer loop
      vertex 63.3735 9.04778 2
      vertex 63.0019 8.92164 5
      vertex 63.3735 9.04778 5
    endloop
  endfacet
  facet normal -0.321437 0.946931 0
    outer loop
      vertex 63.0019 8.92164 5
      vertex 63.3735 9.04778 2
      vertex 63.0019 8.92164 2
    endloop
  endfacet
  facet normal 0.896936 0.44216 0
    outer loop
      vertex 66.9216 7.29805 5
      vertex 66.7481 7.65 2
      vertex 66.7481 7.65 5
    endloop
  endfacet
  facet normal 0.896936 0.44216 0
    outer loop
      vertex 66.7481 7.65 2
      vertex 66.9216 7.29805 5
      vertex 66.9216 7.29805 2
    endloop
  endfacet
  facet normal 0.321514 0.946905 -0
    outer loop
      vertex 65.298 8.92164 2
      vertex 64.9265 9.04778 5
      vertex 65.298 8.92164 5
    endloop
  endfacet
  facet normal 0.321514 0.946905 0
    outer loop
      vertex 64.9265 9.04778 5
      vertex 65.298 8.92164 2
      vertex 64.9265 9.04778 2
    endloop
  endfacet
  facet normal 0.195062 0.980791 -0
    outer loop
      vertex 64.9265 9.04778 2
      vertex 64.5416 9.12433 5
      vertex 64.9265 9.04778 5
    endloop
  endfacet
  facet normal 0.195062 0.980791 0
    outer loop
      vertex 64.5416 9.12433 5
      vertex 64.9265 9.04778 2
      vertex 64.5416 9.12433 2
    endloop
  endfacet
  facet normal 0.442233 0.8969 -0
    outer loop
      vertex 65.65 8.74808 2
      vertex 65.298 8.92164 5
      vertex 65.65 8.74808 5
    endloop
  endfacet
  facet normal 0.442233 0.8969 0
    outer loop
      vertex 65.298 8.92164 5
      vertex 65.65 8.74808 2
      vertex 65.298 8.92164 2
    endloop
  endfacet
  facet normal -0.896936 0.44216 0
    outer loop
      vertex 61.3784 7.29805 2
      vertex 61.5519 7.65 5
      vertex 61.5519 7.65 2
    endloop
  endfacet
  facet normal -0.896936 0.44216 0
    outer loop
      vertex 61.5519 7.65 5
      vertex 61.3784 7.29805 2
      vertex 61.3784 7.29805 5
    endloop
  endfacet
  facet normal -0.751768 0.659428 0
    outer loop
      vertex 61.7699 7.97628 2
      vertex 62.0287 8.27132 5
      vertex 62.0287 8.27132 2
    endloop
  endfacet
  facet normal -0.751768 0.659428 0
    outer loop
      vertex 62.0287 8.27132 5
      vertex 61.7699 7.97628 2
      vertex 61.7699 7.97628 5
    endloop
  endfacet
  facet normal 0 0 1
    outer loop
      vertex 65.3 6.15 5
      vertex 67.15 6.15 5
      vertex 67.1243 6.54158 5
    endloop
  endfacet
  facet normal 0 0 1
    outer loop
      vertex 65.2902 6.30011 5
      vertex 67.1243 6.54158 5
      vertex 67.0478 6.92646 5
    endloop
  endfacet
  facet normal 0 0 1
    outer loop
      vertex 67.15 6.15 5
      vertex 65.3 6.15 5
      vertex 67.1243 5.75842 5
    endloop
  endfacet
  facet normal 0 0 1
    outer loop
      vertex 65.2608 6.44764 5
      vertex 67.0478 6.92646 5
      vertex 66.9216 7.29805 5
    endloop
  endfacet
  facet normal -0 0 1
    outer loop
      vertex 65.2902 5.99989 5
      vertex 67.1243 5.75842 5
      vertex 65.3 6.15 5
    endloop
  endfacet
  facet normal 0 0 1
    outer loop
      vertex 65.2125 6.59009 5
      vertex 66.9216 7.29805 5
      vertex 66.7481 7.65 5
    endloop
  endfacet
  facet normal 0 0 1
    outer loop
      vertex 67.1243 5.75842 5
      vertex 65.2902 5.99989 5
      vertex 67.0478 5.37354 5
    endloop
  endfacet
  facet normal 0 0 1
    outer loop
      vertex 65.1459 6.725 5
      vertex 66.7481 7.65 5
      vertex 66.5301 7.97628 5
    endloop
  endfacet
  facet normal -0 0 1
    outer loop
      vertex 65.2608 5.85236 5
      vertex 67.0478 5.37354 5
      vertex 65.2902 5.99989 5
    endloop
  endfacet
  facet normal 0 0 1
    outer loop
      vertex 65.0624 6.85007 5
      vertex 66.5301 7.97628 5
      vertex 66.2713 8.27132 5
    endloop
  endfacet
  facet normal 0 0 1
    outer loop
      vertex 67.0478 5.37354 5
      vertex 65.2608 5.85236 5
      vertex 66.9216 5.00195 5
    endloop
  endfacet
  facet normal 0 0 1
    outer loop
      vertex 64.9632 6.96317 5
      vertex 66.2713 8.27132 5
      vertex 65.9763 8.53006 5
    endloop
  endfacet
  facet normal -0 0 1
    outer loop
      vertex 65.2125 5.70991 5
      vertex 66.9216 5.00195 5
      vertex 65.2608 5.85236 5
    endloop
  endfacet
  facet normal 0 0 1
    outer loop
      vertex 64.8501 7.06236 5
      vertex 65.9763 8.53006 5
      vertex 65.65 8.74808 5
    endloop
  endfacet
  facet normal 0 0 1
    outer loop
      vertex 66.9216 5.00195 5
      vertex 65.2125 5.70991 5
      vertex 66.7481 4.65 5
    endloop
  endfacet
  facet normal -0 0 1
    outer loop
      vertex 65.1459 5.575 5
      vertex 66.7481 4.65 5
      vertex 65.2125 5.70991 5
    endloop
  endfacet
  facet normal 0 0 1
    outer loop
      vertex 64.725 7.14593 5
      vertex 65.65 8.74808 5
      vertex 65.298 8.92164 5
    endloop
  endfacet
  facet normal 0 0 1
    outer loop
      vertex 67.1243 6.54158 5
      vertex 65.2902 6.30011 5
      vertex 65.3 6.15 5
    endloop
  endfacet
  facet normal 0 0 1
    outer loop
      vertex 67.0478 6.92646 5
      vertex 65.2608 6.44764 5
      vertex 65.2902 6.30011 5
    endloop
  endfacet
  facet normal 0 0 1
    outer loop
      vertex 66.9216 7.29805 5
      vertex 65.2125 6.59009 5
      vertex 65.2608 6.44764 5
    endloop
  endfacet
  facet normal 0 0 1
    outer loop
      vertex 66.7481 7.65 5
      vertex 65.1459 6.725 5
      vertex 65.2125 6.59009 5
    endloop
  endfacet
  facet normal 0 0 1
    outer loop
      vertex 66.5301 7.97628 5
      vertex 65.0624 6.85007 5
      vertex 65.1459 6.725 5
    endloop
  endfacet
  facet normal 0 0 1
    outer loop
      vertex 66.2713 8.27132 5
      vertex 64.9632 6.96317 5
      vertex 65.0624 6.85007 5
    endloop
  endfacet
  facet normal 0 0 1
    outer loop
      vertex 64.5901 7.21246 5
      vertex 65.298 8.92164 5
      vertex 64.9265 9.04778 5
    endloop
  endfacet
  facet normal 0 0 1
    outer loop
      vertex 65.9763 8.53006 5
      vertex 64.8501 7.06236 5
      vertex 64.9632 6.96317 5
    endloop
  endfacet
  facet normal 0 0 1
    outer loop
      vertex 65.65 8.74808 5
      vertex 64.725 7.14593 5
      vertex 64.8501 7.06236 5
    endloop
  endfacet
  facet normal 0 0 1
    outer loop
      vertex 65.298 8.92164 5
      vertex 64.5901 7.21246 5
      vertex 64.725 7.14593 5
    endloop
  endfacet
  facet normal 0 0 1
    outer loop
      vertex 64.4476 7.26081 5
      vertex 64.9265 9.04778 5
      vertex 64.5416 9.12433 5
    endloop
  endfacet
  facet normal 0 0 1
    outer loop
      vertex 64.9265 9.04778 5
      vertex 64.4476 7.26081 5
      vertex 64.5901 7.21246 5
    endloop
  endfacet
  facet normal 0 0 1
    outer loop
      vertex 64.5416 9.12433 5
      vertex 64.3001 7.29016 5
      vertex 64.4476 7.26081 5
    endloop
  endfacet
  facet normal 0 0 1
    outer loop
      vertex 64.15 9.15 5
      vertex 64.3001 7.29016 5
      vertex 64.5416 9.12433 5
    endloop
  endfacet
  facet normal 0 0 1
    outer loop
      vertex 64.15 9.15 5
      vertex 64.15 7.3 5
      vertex 64.3001 7.29016 5
    endloop
  endfacet
  facet normal 0 0 1
    outer loop
      vertex 64.15 9.15 5
      vertex 63.9999 7.29016 5
      vertex 64.15 7.3 5
    endloop
  endfacet
  facet normal -0 0 1
    outer loop
      vertex 63.7584 9.12433 5
      vertex 63.9999 7.29016 5
      vertex 64.15 9.15 5
    endloop
  endfacet
  facet normal 0 0 1
    outer loop
      vertex 63.9999 7.29016 5
      vertex 63.7584 9.12433 5
      vertex 63.8524 7.26081 5
    endloop
  endfacet
  facet normal -0 0 1
    outer loop
      vertex 63.3735 9.04778 5
      vertex 63.8524 7.26081 5
      vertex 63.7584 9.12433 5
    endloop
  endfacet
  facet normal 0 0 1
    outer loop
      vertex 63.8524 7.26081 5
      vertex 63.3735 9.04778 5
      vertex 63.7099 7.21246 5
    endloop
  endfacet
  facet normal -0 0 1
    outer loop
      vertex 63.0019 8.92164 5
      vertex 63.7099 7.21246 5
      vertex 63.3735 9.04778 5
    endloop
  endfacet
  facet normal 0 0 1
    outer loop
      vertex 63.7099 7.21246 5
      vertex 63.0019 8.92164 5
      vertex 63.575 7.14593 5
    endloop
  endfacet
  facet normal -0 0 1
    outer loop
      vertex 62.65 8.74808 5
      vertex 63.575 7.14593 5
      vertex 63.0019 8.92164 5
    endloop
  endfacet
  facet normal 0 0 1
    outer loop
      vertex 63.575 7.14593 5
      vertex 62.65 8.74808 5
      vertex 63.4499 7.06236 5
    endloop
  endfacet
  facet normal -0 0 1
    outer loop
      vertex 62.3237 8.53006 5
      vertex 63.4499 7.06236 5
      vertex 62.65 8.74808 5
    endloop
  endfacet
  facet normal 0 0 1
    outer loop
      vertex 63.4499 7.06236 5
      vertex 62.3237 8.53006 5
      vertex 63.3368 6.96317 5
    endloop
  endfacet
  facet normal -0 0 1
    outer loop
      vertex 62.0287 8.27132 5
      vertex 63.3368 6.96317 5
      vertex 62.3237 8.53006 5
    endloop
  endfacet
  facet normal 0 0 1
    outer loop
      vertex 63.3368 6.96317 5
      vertex 62.0287 8.27132 5
      vertex 63.2376 6.85007 5
    endloop
  endfacet
  facet normal -0 0 1
    outer loop
      vertex 61.7699 7.97628 5
      vertex 63.2376 6.85007 5
      vertex 62.0287 8.27132 5
    endloop
  endfacet
  facet normal 0 0 1
    outer loop
      vertex 63.2376 6.85007 5
      vertex 61.7699 7.97628 5
      vertex 63.1541 6.725 5
    endloop
  endfacet
  facet normal -0 0 1
    outer loop
      vertex 61.5519 7.65 5
      vertex 63.1541 6.725 5
      vertex 61.7699 7.97628 5
    endloop
  endfacet
  facet normal 0 0 1
    outer loop
      vertex 66.7481 4.65 5
      vertex 65.1459 5.575 5
      vertex 66.5301 4.32372 5
    endloop
  endfacet
  facet normal -0 0 1
    outer loop
      vertex 65.0624 5.44992 5
      vertex 66.5301 4.32372 5
      vertex 65.1459 5.575 5
    endloop
  endfacet
  facet normal 0 0 1
    outer loop
      vertex 66.5301 4.32372 5
      vertex 65.0624 5.44992 5
      vertex 66.2713 4.02868 5
    endloop
  endfacet
  facet normal -0 0 1
    outer loop
      vertex 64.9632 5.33683 5
      vertex 66.2713 4.02868 5
      vertex 65.0624 5.44992 5
    endloop
  endfacet
  facet normal 0 0 1
    outer loop
      vertex 66.2713 4.02868 5
      vertex 64.9632 5.33683 5
      vertex 65.9763 3.76994 5
    endloop
  endfacet
  facet normal -0 0 1
    outer loop
      vertex 64.8501 5.23764 5
      vertex 65.9763 3.76994 5
      vertex 64.9632 5.33683 5
    endloop
  endfacet
  facet normal 0 0 1
    outer loop
      vertex 65.9763 3.76994 5
      vertex 64.8501 5.23764 5
      vertex 65.65 3.55192 5
    endloop
  endfacet
  facet normal -0 0 1
    outer loop
      vertex 64.725 5.15407 5
      vertex 65.65 3.55192 5
      vertex 64.8501 5.23764 5
    endloop
  endfacet
  facet normal 0 0 1
    outer loop
      vertex 65.65 3.55192 5
      vertex 64.725 5.15407 5
      vertex 65.298 3.37836 5
    endloop
  endfacet
  facet normal -0 0 1
    outer loop
      vertex 64.5901 5.08754 5
      vertex 65.298 3.37836 5
      vertex 64.725 5.15407 5
    endloop
  endfacet
  facet normal 0 0 1
    outer loop
      vertex 65.298 3.37836 5
      vertex 64.5901 5.08754 5
      vertex 64.9265 3.25222 5
    endloop
  endfacet
  facet normal -0 0 1
    outer loop
      vertex 64.4476 5.03918 5
      vertex 64.9265 3.25222 5
      vertex 64.5901 5.08754 5
    endloop
  endfacet
  facet normal 0 0 1
    outer loop
      vertex 64.9265 3.25222 5
      vertex 64.4476 5.03918 5
      vertex 64.5416 3.17566 5
    endloop
  endfacet
  facet normal -0 0 1
    outer loop
      vertex 64.3001 5.00984 5
      vertex 64.5416 3.17566 5
      vertex 64.4476 5.03918 5
    endloop
  endfacet
  facet normal -0 0 1
    outer loop
      vertex 64.15 5 5
      vertex 64.5416 3.17566 5
      vertex 64.3001 5.00984 5
    endloop
  endfacet
  facet normal 0 0 1
    outer loop
      vertex 64.15 5 5
      vertex 64.15 3.15 5
      vertex 64.5416 3.17566 5
    endloop
  endfacet
  facet normal 0 0 1
    outer loop
      vertex 63.9999 5.00984 5
      vertex 64.15 3.15 5
      vertex 64.15 5 5
    endloop
  endfacet
  facet normal 0 0 1
    outer loop
      vertex 63.7584 3.17566 5
      vertex 63.9999 5.00984 5
      vertex 63.8524 5.03918 5
    endloop
  endfacet
  facet normal 0 0 1
    outer loop
      vertex 63.9999 5.00984 5
      vertex 63.7584 3.17566 5
      vertex 64.15 3.15 5
    endloop
  endfacet
  facet normal 0 0 1
    outer loop
      vertex 63.3735 3.25222 5
      vertex 63.8524 5.03918 5
      vertex 63.7099 5.08754 5
    endloop
  endfacet
  facet normal 0 0 1
    outer loop
      vertex 63.0019 3.37836 5
      vertex 63.7099 5.08754 5
      vertex 63.575 5.15407 5
    endloop
  endfacet
  facet normal 0 0 1
    outer loop
      vertex 62.65 3.55192 5
      vertex 63.575 5.15407 5
      vertex 63.4499 5.23764 5
    endloop
  endfacet
  facet normal 0 0 1
    outer loop
      vertex 63.8524 5.03918 5
      vertex 63.3735 3.25222 5
      vertex 63.7584 3.17566 5
    endloop
  endfacet
  facet normal 0 0 1
    outer loop
      vertex 62.3237 3.76994 5
      vertex 63.4499 5.23764 5
      vertex 63.3368 5.33683 5
    endloop
  endfacet
  facet normal 0 0 1
    outer loop
      vertex 62.0287 4.02868 5
      vertex 63.3368 5.33683 5
      vertex 63.2376 5.44992 5
    endloop
  endfacet
  facet normal 0 0 1
    outer loop
      vertex 61.7699 4.32372 5
      vertex 63.2376 5.44992 5
      vertex 63.1541 5.575 5
    endloop
  endfacet
  facet normal 0 0 1
    outer loop
      vertex 61.5519 4.65 5
      vertex 63.1541 5.575 5
      vertex 63.0875 5.70991 5
    endloop
  endfacet
  facet normal 0 0 1
    outer loop
      vertex 61.3784 5.00195 5
      vertex 63.0875 5.70991 5
      vertex 63.0392 5.85236 5
    endloop
  endfacet
  facet normal 0 0 1
    outer loop
      vertex 61.2522 5.37354 5
      vertex 63.0392 5.85236 5
      vertex 63.0098 5.99989 5
    endloop
  endfacet
  facet normal 0 0 1
    outer loop
      vertex 63.7099 5.08754 5
      vertex 63.0019 3.37836 5
      vertex 63.3735 3.25222 5
    endloop
  endfacet
  facet normal 0 0 1
    outer loop
      vertex 61.1757 5.75842 5
      vertex 63.0098 5.99989 5
      vertex 63 6.15 5
    endloop
  endfacet
  facet normal 0 0 1
    outer loop
      vertex 63.1541 6.725 5
      vertex 61.5519 7.65 5
      vertex 63.0875 6.59009 5
    endloop
  endfacet
  facet normal 0 0 1
    outer loop
      vertex 63.575 5.15407 5
      vertex 62.65 3.55192 5
      vertex 63.0019 3.37836 5
    endloop
  endfacet
  facet normal -0 0 1
    outer loop
      vertex 61.3784 7.29805 5
      vertex 63.0875 6.59009 5
      vertex 61.5519 7.65 5
    endloop
  endfacet
  facet normal 0 0 1
    outer loop
      vertex 63.4499 5.23764 5
      vertex 62.3237 3.76994 5
      vertex 62.65 3.55192 5
    endloop
  endfacet
  facet normal 0 0 1
    outer loop
      vertex 63.0875 6.59009 5
      vertex 61.3784 7.29805 5
      vertex 63.0392 6.44764 5
    endloop
  endfacet
  facet normal 0 0 1
    outer loop
      vertex 63.3368 5.33683 5
      vertex 62.0287 4.02868 5
      vertex 62.3237 3.76994 5
    endloop
  endfacet
  facet normal -0 0 1
    outer loop
      vertex 61.2522 6.92646 5
      vertex 63.0392 6.44764 5
      vertex 61.3784 7.29805 5
    endloop
  endfacet
  facet normal 0 0 1
    outer loop
      vertex 63.2376 5.44992 5
      vertex 61.7699 4.32372 5
      vertex 62.0287 4.02868 5
    endloop
  endfacet
  facet normal 0 0 1
    outer loop
      vertex 63.0392 6.44764 5
      vertex 61.2522 6.92646 5
      vertex 63.0098 6.30011 5
    endloop
  endfacet
  facet normal 0 0 1
    outer loop
      vertex 63.1541 5.575 5
      vertex 61.5519 4.65 5
      vertex 61.7699 4.32372 5
    endloop
  endfacet
  facet normal -0 0 1
    outer loop
      vertex 61.1757 6.54158 5
      vertex 63.0098 6.30011 5
      vertex 61.2522 6.92646 5
    endloop
  endfacet
  facet normal 0 0 1
    outer loop
      vertex 63.0875 5.70991 5
      vertex 61.3784 5.00195 5
      vertex 61.5519 4.65 5
    endloop
  endfacet
  facet normal 0 0 1
    outer loop
      vertex 63.0098 6.30011 5
      vertex 61.1757 6.54158 5
      vertex 63 6.15 5
    endloop
  endfacet
  facet normal 0 0 1
    outer loop
      vertex 63.0392 5.85236 5
      vertex 61.2522 5.37354 5
      vertex 61.3784 5.00195 5
    endloop
  endfacet
  facet normal 0 0 1
    outer loop
      vertex 61.15 6.15 5
      vertex 63 6.15 5
      vertex 61.1757 6.54158 5
    endloop
  endfacet
  facet normal 0 0 1
    outer loop
      vertex 63.0098 5.99989 5
      vertex 61.1757 5.75842 5
      vertex 61.2522 5.37354 5
    endloop
  endfacet
  facet normal 0 0 1
    outer loop
      vertex 63 6.15 5
      vertex 61.15 6.15 5
      vertex 61.1757 5.75842 5
    endloop
  endfacet
  facet normal -0.195062 0.980791 0
    outer loop
      vertex 63.7584 9.12433 2
      vertex 63.3735 9.04778 5
      vertex 63.7584 9.12433 5
    endloop
  endfacet
  facet normal -0.195062 0.980791 0
    outer loop
      vertex 63.3735 9.04778 5
      vertex 63.7584 9.12433 2
      vertex 63.3735 9.04778 2
    endloop
  endfacet
  facet normal 0.896936 -0.44216 0
    outer loop
      vertex 66.7481 4.65 5
      vertex 66.9216 5.00195 2
      vertex 66.9216 5.00195 5
    endloop
  endfacet
  facet normal 0.896936 -0.44216 0
    outer loop
      vertex 66.9216 5.00195 2
      vertex 66.7481 4.65 5
      vertex 66.7481 4.65 2
    endloop
  endfacet
  facet normal 0.195087 -0.980786 0
    outer loop
      vertex 64.5416 3.17566 2
      vertex 64.9265 3.25222 5
      vertex 64.5416 3.17566 5
    endloop
  endfacet
  facet normal 0.195087 -0.980786 0
    outer loop
      vertex 64.9265 3.25222 5
      vertex 64.5416 3.17566 2
      vertex 64.9265 3.25222 2
    endloop
  endfacet
  facet normal 0.442233 -0.8969 0
    outer loop
      vertex 65.298 3.37836 2
      vertex 65.65 3.55192 5
      vertex 65.298 3.37836 5
    endloop
  endfacet
  facet normal 0.442233 -0.8969 0
    outer loop
      vertex 65.65 3.55192 5
      vertex 65.298 3.37836 2
      vertex 65.65 3.55192 2
    endloop
  endfacet
  facet normal 0.946882 0.321582 0
    outer loop
      vertex 67.0478 6.92646 5
      vertex 66.9216 7.29805 2
      vertex 66.9216 7.29805 5
    endloop
  endfacet
  facet normal 0.946882 0.321582 0
    outer loop
      vertex 66.9216 7.29805 2
      vertex 67.0478 6.92646 5
      vertex 67.0478 6.92646 2
    endloop
  endfacet
  facet normal 0.980813 0.19495 0
    outer loop
      vertex 67.1243 6.54158 5
      vertex 67.0478 6.92646 2
      vertex 67.0478 6.92646 5
    endloop
  endfacet
  facet normal 0.980813 0.19495 0
    outer loop
      vertex 67.0478 6.92646 2
      vertex 67.1243 6.54158 5
      vertex 67.1243 6.54158 2
    endloop
  endfacet
  facet normal 0.751768 0.659428 0
    outer loop
      vertex 66.5301 7.97628 5
      vertex 66.2713 8.27132 2
      vertex 66.2713 8.27132 5
    endloop
  endfacet
  facet normal 0.751768 0.659428 0
    outer loop
      vertex 66.2713 8.27132 2
      vertex 66.5301 7.97628 5
      vertex 66.5301 7.97628 2
    endloop
  endfacet
  facet normal 0.831485 0.555547 0
    outer loop
      vertex 66.7481 7.65 5
      vertex 66.5301 7.97628 2
      vertex 66.5301 7.97628 5
    endloop
  endfacet
  facet normal 0.831485 0.555547 0
    outer loop
      vertex 66.5301 7.97628 2
      vertex 66.7481 7.65 5
      vertex 66.7481 7.65 2
    endloop
  endfacet
  facet normal 0.0654112 0.997858 -0
    outer loop
      vertex 64.5416 9.12433 2
      vertex 64.15 9.15 5
      vertex 64.5416 9.12433 5
    endloop
  endfacet
  facet normal 0.0654112 0.997858 0
    outer loop
      vertex 64.15 9.15 5
      vertex 64.5416 9.12433 2
      vertex 64.15 9.15 2
    endloop
  endfacet
  facet normal 0.555558 0.831477 -0
    outer loop
      vertex 65.9763 8.53006 2
      vertex 65.65 8.74808 5
      vertex 65.9763 8.53006 5
    endloop
  endfacet
  facet normal 0.555558 0.831477 0
    outer loop
      vertex 65.65 8.74808 5
      vertex 65.9763 8.53006 2
      vertex 65.65 8.74808 2
    endloop
  endfacet
  facet normal -0.831485 0.555547 0
    outer loop
      vertex 61.5519 7.65 2
      vertex 61.7699 7.97628 5
      vertex 61.7699 7.97628 2
    endloop
  endfacet
  facet normal -0.831485 0.555547 0
    outer loop
      vertex 61.7699 7.97628 5
      vertex 61.5519 7.65 2
      vertex 61.5519 7.65 5
    endloop
  endfacet
  facet normal -0.946882 0.321582 0
    outer loop
      vertex 61.2522 6.92646 2
      vertex 61.3784 7.29805 5
      vertex 61.3784 7.29805 2
    endloop
  endfacet
  facet normal -0.946882 0.321582 0
    outer loop
      vertex 61.3784 7.29805 5
      vertex 61.2522 6.92646 2
      vertex 61.2522 6.92646 5
    endloop
  endfacet
  facet normal -0.980813 0.19495 0
    outer loop
      vertex 61.1757 6.54158 2
      vertex 61.2522 6.92646 5
      vertex 61.2522 6.92646 2
    endloop
  endfacet
  facet normal -0.980813 0.19495 0
    outer loop
      vertex 61.2522 6.92646 5
      vertex 61.1757 6.54158 2
      vertex 61.1757 6.54158 5
    endloop
  endfacet
  facet normal -0.442334 0.89685 0
    outer loop
      vertex 63.0019 8.92164 2
      vertex 62.65 8.74808 5
      vertex 63.0019 8.92164 5
    endloop
  endfacet
  facet normal -0.442334 0.89685 0
    outer loop
      vertex 62.65 8.74808 5
      vertex 63.0019 8.92164 2
      vertex 62.65 8.74808 2
    endloop
  endfacet
  facet normal -0.555558 0.831477 0
    outer loop
      vertex 62.65 8.74808 2
      vertex 62.3237 8.53006 5
      vertex 62.65 8.74808 5
    endloop
  endfacet
  facet normal -0.555558 0.831477 0
    outer loop
      vertex 62.3237 8.53006 5
      vertex 62.65 8.74808 2
      vertex 62.3237 8.53006 2
    endloop
  endfacet
  facet normal 0.751768 -0.659428 0
    outer loop
      vertex 66.2713 4.02868 5
      vertex 66.5301 4.32372 2
      vertex 66.5301 4.32372 5
    endloop
  endfacet
  facet normal 0.751768 -0.659428 0
    outer loop
      vertex 66.5301 4.32372 2
      vertex 66.2713 4.02868 5
      vertex 66.2713 4.02868 2
    endloop
  endfacet
  facet normal 0.946882 -0.321582 0
    outer loop
      vertex 66.9216 5.00195 5
      vertex 67.0478 5.37354 2
      vertex 67.0478 5.37354 5
    endloop
  endfacet
  facet normal 0.946882 -0.321582 0
    outer loop
      vertex 67.0478 5.37354 2
      vertex 66.9216 5.00195 5
      vertex 66.9216 5.00195 2
    endloop
  endfacet
  facet normal 0.980813 -0.19495 0
    outer loop
      vertex 67.0478 5.37354 5
      vertex 67.1243 5.75842 2
      vertex 67.1243 5.75842 5
    endloop
  endfacet
  facet normal 0.980813 -0.19495 0
    outer loop
      vertex 67.1243 5.75842 2
      vertex 67.0478 5.37354 5
      vertex 67.0478 5.37354 2
    endloop
  endfacet
  facet normal -0.659392 -0.751799 0
    outer loop
      vertex 62.0287 4.02868 2
      vertex 62.3237 3.76994 5
      vertex 62.0287 4.02868 5
    endloop
  endfacet
  facet normal -0.659392 -0.751799 -0
    outer loop
      vertex 62.3237 3.76994 5
      vertex 62.0287 4.02868 2
      vertex 62.3237 3.76994 2
    endloop
  endfacet
  facet normal -0.896936 -0.44216 0
    outer loop
      vertex 61.5519 4.65 2
      vertex 61.3784 5.00195 5
      vertex 61.3784 5.00195 2
    endloop
  endfacet
  facet normal -0.896936 -0.44216 0
    outer loop
      vertex 61.3784 5.00195 5
      vertex 61.5519 4.65 2
      vertex 61.5519 4.65 5
    endloop
  endfacet
  facet normal -0.751768 -0.659428 0
    outer loop
      vertex 62.0287 4.02868 2
      vertex 61.7699 4.32372 5
      vertex 61.7699 4.32372 2
    endloop
  endfacet
  facet normal -0.751768 -0.659428 0
    outer loop
      vertex 61.7699 4.32372 5
      vertex 62.0287 4.02868 2
      vertex 62.0287 4.02868 5
    endloop
  endfacet
  facet normal 0.831485 -0.555547 0
    outer loop
      vertex 66.5301 4.32372 5
      vertex 66.7481 4.65 2
      vertex 66.7481 4.65 5
    endloop
  endfacet
  facet normal 0.831485 -0.555547 0
    outer loop
      vertex 66.7481 4.65 2
      vertex 66.5301 4.32372 5
      vertex 66.5301 4.32372 2
    endloop
  endfacet
  facet normal 0.997853 -0.0654906 0
    outer loop
      vertex 67.1243 5.75842 5
      vertex 67.15 6.15 2
      vertex 67.15 6.15 5
    endloop
  endfacet
  facet normal 0.997853 -0.0654906 0
    outer loop
      vertex 67.15 6.15 2
      vertex 67.1243 5.75842 5
      vertex 67.1243 5.75842 2
    endloop
  endfacet
  facet normal -0.980813 -0.19495 0
    outer loop
      vertex 61.2522 5.37354 2
      vertex 61.1757 5.75842 5
      vertex 61.1757 5.75842 2
    endloop
  endfacet
  facet normal -0.980813 -0.19495 0
    outer loop
      vertex 61.1757 5.75842 5
      vertex 61.2522 5.37354 2
      vertex 61.2522 5.37354 5
    endloop
  endfacet
  facet normal -0.997853 -0.0654906 0
    outer loop
      vertex 61.1757 5.75842 2
      vertex 61.15 6.15 5
      vertex 61.15 6.15 2
    endloop
  endfacet
  facet normal -0.997853 -0.0654906 0
    outer loop
      vertex 61.15 6.15 5
      vertex 61.1757 5.75842 2
      vertex 61.1757 5.75842 5
    endloop
  endfacet
  facet normal -0.946882 -0.321582 0
    outer loop
      vertex 61.3784 5.00195 2
      vertex 61.2522 5.37354 5
      vertex 61.2522 5.37354 2
    endloop
  endfacet
  facet normal -0.946882 -0.321582 0
    outer loop
      vertex 61.2522 5.37354 5
      vertex 61.3784 5.00195 2
      vertex 61.3784 5.00195 5
    endloop
  endfacet
  facet normal 0.321514 -0.946905 0
    outer loop
      vertex 64.9265 3.25222 2
      vertex 65.298 3.37836 5
      vertex 64.9265 3.25222 5
    endloop
  endfacet
  facet normal 0.321514 -0.946905 0
    outer loop
      vertex 65.298 3.37836 5
      vertex 64.9265 3.25222 2
      vertex 65.298 3.37836 2
    endloop
  endfacet
  facet normal 0.659392 -0.751799 0
    outer loop
      vertex 65.9763 3.76994 2
      vertex 66.2713 4.02868 5
      vertex 65.9763 3.76994 5
    endloop
  endfacet
  facet normal 0.659392 -0.751799 0
    outer loop
      vertex 66.2713 4.02868 5
      vertex 65.9763 3.76994 2
      vertex 66.2713 4.02868 2
    endloop
  endfacet
  facet normal 0.555558 -0.831477 0
    outer loop
      vertex 65.65 3.55192 2
      vertex 65.9763 3.76994 5
      vertex 65.65 3.55192 5
    endloop
  endfacet
  facet normal 0.555558 -0.831477 0
    outer loop
      vertex 65.9763 3.76994 5
      vertex 65.65 3.55192 2
      vertex 65.9763 3.76994 2
    endloop
  endfacet
  facet normal -0.555558 -0.831477 0
    outer loop
      vertex 62.3237 3.76994 2
      vertex 62.65 3.55192 5
      vertex 62.3237 3.76994 5
    endloop
  endfacet
  facet normal -0.555558 -0.831477 -0
    outer loop
      vertex 62.65 3.55192 5
      vertex 62.3237 3.76994 2
      vertex 62.65 3.55192 2
    endloop
  endfacet
  facet normal -0.831485 -0.555547 0
    outer loop
      vertex 61.7699 4.32372 2
      vertex 61.5519 4.65 5
      vertex 61.5519 4.65 2
    endloop
  endfacet
  facet normal -0.831485 -0.555547 0
    outer loop
      vertex 61.5519 4.65 5
      vertex 61.7699 4.32372 2
      vertex 61.7699 4.32372 5
    endloop
  endfacet
  facet normal -0.195087 -0.980786 0
    outer loop
      vertex 63.3735 3.25222 2
      vertex 63.7584 3.17566 5
      vertex 63.3735 3.25222 5
    endloop
  endfacet
  facet normal -0.195087 -0.980786 -0
    outer loop
      vertex 63.7584 3.17566 5
      vertex 63.3735 3.25222 2
      vertex 63.7584 3.17566 2
    endloop
  endfacet
  facet normal -0.321437 -0.946931 0
    outer loop
      vertex 63.0019 3.37836 2
      vertex 63.3735 3.25222 5
      vertex 63.0019 3.37836 5
    endloop
  endfacet
  facet normal -0.321437 -0.946931 -0
    outer loop
      vertex 63.3735 3.25222 5
      vertex 63.0019 3.37836 2
      vertex 63.3735 3.25222 2
    endloop
  endfacet
  facet normal -0.0653858 -0.99786 0
    outer loop
      vertex 63.7584 3.17566 2
      vertex 64.15 3.15 5
      vertex 63.7584 3.17566 5
    endloop
  endfacet
  facet normal -0.0653858 -0.99786 -0
    outer loop
      vertex 64.15 3.15 5
      vertex 63.7584 3.17566 2
      vertex 64.15 3.15 2
    endloop
  endfacet
  facet normal -0.442334 -0.89685 0
    outer loop
      vertex 62.65 3.55192 2
      vertex 63.0019 3.37836 5
      vertex 62.65 3.55192 5
    endloop
  endfacet
  facet normal -0.442334 -0.89685 -0
    outer loop
      vertex 63.0019 3.37836 5
      vertex 62.65 3.55192 2
      vertex 63.0019 3.37836 2
    endloop
  endfacet
  facet normal 0.997853 0.0654873 0
    outer loop
      vertex 67.15 55.15 5
      vertex 67.1243 55.5416 2
      vertex 67.1243 55.5416 5
    endloop
  endfacet
  facet normal 0.997853 0.0654873 0
    outer loop
      vertex 67.1243 55.5416 2
      vertex 67.15 55.15 5
      vertex 67.15 55.15 2
    endloop
  endfacet
  facet normal -0.997853 0.0654873 0
    outer loop
      vertex 61.15 55.15 2
      vertex 61.1757 55.5416 5
      vertex 61.1757 55.5416 2
    endloop
  endfacet
  facet normal -0.997853 0.0654873 0
    outer loop
      vertex 61.1757 55.5416 5
      vertex 61.15 55.15 2
      vertex 61.15 55.15 5
    endloop
  endfacet
  facet normal -0.0654873 0.997853 0
    outer loop
      vertex 64.15 58.15 2
      vertex 63.7584 58.1243 5
      vertex 64.15 58.15 5
    endloop
  endfacet
  facet normal -0.0654873 0.997853 0
    outer loop
      vertex 63.7584 58.1243 5
      vertex 64.15 58.15 2
      vertex 63.7584 58.1243 2
    endloop
  endfacet
  facet normal 0.0654873 -0.997853 0
    outer loop
      vertex 64.15 52.15 2
      vertex 64.5416 52.1757 5
      vertex 64.15 52.15 5
    endloop
  endfacet
  facet normal 0.0654873 -0.997853 0
    outer loop
      vertex 64.5416 52.1757 5
      vertex 64.15 52.15 2
      vertex 64.5416 52.1757 2
    endloop
  endfacet
  facet normal 0.659478 0.751724 -0
    outer loop
      vertex 66.2713 57.2713 2
      vertex 65.9763 57.5301 5
      vertex 66.2713 57.2713 5
    endloop
  endfacet
  facet normal 0.659478 0.751724 0
    outer loop
      vertex 65.9763 57.5301 5
      vertex 66.2713 57.2713 2
      vertex 65.9763 57.5301 2
    endloop
  endfacet
  facet normal -0.659478 0.751724 0
    outer loop
      vertex 62.3237 57.5301 2
      vertex 62.0287 57.2713 5
      vertex 62.3237 57.5301 5
    endloop
  endfacet
  facet normal -0.659478 0.751724 0
    outer loop
      vertex 62.0287 57.2713 5
      vertex 62.3237 57.5301 2
      vertex 62.0287 57.2713 2
    endloop
  endfacet
  facet normal -0.321574 0.946885 0
    outer loop
      vertex 63.3735 58.0478 2
      vertex 63.0019 57.9216 5
      vertex 63.3735 58.0478 5
    endloop
  endfacet
  facet normal -0.321574 0.946885 0
    outer loop
      vertex 63.0019 57.9216 5
      vertex 63.3735 58.0478 2
      vertex 63.0019 57.9216 2
    endloop
  endfacet
  facet normal 0.896961 0.44211 0
    outer loop
      vertex 66.9216 56.298 5
      vertex 66.7481 56.65 2
      vertex 66.7481 56.65 5
    endloop
  endfacet
  facet normal 0.896961 0.44211 0
    outer loop
      vertex 66.7481 56.65 2
      vertex 66.9216 56.298 5
      vertex 66.9216 56.298 2
    endloop
  endfacet
  facet normal 0.321651 0.946858 -0
    outer loop
      vertex 65.298 57.9216 2
      vertex 64.9265 58.0478 5
      vertex 65.298 57.9216 5
    endloop
  endfacet
  facet normal 0.321651 0.946858 0
    outer loop
      vertex 64.9265 58.0478 5
      vertex 65.298 57.9216 2
      vertex 64.9265 58.0478 2
    endloop
  endfacet
  facet normal 0.19494 0.980815 -0
    outer loop
      vertex 64.9265 58.0478 2
      vertex 64.5416 58.1243 5
      vertex 64.9265 58.0478 5
    endloop
  endfacet
  facet normal 0.19494 0.980815 0
    outer loop
      vertex 64.5416 58.1243 5
      vertex 64.9265 58.0478 2
      vertex 64.5416 58.1243 2
    endloop
  endfacet
  facet normal 0.44211 0.896961 -0
    outer loop
      vertex 65.65 57.7481 2
      vertex 65.298 57.9216 5
      vertex 65.65 57.7481 5
    endloop
  endfacet
  facet normal 0.44211 0.896961 0
    outer loop
      vertex 65.298 57.9216 5
      vertex 65.65 57.7481 2
      vertex 65.298 57.9216 2
    endloop
  endfacet
  facet normal -0.896961 0.44211 0
    outer loop
      vertex 61.3784 56.298 2
      vertex 61.5519 56.65 5
      vertex 61.5519 56.65 2
    endloop
  endfacet
  facet normal -0.896961 0.44211 0
    outer loop
      vertex 61.5519 56.65 5
      vertex 61.3784 56.298 2
      vertex 61.3784 56.298 5
    endloop
  endfacet
  facet normal -0.751724 0.659478 0
    outer loop
      vertex 61.7699 56.9763 2
      vertex 62.0287 57.2713 5
      vertex 62.0287 57.2713 2
    endloop
  endfacet
  facet normal -0.751724 0.659478 0
    outer loop
      vertex 62.0287 57.2713 5
      vertex 61.7699 56.9763 2
      vertex 61.7699 56.9763 5
    endloop
  endfacet
  facet normal 0 0 1
    outer loop
      vertex 65.3 55.15 5
      vertex 67.15 55.15 5
      vertex 67.1243 55.5416 5
    endloop
  endfacet
  facet normal 0 0 1
    outer loop
      vertex 65.2902 55.3001 5
      vertex 67.1243 55.5416 5
      vertex 67.0478 55.9265 5
    endloop
  endfacet
  facet normal 0 0 1
    outer loop
      vertex 67.15 55.15 5
      vertex 65.3 55.15 5
      vertex 67.1243 54.7584 5
    endloop
  endfacet
  facet normal 0 0 1
    outer loop
      vertex 65.2608 55.4476 5
      vertex 67.0478 55.9265 5
      vertex 66.9216 56.298 5
    endloop
  endfacet
  facet normal -0 0 1
    outer loop
      vertex 65.2902 54.9999 5
      vertex 67.1243 54.7584 5
      vertex 65.3 55.15 5
    endloop
  endfacet
  facet normal 0 0 1
    outer loop
      vertex 65.2125 55.5901 5
      vertex 66.9216 56.298 5
      vertex 66.7481 56.65 5
    endloop
  endfacet
  facet normal 0 0 1
    outer loop
      vertex 67.1243 54.7584 5
      vertex 65.2902 54.9999 5
      vertex 67.0478 54.3735 5
    endloop
  endfacet
  facet normal 0 0 1
    outer loop
      vertex 65.1459 55.725 5
      vertex 66.7481 56.65 5
      vertex 66.5301 56.9763 5
    endloop
  endfacet
  facet normal -0 0 1
    outer loop
      vertex 65.2608 54.8524 5
      vertex 67.0478 54.3735 5
      vertex 65.2902 54.9999 5
    endloop
  endfacet
  facet normal 0 0 1
    outer loop
      vertex 65.0624 55.8501 5
      vertex 66.5301 56.9763 5
      vertex 66.2713 57.2713 5
    endloop
  endfacet
  facet normal 0 0 1
    outer loop
      vertex 67.0478 54.3735 5
      vertex 65.2608 54.8524 5
      vertex 66.9216 54.0019 5
    endloop
  endfacet
  facet normal 0 0 1
    outer loop
      vertex 64.9632 55.9632 5
      vertex 66.2713 57.2713 5
      vertex 65.9763 57.5301 5
    endloop
  endfacet
  facet normal -0 0 1
    outer loop
      vertex 65.2125 54.7099 5
      vertex 66.9216 54.0019 5
      vertex 65.2608 54.8524 5
    endloop
  endfacet
  facet normal 0 0 1
    outer loop
      vertex 64.8501 56.0624 5
      vertex 65.9763 57.5301 5
      vertex 65.65 57.7481 5
    endloop
  endfacet
  facet normal 0 0 1
    outer loop
      vertex 66.9216 54.0019 5
      vertex 65.2125 54.7099 5
      vertex 66.7481 53.65 5
    endloop
  endfacet
  facet normal -0 0 1
    outer loop
      vertex 65.1459 54.575 5
      vertex 66.7481 53.65 5
      vertex 65.2125 54.7099 5
    endloop
  endfacet
  facet normal 0 0 1
    outer loop
      vertex 64.725 56.1459 5
      vertex 65.65 57.7481 5
      vertex 65.298 57.9216 5
    endloop
  endfacet
  facet normal 0 0 1
    outer loop
      vertex 67.1243 55.5416 5
      vertex 65.2902 55.3001 5
      vertex 65.3 55.15 5
    endloop
  endfacet
  facet normal 0 0 1
    outer loop
      vertex 67.0478 55.9265 5
      vertex 65.2608 55.4476 5
      vertex 65.2902 55.3001 5
    endloop
  endfacet
  facet normal 0 0 1
    outer loop
      vertex 66.9216 56.298 5
      vertex 65.2125 55.5901 5
      vertex 65.2608 55.4476 5
    endloop
  endfacet
  facet normal 0 0 1
    outer loop
      vertex 66.7481 56.65 5
      vertex 65.1459 55.725 5
      vertex 65.2125 55.5901 5
    endloop
  endfacet
  facet normal 0 0 1
    outer loop
      vertex 66.5301 56.9763 5
      vertex 65.0624 55.8501 5
      vertex 65.1459 55.725 5
    endloop
  endfacet
  facet normal 0 0 1
    outer loop
      vertex 66.2713 57.2713 5
      vertex 64.9632 55.9632 5
      vertex 65.0624 55.8501 5
    endloop
  endfacet
  facet normal 0 0 1
    outer loop
      vertex 64.5901 56.2125 5
      vertex 65.298 57.9216 5
      vertex 64.9265 58.0478 5
    endloop
  endfacet
  facet normal 0 0 1
    outer loop
      vertex 65.9763 57.5301 5
      vertex 64.8501 56.0624 5
      vertex 64.9632 55.9632 5
    endloop
  endfacet
  facet normal 0 0 1
    outer loop
      vertex 65.65 57.7481 5
      vertex 64.725 56.1459 5
      vertex 64.8501 56.0624 5
    endloop
  endfacet
  facet normal 0 0 1
    outer loop
      vertex 65.298 57.9216 5
      vertex 64.5901 56.2125 5
      vertex 64.725 56.1459 5
    endloop
  endfacet
  facet normal 0 0 1
    outer loop
      vertex 64.4476 56.2608 5
      vertex 64.9265 58.0478 5
      vertex 64.5416 58.1243 5
    endloop
  endfacet
  facet normal 0 0 1
    outer loop
      vertex 64.9265 58.0478 5
      vertex 64.4476 56.2608 5
      vertex 64.5901 56.2125 5
    endloop
  endfacet
  facet normal 0 0 1
    outer loop
      vertex 64.5416 58.1243 5
      vertex 64.3001 56.2902 5
      vertex 64.4476 56.2608 5
    endloop
  endfacet
  facet normal 0 0 1
    outer loop
      vertex 64.15 58.15 5
      vertex 64.3001 56.2902 5
      vertex 64.5416 58.1243 5
    endloop
  endfacet
  facet normal 0 0 1
    outer loop
      vertex 64.15 58.15 5
      vertex 64.15 56.3 5
      vertex 64.3001 56.2902 5
    endloop
  endfacet
  facet normal 0 0 1
    outer loop
      vertex 64.15 58.15 5
      vertex 63.9999 56.2902 5
      vertex 64.15 56.3 5
    endloop
  endfacet
  facet normal -0 0 1
    outer loop
      vertex 63.7584 58.1243 5
      vertex 63.9999 56.2902 5
      vertex 64.15 58.15 5
    endloop
  endfacet
  facet normal 0 0 1
    outer loop
      vertex 63.9999 56.2902 5
      vertex 63.7584 58.1243 5
      vertex 63.8524 56.2608 5
    endloop
  endfacet
  facet normal -0 0 1
    outer loop
      vertex 63.3735 58.0478 5
      vertex 63.8524 56.2608 5
      vertex 63.7584 58.1243 5
    endloop
  endfacet
  facet normal 0 0 1
    outer loop
      vertex 63.8524 56.2608 5
      vertex 63.3735 58.0478 5
      vertex 63.7099 56.2125 5
    endloop
  endfacet
  facet normal -0 0 1
    outer loop
      vertex 63.0019 57.9216 5
      vertex 63.7099 56.2125 5
      vertex 63.3735 58.0478 5
    endloop
  endfacet
  facet normal 0 0 1
    outer loop
      vertex 63.7099 56.2125 5
      vertex 63.0019 57.9216 5
      vertex 63.575 56.1459 5
    endloop
  endfacet
  facet normal -0 0 1
    outer loop
      vertex 62.65 57.7481 5
      vertex 63.575 56.1459 5
      vertex 63.0019 57.9216 5
    endloop
  endfacet
  facet normal 0 0 1
    outer loop
      vertex 63.575 56.1459 5
      vertex 62.65 57.7481 5
      vertex 63.4499 56.0624 5
    endloop
  endfacet
  facet normal -0 0 1
    outer loop
      vertex 62.3237 57.5301 5
      vertex 63.4499 56.0624 5
      vertex 62.65 57.7481 5
    endloop
  endfacet
  facet normal 0 0 1
    outer loop
      vertex 63.4499 56.0624 5
      vertex 62.3237 57.5301 5
      vertex 63.3368 55.9632 5
    endloop
  endfacet
  facet normal -0 0 1
    outer loop
      vertex 62.0287 57.2713 5
      vertex 63.3368 55.9632 5
      vertex 62.3237 57.5301 5
    endloop
  endfacet
  facet normal 0 0 1
    outer loop
      vertex 63.3368 55.9632 5
      vertex 62.0287 57.2713 5
      vertex 63.2376 55.8501 5
    endloop
  endfacet
  facet normal -0 0 1
    outer loop
      vertex 61.7699 56.9763 5
      vertex 63.2376 55.8501 5
      vertex 62.0287 57.2713 5
    endloop
  endfacet
  facet normal 0 0 1
    outer loop
      vertex 63.2376 55.8501 5
      vertex 61.7699 56.9763 5
      vertex 63.1541 55.725 5
    endloop
  endfacet
  facet normal -0 0 1
    outer loop
      vertex 61.5519 56.65 5
      vertex 63.1541 55.725 5
      vertex 61.7699 56.9763 5
    endloop
  endfacet
  facet normal 0 0 1
    outer loop
      vertex 66.7481 53.65 5
      vertex 65.1459 54.575 5
      vertex 66.5301 53.3237 5
    endloop
  endfacet
  facet normal -0 0 1
    outer loop
      vertex 65.0624 54.4499 5
      vertex 66.5301 53.3237 5
      vertex 65.1459 54.575 5
    endloop
  endfacet
  facet normal 0 0 1
    outer loop
      vertex 66.5301 53.3237 5
      vertex 65.0624 54.4499 5
      vertex 66.2713 53.0287 5
    endloop
  endfacet
  facet normal -0 0 1
    outer loop
      vertex 64.9632 54.3368 5
      vertex 66.2713 53.0287 5
      vertex 65.0624 54.4499 5
    endloop
  endfacet
  facet normal 0 0 1
    outer loop
      vertex 66.2713 53.0287 5
      vertex 64.9632 54.3368 5
      vertex 65.9763 52.7699 5
    endloop
  endfacet
  facet normal -0 0 1
    outer loop
      vertex 64.8501 54.2376 5
      vertex 65.9763 52.7699 5
      vertex 64.9632 54.3368 5
    endloop
  endfacet
  facet normal 0 0 1
    outer loop
      vertex 65.9763 52.7699 5
      vertex 64.8501 54.2376 5
      vertex 65.65 52.5519 5
    endloop
  endfacet
  facet normal -0 0 1
    outer loop
      vertex 64.725 54.1541 5
      vertex 65.65 52.5519 5
      vertex 64.8501 54.2376 5
    endloop
  endfacet
  facet normal 0 0 1
    outer loop
      vertex 65.65 52.5519 5
      vertex 64.725 54.1541 5
      vertex 65.298 52.3784 5
    endloop
  endfacet
  facet normal -0 0 1
    outer loop
      vertex 64.5901 54.0875 5
      vertex 65.298 52.3784 5
      vertex 64.725 54.1541 5
    endloop
  endfacet
  facet normal 0 0 1
    outer loop
      vertex 65.298 52.3784 5
      vertex 64.5901 54.0875 5
      vertex 64.9265 52.2522 5
    endloop
  endfacet
  facet normal -0 0 1
    outer loop
      vertex 64.4476 54.0392 5
      vertex 64.9265 52.2522 5
      vertex 64.5901 54.0875 5
    endloop
  endfacet
  facet normal 0 0 1
    outer loop
      vertex 64.9265 52.2522 5
      vertex 64.4476 54.0392 5
      vertex 64.5416 52.1757 5
    endloop
  endfacet
  facet normal -0 0 1
    outer loop
      vertex 64.3001 54.0098 5
      vertex 64.5416 52.1757 5
      vertex 64.4476 54.0392 5
    endloop
  endfacet
  facet normal -0 0 1
    outer loop
      vertex 64.15 54 5
      vertex 64.5416 52.1757 5
      vertex 64.3001 54.0098 5
    endloop
  endfacet
  facet normal 0 0 1
    outer loop
      vertex 64.15 54 5
      vertex 64.15 52.15 5
      vertex 64.5416 52.1757 5
    endloop
  endfacet
  facet normal 0 0 1
    outer loop
      vertex 63.9999 54.0098 5
      vertex 64.15 52.15 5
      vertex 64.15 54 5
    endloop
  endfacet
  facet normal 0 0 1
    outer loop
      vertex 63.7584 52.1757 5
      vertex 63.9999 54.0098 5
      vertex 63.8524 54.0392 5
    endloop
  endfacet
  facet normal 0 0 1
    outer loop
      vertex 63.9999 54.0098 5
      vertex 63.7584 52.1757 5
      vertex 64.15 52.15 5
    endloop
  endfacet
  facet normal 0 0 1
    outer loop
      vertex 63.3735 52.2522 5
      vertex 63.8524 54.0392 5
      vertex 63.7099 54.0875 5
    endloop
  endfacet
  facet normal 0 0 1
    outer loop
      vertex 63.0019 52.3784 5
      vertex 63.7099 54.0875 5
      vertex 63.575 54.1541 5
    endloop
  endfacet
  facet normal 0 0 1
    outer loop
      vertex 62.65 52.5519 5
      vertex 63.575 54.1541 5
      vertex 63.4499 54.2376 5
    endloop
  endfacet
  facet normal 0 0 1
    outer loop
      vertex 63.8524 54.0392 5
      vertex 63.3735 52.2522 5
      vertex 63.7584 52.1757 5
    endloop
  endfacet
  facet normal 0 0 1
    outer loop
      vertex 62.3237 52.7699 5
      vertex 63.4499 54.2376 5
      vertex 63.3368 54.3368 5
    endloop
  endfacet
  facet normal 0 0 1
    outer loop
      vertex 62.0287 53.0287 5
      vertex 63.3368 54.3368 5
      vertex 63.2376 54.4499 5
    endloop
  endfacet
  facet normal 0 0 1
    outer loop
      vertex 61.7699 53.3237 5
      vertex 63.2376 54.4499 5
      vertex 63.1541 54.575 5
    endloop
  endfacet
  facet normal 0 0 1
    outer loop
      vertex 61.5519 53.65 5
      vertex 63.1541 54.575 5
      vertex 63.0875 54.7099 5
    endloop
  endfacet
  facet normal 0 0 1
    outer loop
      vertex 61.3784 54.0019 5
      vertex 63.0875 54.7099 5
      vertex 63.0392 54.8524 5
    endloop
  endfacet
  facet normal 0 0 1
    outer loop
      vertex 61.2522 54.3735 5
      vertex 63.0392 54.8524 5
      vertex 63.0098 54.9999 5
    endloop
  endfacet
  facet normal 0 0 1
    outer loop
      vertex 63.7099 54.0875 5
      vertex 63.0019 52.3784 5
      vertex 63.3735 52.2522 5
    endloop
  endfacet
  facet normal 0 0 1
    outer loop
      vertex 61.1757 54.7584 5
      vertex 63.0098 54.9999 5
      vertex 63 55.15 5
    endloop
  endfacet
  facet normal 0 0 1
    outer loop
      vertex 63.1541 55.725 5
      vertex 61.5519 56.65 5
      vertex 63.0875 55.5901 5
    endloop
  endfacet
  facet normal 0 0 1
    outer loop
      vertex 63.575 54.1541 5
      vertex 62.65 52.5519 5
      vertex 63.0019 52.3784 5
    endloop
  endfacet
  facet normal -0 0 1
    outer loop
      vertex 61.3784 56.298 5
      vertex 63.0875 55.5901 5
      vertex 61.5519 56.65 5
    endloop
  endfacet
  facet normal 0 0 1
    outer loop
      vertex 63.4499 54.2376 5
      vertex 62.3237 52.7699 5
      vertex 62.65 52.5519 5
    endloop
  endfacet
  facet normal 0 0 1
    outer loop
      vertex 63.0875 55.5901 5
      vertex 61.3784 56.298 5
      vertex 63.0392 55.4476 5
    endloop
  endfacet
  facet normal 0 0 1
    outer loop
      vertex 63.3368 54.3368 5
      vertex 62.0287 53.0287 5
      vertex 62.3237 52.7699 5
    endloop
  endfacet
  facet normal -0 0 1
    outer loop
      vertex 61.2522 55.9265 5
      vertex 63.0392 55.4476 5
      vertex 61.3784 56.298 5
    endloop
  endfacet
  facet normal 0 0 1
    outer loop
      vertex 63.2376 54.4499 5
      vertex 61.7699 53.3237 5
      vertex 62.0287 53.0287 5
    endloop
  endfacet
  facet normal 0 0 1
    outer loop
      vertex 63.0392 55.4476 5
      vertex 61.2522 55.9265 5
      vertex 63.0098 55.3001 5
    endloop
  endfacet
  facet normal 0 0 1
    outer loop
      vertex 63.1541 54.575 5
      vertex 61.5519 53.65 5
      vertex 61.7699 53.3237 5
    endloop
  endfacet
  facet normal -0 0 1
    outer loop
      vertex 61.1757 55.5416 5
      vertex 63.0098 55.3001 5
      vertex 61.2522 55.9265 5
    endloop
  endfacet
  facet normal 0 0 1
    outer loop
      vertex 63.0875 54.7099 5
      vertex 61.3784 54.0019 5
      vertex 61.5519 53.65 5
    endloop
  endfacet
  facet normal 0 0 1
    outer loop
      vertex 63.0098 55.3001 5
      vertex 61.1757 55.5416 5
      vertex 63 55.15 5
    endloop
  endfacet
  facet normal 0 0 1
    outer loop
      vertex 63.0392 54.8524 5
      vertex 61.2522 54.3735 5
      vertex 61.3784 54.0019 5
    endloop
  endfacet
  facet normal 0 0 1
    outer loop
      vertex 61.15 55.15 5
      vertex 63 55.15 5
      vertex 61.1757 55.5416 5
    endloop
  endfacet
  facet normal 0 0 1
    outer loop
      vertex 63.0098 54.9999 5
      vertex 61.1757 54.7584 5
      vertex 61.2522 54.3735 5
    endloop
  endfacet
  facet normal 0 0 1
    outer loop
      vertex 63 55.15 5
      vertex 61.15 55.15 5
      vertex 61.1757 54.7584 5
    endloop
  endfacet
  facet normal -0.19494 0.980815 0
    outer loop
      vertex 63.7584 58.1243 2
      vertex 63.3735 58.0478 5
      vertex 63.7584 58.1243 5
    endloop
  endfacet
  facet normal -0.19494 0.980815 0
    outer loop
      vertex 63.3735 58.0478 5
      vertex 63.7584 58.1243 2
      vertex 63.3735 58.0478 2
    endloop
  endfacet
  facet normal 0.896911 -0.442211 0
    outer loop
      vertex 66.7481 53.65 5
      vertex 66.9216 54.0019 2
      vertex 66.9216 54.0019 5
    endloop
  endfacet
  facet normal 0.896911 -0.442211 0
    outer loop
      vertex 66.9216 54.0019 2
      vertex 66.7481 53.65 5
      vertex 66.7481 53.65 2
    endloop
  endfacet
  facet normal 0.19494 -0.980815 0
    outer loop
      vertex 64.5416 52.1757 2
      vertex 64.9265 52.2522 5
      vertex 64.5416 52.1757 5
    endloop
  endfacet
  facet normal 0.19494 -0.980815 0
    outer loop
      vertex 64.9265 52.2522 5
      vertex 64.5416 52.1757 2
      vertex 64.9265 52.2522 2
    endloop
  endfacet
  facet normal 0.44211 -0.896961 0
    outer loop
      vertex 65.298 52.3784 2
      vertex 65.65 52.5519 5
      vertex 65.298 52.3784 5
    endloop
  endfacet
  facet normal 0.44211 -0.896961 0
    outer loop
      vertex 65.65 52.5519 5
      vertex 65.298 52.3784 2
      vertex 65.65 52.5519 2
    endloop
  endfacet
  facet normal 0.946858 0.321651 0
    outer loop
      vertex 67.0478 55.9265 5
      vertex 66.9216 56.298 2
      vertex 66.9216 56.298 5
    endloop
  endfacet
  facet normal 0.946858 0.321651 0
    outer loop
      vertex 66.9216 56.298 2
      vertex 67.0478 55.9265 5
      vertex 67.0478 55.9265 2
    endloop
  endfacet
  facet normal 0.980815 0.19494 0
    outer loop
      vertex 67.1243 55.5416 5
      vertex 67.0478 55.9265 2
      vertex 67.0478 55.9265 5
    endloop
  endfacet
  facet normal 0.980815 0.19494 0
    outer loop
      vertex 67.0478 55.9265 2
      vertex 67.1243 55.5416 5
      vertex 67.1243 55.5416 2
    endloop
  endfacet
  facet normal 0.751724 0.659478 0
    outer loop
      vertex 66.5301 56.9763 5
      vertex 66.2713 57.2713 2
      vertex 66.2713 57.2713 5
    endloop
  endfacet
  facet normal 0.751724 0.659478 0
    outer loop
      vertex 66.2713 57.2713 2
      vertex 66.5301 56.9763 5
      vertex 66.5301 56.9763 2
    endloop
  endfacet
  facet normal 0.831501 0.555523 0
    outer loop
      vertex 66.7481 56.65 5
      vertex 66.5301 56.9763 2
      vertex 66.5301 56.9763 5
    endloop
  endfacet
  facet normal 0.831501 0.555523 0
    outer loop
      vertex 66.5301 56.9763 2
      vertex 66.7481 56.65 5
      vertex 66.7481 56.65 2
    endloop
  endfacet
  facet normal 0.0654873 0.997853 -0
    outer loop
      vertex 64.5416 58.1243 2
      vertex 64.15 58.15 5
      vertex 64.5416 58.1243 5
    endloop
  endfacet
  facet normal 0.0654873 0.997853 0
    outer loop
      vertex 64.15 58.15 5
      vertex 64.5416 58.1243 2
      vertex 64.15 58.15 2
    endloop
  endfacet
  facet normal 0.555523 0.831501 -0
    outer loop
      vertex 65.9763 57.5301 2
      vertex 65.65 57.7481 5
      vertex 65.9763 57.5301 5
    endloop
  endfacet
  facet normal 0.555523 0.831501 0
    outer loop
      vertex 65.65 57.7481 5
      vertex 65.9763 57.5301 2
      vertex 65.65 57.7481 2
    endloop
  endfacet
  facet normal -0.831501 0.555523 0
    outer loop
      vertex 61.5519 56.65 2
      vertex 61.7699 56.9763 5
      vertex 61.7699 56.9763 2
    endloop
  endfacet
  facet normal -0.831501 0.555523 0
    outer loop
      vertex 61.7699 56.9763 5
      vertex 61.5519 56.65 2
      vertex 61.5519 56.65 5
    endloop
  endfacet
  facet normal -0.946858 0.321651 0
    outer loop
      vertex 61.2522 55.9265 2
      vertex 61.3784 56.298 5
      vertex 61.3784 56.298 2
    endloop
  endfacet
  facet normal -0.946858 0.321651 0
    outer loop
      vertex 61.3784 56.298 5
      vertex 61.2522 55.9265 2
      vertex 61.2522 55.9265 5
    endloop
  endfacet
  facet normal -0.980815 0.19494 0
    outer loop
      vertex 61.1757 55.5416 2
      vertex 61.2522 55.9265 5
      vertex 61.2522 55.9265 2
    endloop
  endfacet
  facet normal -0.980815 0.19494 0
    outer loop
      vertex 61.2522 55.9265 5
      vertex 61.1757 55.5416 2
      vertex 61.1757 55.5416 5
    endloop
  endfacet
  facet normal -0.442211 0.896911 0
    outer loop
      vertex 63.0019 57.9216 2
      vertex 62.65 57.7481 5
      vertex 63.0019 57.9216 5
    endloop
  endfacet
  facet normal -0.442211 0.896911 0
    outer loop
      vertex 62.65 57.7481 5
      vertex 63.0019 57.9216 2
      vertex 62.65 57.7481 2
    endloop
  endfacet
  facet normal -0.555523 0.831501 0
    outer loop
      vertex 62.65 57.7481 2
      vertex 62.3237 57.5301 5
      vertex 62.65 57.7481 5
    endloop
  endfacet
  facet normal -0.555523 0.831501 0
    outer loop
      vertex 62.3237 57.5301 5
      vertex 62.65 57.7481 2
      vertex 62.3237 57.5301 2
    endloop
  endfacet
  facet normal 0.751724 -0.659478 0
    outer loop
      vertex 66.2713 53.0287 5
      vertex 66.5301 53.3237 2
      vertex 66.5301 53.3237 5
    endloop
  endfacet
  facet normal 0.751724 -0.659478 0
    outer loop
      vertex 66.5301 53.3237 2
      vertex 66.2713 53.0287 5
      vertex 66.2713 53.0287 2
    endloop
  endfacet
  facet normal 0.946885 -0.321574 0
    outer loop
      vertex 66.9216 54.0019 5
      vertex 67.0478 54.3735 2
      vertex 67.0478 54.3735 5
    endloop
  endfacet
  facet normal 0.946885 -0.321574 0
    outer loop
      vertex 67.0478 54.3735 2
      vertex 66.9216 54.0019 5
      vertex 66.9216 54.0019 2
    endloop
  endfacet
  facet normal 0.980815 -0.19494 0
    outer loop
      vertex 67.0478 54.3735 5
      vertex 67.1243 54.7584 2
      vertex 67.1243 54.7584 5
    endloop
  endfacet
  facet normal 0.980815 -0.19494 0
    outer loop
      vertex 67.1243 54.7584 2
      vertex 67.0478 54.3735 5
      vertex 67.0478 54.3735 2
    endloop
  endfacet
  facet normal -0.659478 -0.751724 0
    outer loop
      vertex 62.0287 53.0287 2
      vertex 62.3237 52.7699 5
      vertex 62.0287 53.0287 5
    endloop
  endfacet
  facet normal -0.659478 -0.751724 -0
    outer loop
      vertex 62.3237 52.7699 5
      vertex 62.0287 53.0287 2
      vertex 62.3237 52.7699 2
    endloop
  endfacet
  facet normal -0.896911 -0.442211 0
    outer loop
      vertex 61.5519 53.65 2
      vertex 61.3784 54.0019 5
      vertex 61.3784 54.0019 2
    endloop
  endfacet
  facet normal -0.896911 -0.442211 0
    outer loop
      vertex 61.3784 54.0019 5
      vertex 61.5519 53.65 2
      vertex 61.5519 53.65 5
    endloop
  endfacet
  facet normal -0.751724 -0.659478 0
    outer loop
      vertex 62.0287 53.0287 2
      vertex 61.7699 53.3237 5
      vertex 61.7699 53.3237 2
    endloop
  endfacet
  facet normal -0.751724 -0.659478 0
    outer loop
      vertex 61.7699 53.3237 5
      vertex 62.0287 53.0287 2
      vertex 62.0287 53.0287 5
    endloop
  endfacet
  facet normal -0.997853 -0.0654873 0
    outer loop
      vertex 61.1757 54.7584 2
      vertex 61.15 55.15 5
      vertex 61.15 55.15 2
    endloop
  endfacet
  facet normal -0.997853 -0.0654873 0
    outer loop
      vertex 61.15 55.15 5
      vertex 61.1757 54.7584 2
      vertex 61.1757 54.7584 5
    endloop
  endfacet
  facet normal 0.831501 -0.555523 0
    outer loop
      vertex 66.5301 53.3237 5
      vertex 66.7481 53.65 2
      vertex 66.7481 53.65 5
    endloop
  endfacet
  facet normal 0.831501 -0.555523 0
    outer loop
      vertex 66.7481 53.65 2
      vertex 66.5301 53.3237 5
      vertex 66.5301 53.3237 2
    endloop
  endfacet
  facet normal 0.997853 -0.0654873 0
    outer loop
      vertex 67.1243 54.7584 5
      vertex 67.15 55.15 2
      vertex 67.15 55.15 5
    endloop
  endfacet
  facet normal 0.997853 -0.0654873 0
    outer loop
      vertex 67.15 55.15 2
      vertex 67.1243 54.7584 5
      vertex 67.1243 54.7584 2
    endloop
  endfacet
  facet normal -0.980815 -0.19494 0
    outer loop
      vertex 61.2522 54.3735 2
      vertex 61.1757 54.7584 5
      vertex 61.1757 54.7584 2
    endloop
  endfacet
  facet normal -0.980815 -0.19494 0
    outer loop
      vertex 61.1757 54.7584 5
      vertex 61.2522 54.3735 2
      vertex 61.2522 54.3735 5
    endloop
  endfacet
  facet normal -0.946885 -0.321574 0
    outer loop
      vertex 61.3784 54.0019 2
      vertex 61.2522 54.3735 5
      vertex 61.2522 54.3735 2
    endloop
  endfacet
  facet normal -0.946885 -0.321574 0
    outer loop
      vertex 61.2522 54.3735 5
      vertex 61.3784 54.0019 2
      vertex 61.3784 54.0019 5
    endloop
  endfacet
  facet normal 0.321651 -0.946858 0
    outer loop
      vertex 64.9265 52.2522 2
      vertex 65.298 52.3784 5
      vertex 64.9265 52.2522 5
    endloop
  endfacet
  facet normal 0.321651 -0.946858 0
    outer loop
      vertex 65.298 52.3784 5
      vertex 64.9265 52.2522 2
      vertex 65.298 52.3784 2
    endloop
  endfacet
  facet normal 0.659478 -0.751724 0
    outer loop
      vertex 65.9763 52.7699 2
      vertex 66.2713 53.0287 5
      vertex 65.9763 52.7699 5
    endloop
  endfacet
  facet normal 0.659478 -0.751724 0
    outer loop
      vertex 66.2713 53.0287 5
      vertex 65.9763 52.7699 2
      vertex 66.2713 53.0287 2
    endloop
  endfacet
  facet normal 0.555523 -0.831501 0
    outer loop
      vertex 65.65 52.5519 2
      vertex 65.9763 52.7699 5
      vertex 65.65 52.5519 5
    endloop
  endfacet
  facet normal 0.555523 -0.831501 0
    outer loop
      vertex 65.9763 52.7699 5
      vertex 65.65 52.5519 2
      vertex 65.9763 52.7699 2
    endloop
  endfacet
  facet normal -0.0654873 -0.997853 0
    outer loop
      vertex 63.7584 52.1757 2
      vertex 64.15 52.15 5
      vertex 63.7584 52.1757 5
    endloop
  endfacet
  facet normal -0.0654873 -0.997853 -0
    outer loop
      vertex 64.15 52.15 5
      vertex 63.7584 52.1757 2
      vertex 64.15 52.15 2
    endloop
  endfacet
  facet normal -0.555523 -0.831501 0
    outer loop
      vertex 62.3237 52.7699 2
      vertex 62.65 52.5519 5
      vertex 62.3237 52.7699 5
    endloop
  endfacet
  facet normal -0.555523 -0.831501 -0
    outer loop
      vertex 62.65 52.5519 5
      vertex 62.3237 52.7699 2
      vertex 62.65 52.5519 2
    endloop
  endfacet
  facet normal -0.831501 -0.555523 0
    outer loop
      vertex 61.7699 53.3237 2
      vertex 61.5519 53.65 5
      vertex 61.5519 53.65 2
    endloop
  endfacet
  facet normal -0.831501 -0.555523 0
    outer loop
      vertex 61.5519 53.65 5
      vertex 61.7699 53.3237 2
      vertex 61.7699 53.3237 5
    endloop
  endfacet
  facet normal -0.19494 -0.980815 0
    outer loop
      vertex 63.3735 52.2522 2
      vertex 63.7584 52.1757 5
      vertex 63.3735 52.2522 5
    endloop
  endfacet
  facet normal -0.19494 -0.980815 -0
    outer loop
      vertex 63.7584 52.1757 5
      vertex 63.3735 52.2522 2
      vertex 63.7584 52.1757 2
    endloop
  endfacet
  facet normal -0.321574 -0.946885 0
    outer loop
      vertex 63.0019 52.3784 2
      vertex 63.3735 52.2522 5
      vertex 63.0019 52.3784 5
    endloop
  endfacet
  facet normal -0.321574 -0.946885 -0
    outer loop
      vertex 63.3735 52.2522 5
      vertex 63.0019 52.3784 2
      vertex 63.3735 52.2522 2
    endloop
  endfacet
  facet normal -0.442211 -0.896911 0
    outer loop
      vertex 62.65 52.5519 2
      vertex 63.0019 52.3784 5
      vertex 62.65 52.5519 5
    endloop
  endfacet
  facet normal -0.442211 -0.896911 -0
    outer loop
      vertex 63.0019 52.3784 5
      vertex 62.65 52.5519 2
      vertex 63.0019 52.3784 2
    endloop
  endfacet
  facet normal 0 1 -0
    outer loop
      vertex 42 64.9 4
      vertex 37.5 64.9 20.5
      vertex 42 64.9 20.5
    endloop
  endfacet
  facet normal 0 1 0
    outer loop
      vertex 42 64.9 4
      vertex 37.5 64.9 4
      vertex 37.5 64.9 20.5
    endloop
  endfacet
  facet normal 0 1 -0
    outer loop
      vertex 42 64.9 3.98
      vertex 37.5 64.9 4
      vertex 42 64.9 4
    endloop
  endfacet
  facet normal 0 1 0
    outer loop
      vertex 37.5 64.9 4
      vertex 42 64.9 3.98
      vertex 26.5 64.9 4
    endloop
  endfacet
  facet normal 0 1 0
    outer loop
      vertex 22 64.9 3.98
      vertex 26.5 64.9 4
      vertex 42 64.9 3.98
    endloop
  endfacet
  facet normal 0 1 0
    outer loop
      vertex 26.5 64.9 4
      vertex 22 64.9 3.98
      vertex 22 64.9 4
    endloop
  endfacet
  facet normal 0 1 -0
    outer loop
      vertex 26.5 64.9 4
      vertex 22 64.9 20.5
      vertex 26.5 64.9 20.5
    endloop
  endfacet
  facet normal 0 1 0
    outer loop
      vertex 22 64.9 20.5
      vertex 26.5 64.9 4
      vertex 22 64.9 4
    endloop
  endfacet
  facet normal -0.873005 0.487712 0
    outer loop
      vertex 20 61.32 0.0199995
      vertex 22 64.9 3.98
      vertex 20 61.32 0
    endloop
  endfacet
  facet normal -0.873005 0.487712 0
    outer loop
      vertex 22 64.9 3.98
      vertex 20 61.32 0.0199995
      vertex 22 64.9 4
    endloop
  endfacet
  facet normal -0.875283 0.483586 0.00485592
    outer loop
      vertex 20 61.3 2.01174
      vertex 22 64.9 4
      vertex 20 61.32 0.0199995
    endloop
  endfacet
  facet normal -0.87528 0.483592 0.00484247
    outer loop
      vertex 22 64.9 4
      vertex 20 61.3 2.01174
      vertex 20.011 61.3 4
    endloop
  endfacet
  facet normal -1 0 0
    outer loop
      vertex 20 61.3 0
      vertex 20 61.32 0.0199995
      vertex 20 61.32 0
    endloop
  endfacet
  facet normal -1 -0 0
    outer loop
      vertex 20 61.32 0.0199995
      vertex 20 61.3 0
      vertex 20 61.3 2.01174
    endloop
  endfacet
  facet normal 0 0.74348 -0.668758
    outer loop
      vertex 44 61.32 0
      vertex 22 64.9 3.98
      vertex 42 64.9 3.98
    endloop
  endfacet
  facet normal 0 0.74348 -0.668758
    outer loop
      vertex 22 64.9 3.98
      vertex 44 61.32 0
      vertex 20 61.32 0
    endloop
  endfacet
  facet normal 0.873005 0.487712 0
    outer loop
      vertex 44 61.32 0.0199995
      vertex 42 64.9 3.98
      vertex 42 64.9 4
    endloop
  endfacet
  facet normal 0.873005 0.487712 0
    outer loop
      vertex 42 64.9 3.98
      vertex 44 61.32 0.0199995
      vertex 44 61.32 0
    endloop
  endfacet
  facet normal 1 0 0
    outer loop
      vertex 44 61.3 0
      vertex 44 61.32 0.0199995
      vertex 44 61.3 2.01174
    endloop
  endfacet
  facet normal 1 0 0
    outer loop
      vertex 44 61.32 0.0199995
      vertex 44 61.3 0
      vertex 44 61.32 0
    endloop
  endfacet
  facet normal 0.87528 0.483592 0.00484247
    outer loop
      vertex 44 61.3 2.01174
      vertex 42 64.9 4
      vertex 43.989 61.3 4
    endloop
  endfacet
  facet normal 0.875283 0.483586 0.00485592
    outer loop
      vertex 42 64.9 4
      vertex 44 61.3 2.01174
      vertex 44 61.32 0.0199995
    endloop
  endfacet
  facet normal 0.87529 0.483598 0
    outer loop
      vertex 43.989 61.3 20.5
      vertex 42 64.9 4
      vertex 42 64.9 20.5
    endloop
  endfacet
  facet normal 0.87529 0.483598 0
    outer loop
      vertex 42 64.9 4
      vertex 43.989 61.3 20.5
      vertex 43.989 61.3 4
    endloop
  endfacet
  facet normal -0.875295 0.483589 0
    outer loop
      vertex 22 64.9 4
      vertex 20.0221 61.32 19.25
      vertex 22 64.9 20.5
    endloop
  endfacet
  facet normal -0.87529 0.483598 2.8698e-06
    outer loop
      vertex 20.011 61.3 4
      vertex 20.0221 61.32 19.25
      vertex 22 64.9 4
    endloop
  endfacet
  facet normal -0.874363 0.485272 0
    outer loop
      vertex 20.0221 61.32 19.25
      vertex 20.011 61.3 4
      vertex 20.011 61.3 19.25
    endloop
  endfacet
  facet normal -0.875295 0.483589 0
    outer loop
      vertex 22 64.9 20.5
      vertex 20.0221 61.32 19.25
      vertex 20.0221 61.32 20.5
    endloop
  endfacet
  facet normal -0 0 1
    outer loop
      vertex 22 64.9 20.5
      vertex 26.5 64.15 20.5
      vertex 26.5 64.9 20.5
    endloop
  endfacet
  facet normal 0 0 1
    outer loop
      vertex 26.5 64.15 20.5
      vertex 22 64.9 20.5
      vertex 24 61.65 20.5
    endloop
  endfacet
  facet normal 0 0 1
    outer loop
      vertex 37.5 64.15 20.5
      vertex 42 64.9 20.5
      vertex 37.5 64.9 20.5
    endloop
  endfacet
  facet normal 0 0 1
    outer loop
      vertex 42 64.9 20.5
      vertex 37.5 64.15 20.5
      vertex 40 61.65 20.5
    endloop
  endfacet
  facet normal -0 0 1
    outer loop
      vertex 40 61.65 20.5
      vertex 43.989 61.3 20.5
      vertex 42 64.9 20.5
    endloop
  endfacet
  facet normal -0 0 1
    outer loop
      vertex 24 61.65 20.5
      vertex 43.989 61.3 20.5
      vertex 40 61.65 20.5
    endloop
  endfacet
  facet normal 0 0 1
    outer loop
      vertex 20.25 61.32 20.5
      vertex 24 61.65 20.5
      vertex 22 64.9 20.5
    endloop
  endfacet
  facet normal 0 0 1
    outer loop
      vertex 20.25 61.3 20.5
      vertex 24 61.65 20.5
      vertex 20.25 61.32 20.5
    endloop
  endfacet
  facet normal 0 0 1
    outer loop
      vertex 24 61.65 20.5
      vertex 20.25 61.3 20.5
      vertex 43.989 61.3 20.5
    endloop
  endfacet
  facet normal 0 0 1
    outer loop
      vertex 22 64.9 20.5
      vertex 20.0221 61.32 20.5
      vertex 20.25 61.32 20.5
    endloop
  endfacet
  facet normal -0.997858 -0.0654115 0
    outer loop
      vertex 7.3 6.15 2
      vertex 7.29016 6.30011 5
      vertex 7.29016 6.30011 2
    endloop
  endfacet
  facet normal -0.997858 -0.0654115 0
    outer loop
      vertex 7.29016 6.30011 5
      vertex 7.3 6.15 2
      vertex 7.3 6.15 5
    endloop
  endfacet
  facet normal 0.997858 -0.0654115 0
    outer loop
      vertex 5 6.15 5
      vertex 5.00984 6.30011 2
      vertex 5.00984 6.30011 5
    endloop
  endfacet
  facet normal 0.997858 -0.0654115 0
    outer loop
      vertex 5.00984 6.30011 2
      vertex 5 6.15 5
      vertex 5 6.15 2
    endloop
  endfacet
  facet normal 0.0654115 -0.997858 0
    outer loop
      vertex 5.99989 7.29016 2
      vertex 6.15 7.3 5
      vertex 5.99989 7.29016 5
    endloop
  endfacet
  facet normal 0.0654115 -0.997858 0
    outer loop
      vertex 6.15 7.3 5
      vertex 5.99989 7.29016 2
      vertex 6.15 7.3 2
    endloop
  endfacet
  facet normal -0.659361 -0.751827 0
    outer loop
      vertex 6.85007 7.06236 2
      vertex 6.96317 6.96317 5
      vertex 6.85007 7.06236 5
    endloop
  endfacet
  facet normal -0.659361 -0.751827 -0
    outer loop
      vertex 6.96317 6.96317 5
      vertex 6.85007 7.06236 2
      vertex 6.96317 6.96317 2
    endloop
  endfacet
  facet normal 0.659394 -0.751798 0
    outer loop
      vertex 5.33683 6.96317 2
      vertex 5.44992 7.06236 5
      vertex 5.33683 6.96317 5
    endloop
  endfacet
  facet normal 0.659394 -0.751798 0
    outer loop
      vertex 5.44992 7.06236 5
      vertex 5.33683 6.96317 2
      vertex 5.44992 7.06236 2
    endloop
  endfacet
  facet normal 0.321408 -0.946941 0
    outer loop
      vertex 5.70991 7.21246 2
      vertex 5.85236 7.26081 5
      vertex 5.70991 7.21246 5
    endloop
  endfacet
  facet normal 0.321408 -0.946941 0
    outer loop
      vertex 5.85236 7.26081 5
      vertex 5.70991 7.21246 2
      vertex 5.85236 7.26081 2
    endloop
  endfacet
  facet normal -0.831487 0.555544 0
    outer loop
      vertex 7.06236 5.44992 2
      vertex 7.14593 5.575 5
      vertex 7.14593 5.575 2
    endloop
  endfacet
  facet normal -0.831487 0.555544 0
    outer loop
      vertex 7.14593 5.575 5
      vertex 7.06236 5.44992 2
      vertex 7.06236 5.44992 5
    endloop
  endfacet
  facet normal -0.896873 -0.442287 0
    outer loop
      vertex 7.21246 6.59009 2
      vertex 7.14593 6.725 5
      vertex 7.14593 6.725 2
    endloop
  endfacet
  facet normal -0.896873 -0.442287 0
    outer loop
      vertex 7.14593 6.725 5
      vertex 7.21246 6.59009 2
      vertex 7.21246 6.59009 5
    endloop
  endfacet
  facet normal -0.98078 -0.195119 0
    outer loop
      vertex 7.29016 6.30011 2
      vertex 7.26081 6.44764 5
      vertex 7.26081 6.44764 2
    endloop
  endfacet
  facet normal -0.98078 -0.195119 0
    outer loop
      vertex 7.26081 6.44764 5
      vertex 7.29016 6.30011 2
      vertex 7.29016 6.30011 5
    endloop
  endfacet
  facet normal -0.831467 -0.555574 0
    outer loop
      vertex 7.14593 6.725 2
      vertex 7.06236 6.85007 5
      vertex 7.06236 6.85007 2
    endloop
  endfacet
  facet normal -0.831467 -0.555574 0
    outer loop
      vertex 7.06236 6.85007 5
      vertex 7.14593 6.725 2
      vertex 7.14593 6.725 5
    endloop
  endfacet
  facet normal -0.321408 -0.946941 0
    outer loop
      vertex 6.44764 7.26081 2
      vertex 6.59009 7.21246 5
      vertex 6.44764 7.26081 5
    endloop
  endfacet
  facet normal -0.321408 -0.946941 -0
    outer loop
      vertex 6.59009 7.21246 5
      vertex 6.44764 7.26081 2
      vertex 6.59009 7.21246 2
    endloop
  endfacet
  facet normal -0.195119 -0.98078 0
    outer loop
      vertex 6.30011 7.29016 2
      vertex 6.44764 7.26081 5
      vertex 6.30011 7.29016 5
    endloop
  endfacet
  facet normal -0.195119 -0.98078 -0
    outer loop
      vertex 6.44764 7.26081 5
      vertex 6.30011 7.29016 2
      vertex 6.44764 7.26081 2
    endloop
  endfacet
  facet normal -0.555574 -0.831467 0
    outer loop
      vertex 6.725 7.14593 2
      vertex 6.85007 7.06236 5
      vertex 6.725 7.14593 5
    endloop
  endfacet
  facet normal -0.555574 -0.831467 -0
    outer loop
      vertex 6.85007 7.06236 5
      vertex 6.725 7.14593 2
      vertex 6.85007 7.06236 2
    endloop
  endfacet
  facet normal 0.896873 -0.442287 0
    outer loop
      vertex 5.08754 6.59009 5
      vertex 5.15407 6.725 2
      vertex 5.15407 6.725 5
    endloop
  endfacet
  facet normal 0.896873 -0.442287 0
    outer loop
      vertex 5.15407 6.725 2
      vertex 5.08754 6.59009 5
      vertex 5.08754 6.59009 2
    endloop
  endfacet
  facet normal 0.831467 -0.555574 0
    outer loop
      vertex 5.15407 6.725 5
      vertex 5.23764 6.85007 2
      vertex 5.23764 6.85007 5
    endloop
  endfacet
  facet normal 0.831467 -0.555574 0
    outer loop
      vertex 5.23764 6.85007 2
      vertex 5.15407 6.725 5
      vertex 5.15407 6.725 2
    endloop
  endfacet
  facet normal 0.946921 -0.321468 0
    outer loop
      vertex 5.03918 6.44764 5
      vertex 5.08754 6.59009 2
      vertex 5.08754 6.59009 5
    endloop
  endfacet
  facet normal 0.946921 -0.321468 0
    outer loop
      vertex 5.08754 6.59009 2
      vertex 5.03918 6.44764 5
      vertex 5.03918 6.44764 2
    endloop
  endfacet
  facet normal 0.555544 -0.831487 0
    outer loop
      vertex 5.44992 7.06236 2
      vertex 5.575 7.14593 5
      vertex 5.44992 7.06236 5
    endloop
  endfacet
  facet normal 0.555544 -0.831487 0
    outer loop
      vertex 5.575 7.14593 5
      vertex 5.44992 7.06236 2
      vertex 5.575 7.14593 2
    endloop
  endfacet
  facet normal 0.195119 -0.98078 0
    outer loop
      vertex 5.85236 7.26081 2
      vertex 5.99989 7.29016 5
      vertex 5.85236 7.26081 5
    endloop
  endfacet
  facet normal 0.195119 -0.98078 0
    outer loop
      vertex 5.99989 7.29016 5
      vertex 5.85236 7.26081 2
      vertex 5.99989 7.29016 2
    endloop
  endfacet
  facet normal -0.195055 0.980792 0
    outer loop
      vertex 6.44764 5.03918 2
      vertex 6.30011 5.00984 5
      vertex 6.44764 5.03918 5
    endloop
  endfacet
  facet normal -0.195055 0.980792 0
    outer loop
      vertex 6.30011 5.00984 5
      vertex 6.44764 5.03918 2
      vertex 6.30011 5.00984 2
    endloop
  endfacet
  facet normal -0.946941 -0.321408 0
    outer loop
      vertex 7.26081 6.44764 2
      vertex 7.21246 6.59009 5
      vertex 7.21246 6.59009 2
    endloop
  endfacet
  facet normal -0.946941 -0.321408 0
    outer loop
      vertex 7.21246 6.59009 5
      vertex 7.26081 6.44764 2
      vertex 7.26081 6.44764 5
    endloop
  endfacet
  facet normal -0.751827 -0.659361 0
    outer loop
      vertex 7.06236 6.85007 2
      vertex 6.96317 6.96317 5
      vertex 6.96317 6.96317 2
    endloop
  endfacet
  facet normal -0.751827 -0.659361 0
    outer loop
      vertex 6.96317 6.96317 5
      vertex 7.06236 6.85007 2
      vertex 7.06236 6.85007 5
    endloop
  endfacet
  facet normal -0.0654115 -0.997858 0
    outer loop
      vertex 6.15 7.3 2
      vertex 6.30011 7.29016 5
      vertex 6.15 7.3 5
    endloop
  endfacet
  facet normal -0.0654115 -0.997858 -0
    outer loop
      vertex 6.30011 7.29016 5
      vertex 6.15 7.3 2
      vertex 6.30011 7.29016 2
    endloop
  endfacet
  facet normal -0.442287 -0.896873 0
    outer loop
      vertex 6.59009 7.21246 2
      vertex 6.725 7.14593 5
      vertex 6.59009 7.21246 5
    endloop
  endfacet
  facet normal -0.442287 -0.896873 -0
    outer loop
      vertex 6.725 7.14593 5
      vertex 6.59009 7.21246 2
      vertex 6.725 7.14593 2
    endloop
  endfacet
  facet normal 0.751827 -0.659361 0
    outer loop
      vertex 5.23764 6.85007 5
      vertex 5.33683 6.96317 2
      vertex 5.33683 6.96317 5
    endloop
  endfacet
  facet normal 0.751827 -0.659361 0
    outer loop
      vertex 5.33683 6.96317 2
      vertex 5.23764 6.85007 5
      vertex 5.23764 6.85007 2
    endloop
  endfacet
  facet normal 0.980792 -0.195055 0
    outer loop
      vertex 5.00984 6.30011 5
      vertex 5.03918 6.44764 2
      vertex 5.03918 6.44764 5
    endloop
  endfacet
  facet normal 0.980792 -0.195055 0
    outer loop
      vertex 5.03918 6.44764 2
      vertex 5.00984 6.30011 5
      vertex 5.00984 6.30011 2
    endloop
  endfacet
  facet normal 0.442287 -0.896873 0
    outer loop
      vertex 5.575 7.14593 2
      vertex 5.70991 7.21246 5
      vertex 5.575 7.14593 5
    endloop
  endfacet
  facet normal 0.442287 -0.896873 0
    outer loop
      vertex 5.70991 7.21246 5
      vertex 5.575 7.14593 2
      vertex 5.70991 7.21246 2
    endloop
  endfacet
  facet normal -0.997858 0.0654115 0
    outer loop
      vertex 7.29016 5.99989 2
      vertex 7.3 6.15 5
      vertex 7.3 6.15 2
    endloop
  endfacet
  facet normal -0.997858 0.0654115 0
    outer loop
      vertex 7.3 6.15 5
      vertex 7.29016 5.99989 2
      vertex 7.29016 5.99989 5
    endloop
  endfacet
  facet normal -0.659361 0.751827 0
    outer loop
      vertex 6.96317 5.33683 2
      vertex 6.85007 5.23764 5
      vertex 6.96317 5.33683 5
    endloop
  endfacet
  facet normal -0.659361 0.751827 0
    outer loop
      vertex 6.85007 5.23764 5
      vertex 6.96317 5.33683 2
      vertex 6.85007 5.23764 2
    endloop
  endfacet
  facet normal -0.946941 0.321408 0
    outer loop
      vertex 7.21246 5.70991 2
      vertex 7.26081 5.85236 5
      vertex 7.26081 5.85236 2
    endloop
  endfacet
  facet normal -0.946941 0.321408 0
    outer loop
      vertex 7.26081 5.85236 5
      vertex 7.21246 5.70991 2
      vertex 7.21246 5.70991 5
    endloop
  endfacet
  facet normal -0.896873 0.442287 0
    outer loop
      vertex 7.14593 5.575 2
      vertex 7.21246 5.70991 5
      vertex 7.21246 5.70991 2
    endloop
  endfacet
  facet normal -0.896873 0.442287 0
    outer loop
      vertex 7.21246 5.70991 5
      vertex 7.14593 5.575 2
      vertex 7.14593 5.575 5
    endloop
  endfacet
  facet normal 0.831487 0.555544 0
    outer loop
      vertex 5.23764 5.44992 5
      vertex 5.15407 5.575 2
      vertex 5.15407 5.575 5
    endloop
  endfacet
  facet normal 0.831487 0.555544 0
    outer loop
      vertex 5.15407 5.575 2
      vertex 5.23764 5.44992 5
      vertex 5.23764 5.44992 2
    endloop
  endfacet
  facet normal 0.896873 0.442287 0
    outer loop
      vertex 5.15407 5.575 5
      vertex 5.08754 5.70991 2
      vertex 5.08754 5.70991 5
    endloop
  endfacet
  facet normal 0.896873 0.442287 0
    outer loop
      vertex 5.08754 5.70991 2
      vertex 5.15407 5.575 5
      vertex 5.15407 5.575 2
    endloop
  endfacet
  facet normal 0.946921 0.321468 0
    outer loop
      vertex 5.08754 5.70991 5
      vertex 5.03918 5.85236 2
      vertex 5.03918 5.85236 5
    endloop
  endfacet
  facet normal 0.946921 0.321468 0
    outer loop
      vertex 5.03918 5.85236 2
      vertex 5.08754 5.70991 5
      vertex 5.08754 5.70991 2
    endloop
  endfacet
  facet normal -0.442287 0.896873 0
    outer loop
      vertex 6.725 5.15407 2
      vertex 6.59009 5.08754 5
      vertex 6.725 5.15407 5
    endloop
  endfacet
  facet normal -0.442287 0.896873 0
    outer loop
      vertex 6.59009 5.08754 5
      vertex 6.725 5.15407 2
      vertex 6.59009 5.08754 2
    endloop
  endfacet
  facet normal -0.321468 0.946921 0
    outer loop
      vertex 6.59009 5.08754 2
      vertex 6.44764 5.03918 5
      vertex 6.59009 5.08754 5
    endloop
  endfacet
  facet normal -0.321468 0.946921 0
    outer loop
      vertex 6.44764 5.03918 5
      vertex 6.59009 5.08754 2
      vertex 6.44764 5.03918 2
    endloop
  endfacet
  facet normal -0.98078 0.195119 0
    outer loop
      vertex 7.26081 5.85236 2
      vertex 7.29016 5.99989 5
      vertex 7.29016 5.99989 2
    endloop
  endfacet
  facet normal -0.98078 0.195119 0
    outer loop
      vertex 7.29016 5.99989 5
      vertex 7.26081 5.85236 2
      vertex 7.26081 5.85236 5
    endloop
  endfacet
  facet normal 0.555544 0.831487 -0
    outer loop
      vertex 5.575 5.15407 2
      vertex 5.44992 5.23764 5
      vertex 5.575 5.15407 5
    endloop
  endfacet
  facet normal 0.555544 0.831487 0
    outer loop
      vertex 5.44992 5.23764 5
      vertex 5.575 5.15407 2
      vertex 5.44992 5.23764 2
    endloop
  endfacet
  facet normal 0.997858 0.0654115 0
    outer loop
      vertex 5.00984 5.99989 5
      vertex 5 6.15 2
      vertex 5 6.15 5
    endloop
  endfacet
  facet normal 0.997858 0.0654115 0
    outer loop
      vertex 5 6.15 2
      vertex 5.00984 5.99989 5
      vertex 5.00984 5.99989 2
    endloop
  endfacet
  facet normal -0.751798 0.659394 0
    outer loop
      vertex 6.96317 5.33683 2
      vertex 7.06236 5.44992 5
      vertex 7.06236 5.44992 2
    endloop
  endfacet
  facet normal -0.751798 0.659394 0
    outer loop
      vertex 7.06236 5.44992 5
      vertex 6.96317 5.33683 2
      vertex 6.96317 5.33683 5
    endloop
  endfacet
  facet normal -0.555574 0.831467 0
    outer loop
      vertex 6.85007 5.23764 2
      vertex 6.725 5.15407 5
      vertex 6.85007 5.23764 5
    endloop
  endfacet
  facet normal -0.555574 0.831467 0
    outer loop
      vertex 6.725 5.15407 5
      vertex 6.85007 5.23764 2
      vertex 6.725 5.15407 2
    endloop
  endfacet
  facet normal -0.0654115 0.997858 0
    outer loop
      vertex 6.30011 5.00984 2
      vertex 6.15 5 5
      vertex 6.30011 5.00984 5
    endloop
  endfacet
  facet normal -0.0654115 0.997858 0
    outer loop
      vertex 6.15 5 5
      vertex 6.30011 5.00984 2
      vertex 6.15 5 2
    endloop
  endfacet
  facet normal 0.321468 0.946921 -0
    outer loop
      vertex 5.85236 5.03918 2
      vertex 5.70991 5.08754 5
      vertex 5.85236 5.03918 5
    endloop
  endfacet
  facet normal 0.321468 0.946921 0
    outer loop
      vertex 5.70991 5.08754 5
      vertex 5.85236 5.03918 2
      vertex 5.70991 5.08754 2
    endloop
  endfacet
  facet normal 0.442287 0.896873 -0
    outer loop
      vertex 5.70991 5.08754 2
      vertex 5.575 5.15407 5
      vertex 5.70991 5.08754 5
    endloop
  endfacet
  facet normal 0.442287 0.896873 0
    outer loop
      vertex 5.575 5.15407 5
      vertex 5.70991 5.08754 2
      vertex 5.575 5.15407 2
    endloop
  endfacet
  facet normal 0.659394 0.751798 -0
    outer loop
      vertex 5.44992 5.23764 2
      vertex 5.33683 5.33683 5
      vertex 5.44992 5.23764 5
    endloop
  endfacet
  facet normal 0.659394 0.751798 0
    outer loop
      vertex 5.33683 5.33683 5
      vertex 5.44992 5.23764 2
      vertex 5.33683 5.33683 2
    endloop
  endfacet
  facet normal 0.751798 0.659394 0
    outer loop
      vertex 5.33683 5.33683 5
      vertex 5.23764 5.44992 2
      vertex 5.23764 5.44992 5
    endloop
  endfacet
  facet normal 0.751798 0.659394 0
    outer loop
      vertex 5.23764 5.44992 2
      vertex 5.33683 5.33683 5
      vertex 5.33683 5.33683 2
    endloop
  endfacet
  facet normal 0 0 1
    outer loop
      vertex 7.29016 6.30011 2
      vertex 7.29016 5.99989 2
      vertex 7.3 6.15 2
    endloop
  endfacet
  facet normal 0 0 1
    outer loop
      vertex 7.26081 6.44764 2
      vertex 7.29016 5.99989 2
      vertex 7.29016 6.30011 2
    endloop
  endfacet
  facet normal 0 0 1
    outer loop
      vertex 7.26081 6.44764 2
      vertex 7.26081 5.85236 2
      vertex 7.29016 5.99989 2
    endloop
  endfacet
  facet normal 0 0 1
    outer loop
      vertex 7.21246 6.59009 2
      vertex 7.26081 5.85236 2
      vertex 7.26081 6.44764 2
    endloop
  endfacet
  facet normal 0 0 1
    outer loop
      vertex 7.21246 6.59009 2
      vertex 7.21246 5.70991 2
      vertex 7.26081 5.85236 2
    endloop
  endfacet
  facet normal 0 0 1
    outer loop
      vertex 7.14593 6.725 2
      vertex 7.21246 5.70991 2
      vertex 7.21246 6.59009 2
    endloop
  endfacet
  facet normal 0 0 1
    outer loop
      vertex 7.14593 6.725 2
      vertex 7.14593 5.575 2
      vertex 7.21246 5.70991 2
    endloop
  endfacet
  facet normal 0 0 1
    outer loop
      vertex 7.06236 6.85007 2
      vertex 7.14593 5.575 2
      vertex 7.14593 6.725 2
    endloop
  endfacet
  facet normal 0 0 1
    outer loop
      vertex 7.06236 6.85007 2
      vertex 7.06236 5.44992 2
      vertex 7.14593 5.575 2
    endloop
  endfacet
  facet normal 0 0 1
    outer loop
      vertex 6.96317 6.96317 2
      vertex 7.06236 5.44992 2
      vertex 7.06236 6.85007 2
    endloop
  endfacet
  facet normal 0 0 1
    outer loop
      vertex 6.96317 6.96317 2
      vertex 6.96317 5.33683 2
      vertex 7.06236 5.44992 2
    endloop
  endfacet
  facet normal 0 0 1
    outer loop
      vertex 6.85007 7.06236 2
      vertex 6.96317 5.33683 2
      vertex 6.96317 6.96317 2
    endloop
  endfacet
  facet normal 0 0 1
    outer loop
      vertex 6.85007 7.06236 2
      vertex 6.85007 5.23764 2
      vertex 6.96317 5.33683 2
    endloop
  endfacet
  facet normal 0 0 1
    outer loop
      vertex 6.725 7.14593 2
      vertex 6.85007 5.23764 2
      vertex 6.85007 7.06236 2
    endloop
  endfacet
  facet normal 0 0 1
    outer loop
      vertex 6.725 7.14593 2
      vertex 6.725 5.15407 2
      vertex 6.85007 5.23764 2
    endloop
  endfacet
  facet normal 0 0 1
    outer loop
      vertex 6.59009 7.21246 2
      vertex 6.725 5.15407 2
      vertex 6.725 7.14593 2
    endloop
  endfacet
  facet normal 0 0 1
    outer loop
      vertex 6.59009 7.21246 2
      vertex 6.59009 5.08754 2
      vertex 6.725 5.15407 2
    endloop
  endfacet
  facet normal 0 0 1
    outer loop
      vertex 6.44764 7.26081 2
      vertex 6.59009 5.08754 2
      vertex 6.59009 7.21246 2
    endloop
  endfacet
  facet normal 0 0 1
    outer loop
      vertex 6.44764 7.26081 2
      vertex 6.44764 5.03918 2
      vertex 6.59009 5.08754 2
    endloop
  endfacet
  facet normal 0 0 1
    outer loop
      vertex 6.30011 7.29016 2
      vertex 6.44764 5.03918 2
      vertex 6.44764 7.26081 2
    endloop
  endfacet
  facet normal 0 0 1
    outer loop
      vertex 6.30011 7.29016 2
      vertex 6.30011 5.00984 2
      vertex 6.44764 5.03918 2
    endloop
  endfacet
  facet normal 0 0 1
    outer loop
      vertex 6.15 7.3 2
      vertex 6.30011 5.00984 2
      vertex 6.30011 7.29016 2
    endloop
  endfacet
  facet normal 0 0 1
    outer loop
      vertex 6.15 7.3 2
      vertex 6.15 5 2
      vertex 6.30011 5.00984 2
    endloop
  endfacet
  facet normal -0 0 1
    outer loop
      vertex 5.99989 7.29016 2
      vertex 6.15 5 2
      vertex 6.15 7.3 2
    endloop
  endfacet
  facet normal 0 0 1
    outer loop
      vertex 5.99989 7.29016 2
      vertex 5.99989 5.00984 2
      vertex 6.15 5 2
    endloop
  endfacet
  facet normal -0 0 1
    outer loop
      vertex 5.85236 7.26081 2
      vertex 5.99989 5.00984 2
      vertex 5.99989 7.29016 2
    endloop
  endfacet
  facet normal 0 0 1
    outer loop
      vertex 5.85236 7.26081 2
      vertex 5.85236 5.03918 2
      vertex 5.99989 5.00984 2
    endloop
  endfacet
  facet normal -0 0 1
    outer loop
      vertex 5.70991 7.21246 2
      vertex 5.85236 5.03918 2
      vertex 5.85236 7.26081 2
    endloop
  endfacet
  facet normal 0 0 1
    outer loop
      vertex 5.70991 7.21246 2
      vertex 5.70991 5.08754 2
      vertex 5.85236 5.03918 2
    endloop
  endfacet
  facet normal -0 0 1
    outer loop
      vertex 5.575 7.14593 2
      vertex 5.70991 5.08754 2
      vertex 5.70991 7.21246 2
    endloop
  endfacet
  facet normal 0 0 1
    outer loop
      vertex 5.575 7.14593 2
      vertex 5.575 5.15407 2
      vertex 5.70991 5.08754 2
    endloop
  endfacet
  facet normal -0 0 1
    outer loop
      vertex 5.44992 7.06236 2
      vertex 5.575 5.15407 2
      vertex 5.575 7.14593 2
    endloop
  endfacet
  facet normal 0 0 1
    outer loop
      vertex 5.44992 7.06236 2
      vertex 5.44992 5.23764 2
      vertex 5.575 5.15407 2
    endloop
  endfacet
  facet normal -0 0 1
    outer loop
      vertex 5.33683 6.96317 2
      vertex 5.44992 5.23764 2
      vertex 5.44992 7.06236 2
    endloop
  endfacet
  facet normal 0 0 1
    outer loop
      vertex 5.33683 6.96317 2
      vertex 5.33683 5.33683 2
      vertex 5.44992 5.23764 2
    endloop
  endfacet
  facet normal -0 0 1
    outer loop
      vertex 5.23764 6.85007 2
      vertex 5.33683 5.33683 2
      vertex 5.33683 6.96317 2
    endloop
  endfacet
  facet normal 0 0 1
    outer loop
      vertex 5.23764 6.85007 2
      vertex 5.23764 5.44992 2
      vertex 5.33683 5.33683 2
    endloop
  endfacet
  facet normal -0 0 1
    outer loop
      vertex 5.15407 6.725 2
      vertex 5.23764 5.44992 2
      vertex 5.23764 6.85007 2
    endloop
  endfacet
  facet normal 0 0 1
    outer loop
      vertex 5.15407 6.725 2
      vertex 5.15407 5.575 2
      vertex 5.23764 5.44992 2
    endloop
  endfacet
  facet normal -0 0 1
    outer loop
      vertex 5.08754 6.59009 2
      vertex 5.15407 5.575 2
      vertex 5.15407 6.725 2
    endloop
  endfacet
  facet normal 0 0 1
    outer loop
      vertex 5.08754 6.59009 2
      vertex 5.08754 5.70991 2
      vertex 5.15407 5.575 2
    endloop
  endfacet
  facet normal -0 0 1
    outer loop
      vertex 5.03918 6.44764 2
      vertex 5.08754 5.70991 2
      vertex 5.08754 6.59009 2
    endloop
  endfacet
  facet normal 0 0 1
    outer loop
      vertex 5.03918 6.44764 2
      vertex 5.03918 5.85236 2
      vertex 5.08754 5.70991 2
    endloop
  endfacet
  facet normal -0 0 1
    outer loop
      vertex 5.00984 6.30011 2
      vertex 5.03918 5.85236 2
      vertex 5.03918 6.44764 2
    endloop
  endfacet
  facet normal 0 0 1
    outer loop
      vertex 5.00984 6.30011 2
      vertex 5.00984 5.99989 2
      vertex 5.03918 5.85236 2
    endloop
  endfacet
  facet normal 0 -0 1
    outer loop
      vertex 5.00984 5.99989 2
      vertex 5.00984 6.30011 2
      vertex 5 6.15 2
    endloop
  endfacet
  facet normal 0.980792 0.195055 0
    outer loop
      vertex 5.03918 5.85236 5
      vertex 5.00984 5.99989 2
      vertex 5.00984 5.99989 5
    endloop
  endfacet
  facet normal 0.980792 0.195055 0
    outer loop
      vertex 5.00984 5.99989 2
      vertex 5.03918 5.85236 5
      vertex 5.03918 5.85236 2
    endloop
  endfacet
  facet normal 0.195055 0.980792 -0
    outer loop
      vertex 5.99989 5.00984 2
      vertex 5.85236 5.03918 5
      vertex 5.99989 5.00984 5
    endloop
  endfacet
  facet normal 0.195055 0.980792 0
    outer loop
      vertex 5.85236 5.03918 5
      vertex 5.99989 5.00984 2
      vertex 5.85236 5.03918 2
    endloop
  endfacet
  facet normal 0.0654115 0.997858 -0
    outer loop
      vertex 6.15 5 2
      vertex 5.99989 5.00984 5
      vertex 6.15 5 5
    endloop
  endfacet
  facet normal 0.0654115 0.997858 0
    outer loop
      vertex 5.99989 5.00984 5
      vertex 6.15 5 2
      vertex 5.99989 5.00984 2
    endloop
  endfacet
  facet normal -0.831528 -0.555482 0
    outer loop
      vertex 7.14593 55.725 2
      vertex 7.06236 55.8501 5
      vertex 7.06236 55.8501 2
    endloop
  endfacet
  facet normal -0.831528 -0.555482 0
    outer loop
      vertex 7.06236 55.8501 5
      vertex 7.14593 55.725 2
      vertex 7.14593 55.725 5
    endloop
  endfacet
  facet normal -0.195439 -0.980716 0
    outer loop
      vertex 6.30011 56.2902 2
      vertex 6.44764 56.2608 5
      vertex 6.30011 56.2902 5
    endloop
  endfacet
  facet normal -0.195439 -0.980716 -0
    outer loop
      vertex 6.44764 56.2608 5
      vertex 6.30011 56.2902 2
      vertex 6.44764 56.2608 2
    endloop
  endfacet
  facet normal -0.32111 -0.947042 0
    outer loop
      vertex 6.44764 56.2608 2
      vertex 6.59009 56.2125 5
      vertex 6.44764 56.2608 5
    endloop
  endfacet
  facet normal -0.32111 -0.947042 -0
    outer loop
      vertex 6.59009 56.2125 5
      vertex 6.44764 56.2608 2
      vertex 6.59009 56.2125 2
    endloop
  endfacet
  facet normal 0.32111 -0.947042 0
    outer loop
      vertex 5.70991 56.2125 2
      vertex 5.85236 56.2608 5
      vertex 5.70991 56.2125 5
    endloop
  endfacet
  facet normal 0.32111 -0.947042 0
    outer loop
      vertex 5.85236 56.2608 5
      vertex 5.70991 56.2125 2
      vertex 5.85236 56.2608 2
    endloop
  endfacet
  facet normal 0.89686 -0.442314 0
    outer loop
      vertex 5.08754 55.5901 5
      vertex 5.15407 55.725 2
      vertex 5.15407 55.725 5
    endloop
  endfacet
  facet normal 0.89686 -0.442314 0
    outer loop
      vertex 5.15407 55.725 2
      vertex 5.08754 55.5901 5
      vertex 5.08754 55.5901 2
    endloop
  endfacet
  facet normal -0.555253 -0.831682 0
    outer loop
      vertex 6.725 56.1459 2
      vertex 6.85007 56.0624 5
      vertex 6.725 56.1459 5
    endloop
  endfacet
  facet normal -0.555253 -0.831682 -0
    outer loop
      vertex 6.85007 56.0624 5
      vertex 6.725 56.1459 2
      vertex 6.85007 56.0624 2
    endloop
  endfacet
  facet normal 0.751827 -0.659361 0
    outer loop
      vertex 5.23764 55.8501 5
      vertex 5.33683 55.9632 2
      vertex 5.33683 55.9632 5
    endloop
  endfacet
  facet normal 0.751827 -0.659361 0
    outer loop
      vertex 5.33683 55.9632 2
      vertex 5.23764 55.8501 5
      vertex 5.23764 55.8501 2
    endloop
  endfacet
  facet normal 0.195439 -0.980716 0
    outer loop
      vertex 5.85236 56.2608 2
      vertex 5.99989 56.2902 5
      vertex 5.85236 56.2608 5
    endloop
  endfacet
  facet normal 0.195439 -0.980716 0
    outer loop
      vertex 5.99989 56.2902 5
      vertex 5.85236 56.2608 2
      vertex 5.99989 56.2902 2
    endloop
  endfacet
  facet normal 0.659431 -0.751765 0
    outer loop
      vertex 5.33683 55.9632 2
      vertex 5.44992 56.0624 5
      vertex 5.33683 55.9632 5
    endloop
  endfacet
  facet normal 0.659431 -0.751765 0
    outer loop
      vertex 5.44992 56.0624 5
      vertex 5.33683 55.9632 2
      vertex 5.44992 56.0624 2
    endloop
  endfacet
  facet normal -0.946975 0.321307 0
    outer loop
      vertex 7.21246 54.7099 2
      vertex 7.26081 54.8524 5
      vertex 7.26081 54.8524 2
    endloop
  endfacet
  facet normal -0.946975 0.321307 0
    outer loop
      vertex 7.26081 54.8524 5
      vertex 7.21246 54.7099 2
      vertex 7.21246 54.7099 5
    endloop
  endfacet
  facet normal 0.659431 0.751765 -0
    outer loop
      vertex 5.44992 54.2376 2
      vertex 5.33683 54.3368 5
      vertex 5.44992 54.2376 5
    endloop
  endfacet
  facet normal 0.659431 0.751765 0
    outer loop
      vertex 5.33683 54.3368 5
      vertex 5.44992 54.2376 2
      vertex 5.33683 54.3368 2
    endloop
  endfacet
  facet normal 0.89686 0.442314 0
    outer loop
      vertex 5.15407 54.575 5
      vertex 5.08754 54.7099 2
      vertex 5.08754 54.7099 5
    endloop
  endfacet
  facet normal 0.89686 0.442314 0
    outer loop
      vertex 5.08754 54.7099 2
      vertex 5.15407 54.575 5
      vertex 5.15407 54.575 2
    endloop
  endfacet
  facet normal -0.555253 0.831682 0
    outer loop
      vertex 6.85007 54.2376 2
      vertex 6.725 54.1541 5
      vertex 6.85007 54.2376 5
    endloop
  endfacet
  facet normal -0.555253 0.831682 0
    outer loop
      vertex 6.725 54.1541 5
      vertex 6.85007 54.2376 2
      vertex 6.725 54.1541 2
    endloop
  endfacet
  facet normal -0.659398 -0.751794 0
    outer loop
      vertex 6.85007 56.0624 2
      vertex 6.96317 55.9632 5
      vertex 6.85007 56.0624 5
    endloop
  endfacet
  facet normal -0.659398 -0.751794 -0
    outer loop
      vertex 6.96317 55.9632 5
      vertex 6.85007 56.0624 2
      vertex 6.96317 55.9632 2
    endloop
  endfacet
  facet normal -0.751827 -0.659361 0
    outer loop
      vertex 7.06236 55.8501 2
      vertex 6.96317 55.9632 5
      vertex 6.96317 55.9632 2
    endloop
  endfacet
  facet normal -0.751827 -0.659361 0
    outer loop
      vertex 6.96317 55.9632 5
      vertex 7.06236 55.8501 2
      vertex 7.06236 55.8501 5
    endloop
  endfacet
  facet normal 0.0651468 -0.997876 0
    outer loop
      vertex 5.99989 56.2902 2
      vertex 6.15 56.3 5
      vertex 5.99989 56.2902 5
    endloop
  endfacet
  facet normal 0.0651468 -0.997876 0
    outer loop
      vertex 6.15 56.3 5
      vertex 5.99989 56.2902 2
      vertex 6.15 56.3 2
    endloop
  endfacet
  facet normal -0.442662 -0.896689 0
    outer loop
      vertex 6.59009 56.2125 2
      vertex 6.725 56.1459 5
      vertex 6.59009 56.2125 5
    endloop
  endfacet
  facet normal -0.442662 -0.896689 -0
    outer loop
      vertex 6.725 56.1459 5
      vertex 6.59009 56.2125 2
      vertex 6.725 56.1459 2
    endloop
  endfacet
  facet normal 0.997858 -0.0654159 0
    outer loop
      vertex 5 55.15 5
      vertex 5.00984 55.3001 2
      vertex 5.00984 55.3001 5
    endloop
  endfacet
  facet normal 0.997858 -0.0654159 0
    outer loop
      vertex 5.00984 55.3001 2
      vertex 5 55.15 5
      vertex 5 55.15 2
    endloop
  endfacet
  facet normal 0.946955 -0.321367 0
    outer loop
      vertex 5.03918 55.4476 5
      vertex 5.08754 55.5901 2
      vertex 5.08754 55.5901 5
    endloop
  endfacet
  facet normal 0.946955 -0.321367 0
    outer loop
      vertex 5.08754 55.5901 2
      vertex 5.03918 55.4476 5
      vertex 5.03918 55.4476 2
    endloop
  endfacet
  facet normal 0.831528 -0.555482 0
    outer loop
      vertex 5.15407 55.725 5
      vertex 5.23764 55.8501 2
      vertex 5.23764 55.8501 5
    endloop
  endfacet
  facet normal 0.831528 -0.555482 0
    outer loop
      vertex 5.23764 55.8501 2
      vertex 5.15407 55.725 5
      vertex 5.15407 55.725 2
    endloop
  endfacet
  facet normal 0.555222 -0.831702 0
    outer loop
      vertex 5.44992 56.0624 2
      vertex 5.575 56.1459 5
      vertex 5.44992 56.0624 5
    endloop
  endfacet
  facet normal 0.555222 -0.831702 0
    outer loop
      vertex 5.575 56.1459 5
      vertex 5.44992 56.0624 2
      vertex 5.575 56.1459 2
    endloop
  endfacet
  facet normal 0.442662 -0.896689 0
    outer loop
      vertex 5.575 56.1459 2
      vertex 5.70991 56.2125 5
      vertex 5.575 56.1459 5
    endloop
  endfacet
  facet normal 0.442662 -0.896689 0
    outer loop
      vertex 5.70991 56.2125 5
      vertex 5.575 56.1459 2
      vertex 5.70991 56.2125 2
    endloop
  endfacet
  facet normal -0.997858 -0.0654159 0
    outer loop
      vertex 7.3 55.15 2
      vertex 7.29016 55.3001 5
      vertex 7.29016 55.3001 2
    endloop
  endfacet
  facet normal -0.997858 -0.0654159 0
    outer loop
      vertex 7.29016 55.3001 5
      vertex 7.3 55.15 2
      vertex 7.3 55.15 5
    endloop
  endfacet
  facet normal -0.997858 0.0654159 0
    outer loop
      vertex 7.29016 54.9999 2
      vertex 7.3 55.15 5
      vertex 7.3 55.15 2
    endloop
  endfacet
  facet normal -0.997858 0.0654159 0
    outer loop
      vertex 7.3 55.15 5
      vertex 7.29016 54.9999 2
      vertex 7.29016 54.9999 5
    endloop
  endfacet
  facet normal -0.980772 0.195157 0
    outer loop
      vertex 7.26081 54.8524 2
      vertex 7.29016 54.9999 5
      vertex 7.29016 54.9999 2
    endloop
  endfacet
  facet normal -0.980772 0.195157 0
    outer loop
      vertex 7.29016 54.9999 5
      vertex 7.26081 54.8524 2
      vertex 7.26081 54.8524 5
    endloop
  endfacet
  facet normal -0.831528 0.555482 0
    outer loop
      vertex 7.06236 54.4499 2
      vertex 7.14593 54.575 5
      vertex 7.14593 54.575 2
    endloop
  endfacet
  facet normal -0.831528 0.555482 0
    outer loop
      vertex 7.14593 54.575 5
      vertex 7.06236 54.4499 2
      vertex 7.06236 54.4499 5
    endloop
  endfacet
  facet normal 0.831528 0.555482 0
    outer loop
      vertex 5.23764 54.4499 5
      vertex 5.15407 54.575 2
      vertex 5.15407 54.575 5
    endloop
  endfacet
  facet normal 0.831528 0.555482 0
    outer loop
      vertex 5.15407 54.575 2
      vertex 5.23764 54.4499 5
      vertex 5.23764 54.4499 2
    endloop
  endfacet
  facet normal -0.195439 0.980716 0
    outer loop
      vertex 6.44764 54.0392 2
      vertex 6.30011 54.0098 5
      vertex 6.44764 54.0392 5
    endloop
  endfacet
  facet normal -0.195439 0.980716 0
    outer loop
      vertex 6.30011 54.0098 5
      vertex 6.44764 54.0392 2
      vertex 6.30011 54.0098 2
    endloop
  endfacet
  facet normal -0.89686 -0.442314 0
    outer loop
      vertex 7.21246 55.5901 2
      vertex 7.14593 55.725 5
      vertex 7.14593 55.725 2
    endloop
  endfacet
  facet normal -0.89686 -0.442314 0
    outer loop
      vertex 7.14593 55.725 5
      vertex 7.21246 55.5901 2
      vertex 7.21246 55.5901 5
    endloop
  endfacet
  facet normal -0.946975 -0.321307 0
    outer loop
      vertex 7.26081 55.4476 2
      vertex 7.21246 55.5901 5
      vertex 7.21246 55.5901 2
    endloop
  endfacet
  facet normal -0.946975 -0.321307 0
    outer loop
      vertex 7.21246 55.5901 5
      vertex 7.26081 55.4476 2
      vertex 7.26081 55.4476 5
    endloop
  endfacet
  facet normal -0.980772 -0.195157 0
    outer loop
      vertex 7.29016 55.3001 2
      vertex 7.26081 55.4476 5
      vertex 7.26081 55.4476 2
    endloop
  endfacet
  facet normal -0.980772 -0.195157 0
    outer loop
      vertex 7.26081 55.4476 5
      vertex 7.29016 55.3001 2
      vertex 7.29016 55.3001 5
    endloop
  endfacet
  facet normal -0.0651468 -0.997876 0
    outer loop
      vertex 6.15 56.3 2
      vertex 6.30011 56.2902 5
      vertex 6.15 56.3 5
    endloop
  endfacet
  facet normal -0.0651468 -0.997876 -0
    outer loop
      vertex 6.30011 56.2902 5
      vertex 6.15 56.3 2
      vertex 6.30011 56.2902 2
    endloop
  endfacet
  facet normal 0.980785 -0.195093 0
    outer loop
      vertex 5.00984 55.3001 5
      vertex 5.03918 55.4476 2
      vertex 5.03918 55.4476 5
    endloop
  endfacet
  facet normal 0.980785 -0.195093 0
    outer loop
      vertex 5.03918 55.4476 2
      vertex 5.00984 55.3001 5
      vertex 5.00984 55.3001 2
    endloop
  endfacet
  facet normal -0.89686 0.442314 0
    outer loop
      vertex 7.14593 54.575 2
      vertex 7.21246 54.7099 5
      vertex 7.21246 54.7099 2
    endloop
  endfacet
  facet normal -0.89686 0.442314 0
    outer loop
      vertex 7.21246 54.7099 5
      vertex 7.14593 54.575 2
      vertex 7.14593 54.575 5
    endloop
  endfacet
  facet normal 0.997858 0.0654159 0
    outer loop
      vertex 5.00984 54.9999 5
      vertex 5 55.15 2
      vertex 5 55.15 5
    endloop
  endfacet
  facet normal 0.997858 0.0654159 0
    outer loop
      vertex 5 55.15 2
      vertex 5.00984 54.9999 5
      vertex 5.00984 54.9999 2
    endloop
  endfacet
  facet normal 0.946955 0.321367 0
    outer loop
      vertex 5.08754 54.7099 5
      vertex 5.03918 54.8524 2
      vertex 5.03918 54.8524 5
    endloop
  endfacet
  facet normal 0.946955 0.321367 0
    outer loop
      vertex 5.03918 54.8524 2
      vertex 5.08754 54.7099 5
      vertex 5.08754 54.7099 2
    endloop
  endfacet
  facet normal 0.751827 0.659361 0
    outer loop
      vertex 5.33683 54.3368 5
      vertex 5.23764 54.4499 2
      vertex 5.23764 54.4499 5
    endloop
  endfacet
  facet normal 0.751827 0.659361 0
    outer loop
      vertex 5.23764 54.4499 2
      vertex 5.33683 54.3368 5
      vertex 5.33683 54.3368 2
    endloop
  endfacet
  facet normal -0.442662 0.896689 0
    outer loop
      vertex 6.725 54.1541 2
      vertex 6.59009 54.0875 5
      vertex 6.725 54.1541 5
    endloop
  endfacet
  facet normal -0.442662 0.896689 0
    outer loop
      vertex 6.59009 54.0875 5
      vertex 6.725 54.1541 2
      vertex 6.59009 54.0875 2
    endloop
  endfacet
  facet normal -0.32111 0.947042 0
    outer loop
      vertex 6.59009 54.0875 2
      vertex 6.44764 54.0392 5
      vertex 6.59009 54.0875 5
    endloop
  endfacet
  facet normal -0.32111 0.947042 0
    outer loop
      vertex 6.44764 54.0392 5
      vertex 6.59009 54.0875 2
      vertex 6.44764 54.0392 2
    endloop
  endfacet
  facet normal -0.751827 0.659361 0
    outer loop
      vertex 6.96317 54.3368 2
      vertex 7.06236 54.4499 5
      vertex 7.06236 54.4499 2
    endloop
  endfacet
  facet normal -0.751827 0.659361 0
    outer loop
      vertex 7.06236 54.4499 5
      vertex 6.96317 54.3368 2
      vertex 6.96317 54.3368 5
    endloop
  endfacet
  facet normal -0.0651468 0.997876 0
    outer loop
      vertex 6.30011 54.0098 2
      vertex 6.15 54 5
      vertex 6.30011 54.0098 5
    endloop
  endfacet
  facet normal -0.0651468 0.997876 0
    outer loop
      vertex 6.15 54 5
      vertex 6.30011 54.0098 2
      vertex 6.15 54 2
    endloop
  endfacet
  facet normal 0.442662 0.896689 -0
    outer loop
      vertex 5.70991 54.0875 2
      vertex 5.575 54.1541 5
      vertex 5.70991 54.0875 5
    endloop
  endfacet
  facet normal 0.442662 0.896689 0
    outer loop
      vertex 5.575 54.1541 5
      vertex 5.70991 54.0875 2
      vertex 5.575 54.1541 2
    endloop
  endfacet
  facet normal 0.32111 0.947042 -0
    outer loop
      vertex 5.85236 54.0392 2
      vertex 5.70991 54.0875 5
      vertex 5.85236 54.0392 5
    endloop
  endfacet
  facet normal 0.32111 0.947042 0
    outer loop
      vertex 5.70991 54.0875 5
      vertex 5.85236 54.0392 2
      vertex 5.70991 54.0875 2
    endloop
  endfacet
  facet normal 0 0 1
    outer loop
      vertex 7.29016 55.3001 2
      vertex 7.29016 54.9999 2
      vertex 7.3 55.15 2
    endloop
  endfacet
  facet normal 0 0 1
    outer loop
      vertex 7.26081 55.4476 2
      vertex 7.29016 54.9999 2
      vertex 7.29016 55.3001 2
    endloop
  endfacet
  facet normal 0 0 1
    outer loop
      vertex 7.26081 55.4476 2
      vertex 7.26081 54.8524 2
      vertex 7.29016 54.9999 2
    endloop
  endfacet
  facet normal 0 0 1
    outer loop
      vertex 7.21246 55.5901 2
      vertex 7.26081 54.8524 2
      vertex 7.26081 55.4476 2
    endloop
  endfacet
  facet normal 0 0 1
    outer loop
      vertex 7.21246 55.5901 2
      vertex 7.21246 54.7099 2
      vertex 7.26081 54.8524 2
    endloop
  endfacet
  facet normal 0 0 1
    outer loop
      vertex 7.14593 55.725 2
      vertex 7.21246 54.7099 2
      vertex 7.21246 55.5901 2
    endloop
  endfacet
  facet normal 0 0 1
    outer loop
      vertex 7.14593 55.725 2
      vertex 7.14593 54.575 2
      vertex 7.21246 54.7099 2
    endloop
  endfacet
  facet normal 0 0 1
    outer loop
      vertex 7.06236 55.8501 2
      vertex 7.14593 54.575 2
      vertex 7.14593 55.725 2
    endloop
  endfacet
  facet normal 0 0 1
    outer loop
      vertex 7.06236 55.8501 2
      vertex 7.06236 54.4499 2
      vertex 7.14593 54.575 2
    endloop
  endfacet
  facet normal 0 0 1
    outer loop
      vertex 6.96317 55.9632 2
      vertex 7.06236 54.4499 2
      vertex 7.06236 55.8501 2
    endloop
  endfacet
  facet normal 0 0 1
    outer loop
      vertex 6.96317 55.9632 2
      vertex 6.96317 54.3368 2
      vertex 7.06236 54.4499 2
    endloop
  endfacet
  facet normal 0 0 1
    outer loop
      vertex 6.85007 56.0624 2
      vertex 6.96317 54.3368 2
      vertex 6.96317 55.9632 2
    endloop
  endfacet
  facet normal 0 0 1
    outer loop
      vertex 6.85007 56.0624 2
      vertex 6.85007 54.2376 2
      vertex 6.96317 54.3368 2
    endloop
  endfacet
  facet normal 0 0 1
    outer loop
      vertex 6.725 56.1459 2
      vertex 6.85007 54.2376 2
      vertex 6.85007 56.0624 2
    endloop
  endfacet
  facet normal 0 0 1
    outer loop
      vertex 6.725 56.1459 2
      vertex 6.725 54.1541 2
      vertex 6.85007 54.2376 2
    endloop
  endfacet
  facet normal 0 0 1
    outer loop
      vertex 6.59009 56.2125 2
      vertex 6.725 54.1541 2
      vertex 6.725 56.1459 2
    endloop
  endfacet
  facet normal 0 0 1
    outer loop
      vertex 6.59009 56.2125 2
      vertex 6.59009 54.0875 2
      vertex 6.725 54.1541 2
    endloop
  endfacet
  facet normal 0 0 1
    outer loop
      vertex 6.44764 56.2608 2
      vertex 6.59009 54.0875 2
      vertex 6.59009 56.2125 2
    endloop
  endfacet
  facet normal 0 0 1
    outer loop
      vertex 6.44764 56.2608 2
      vertex 6.44764 54.0392 2
      vertex 6.59009 54.0875 2
    endloop
  endfacet
  facet normal 0 0 1
    outer loop
      vertex 6.30011 56.2902 2
      vertex 6.44764 54.0392 2
      vertex 6.44764 56.2608 2
    endloop
  endfacet
  facet normal 0 0 1
    outer loop
      vertex 6.30011 56.2902 2
      vertex 6.30011 54.0098 2
      vertex 6.44764 54.0392 2
    endloop
  endfacet
  facet normal 0 0 1
    outer loop
      vertex 6.15 56.3 2
      vertex 6.30011 54.0098 2
      vertex 6.30011 56.2902 2
    endloop
  endfacet
  facet normal 0 0 1
    outer loop
      vertex 6.15 56.3 2
      vertex 6.15 54 2
      vertex 6.30011 54.0098 2
    endloop
  endfacet
  facet normal -0 0 1
    outer loop
      vertex 5.99989 56.2902 2
      vertex 6.15 54 2
      vertex 6.15 56.3 2
    endloop
  endfacet
  facet normal 0 0 1
    outer loop
      vertex 5.99989 56.2902 2
      vertex 5.99989 54.0098 2
      vertex 6.15 54 2
    endloop
  endfacet
  facet normal -0 0 1
    outer loop
      vertex 5.85236 56.2608 2
      vertex 5.99989 54.0098 2
      vertex 5.99989 56.2902 2
    endloop
  endfacet
  facet normal 0 0 1
    outer loop
      vertex 5.85236 56.2608 2
      vertex 5.85236 54.0392 2
      vertex 5.99989 54.0098 2
    endloop
  endfacet
  facet normal -0 0 1
    outer loop
      vertex 5.70991 56.2125 2
      vertex 5.85236 54.0392 2
      vertex 5.85236 56.2608 2
    endloop
  endfacet
  facet normal 0 0 1
    outer loop
      vertex 5.70991 56.2125 2
      vertex 5.70991 54.0875 2
      vertex 5.85236 54.0392 2
    endloop
  endfacet
  facet normal -0 0 1
    outer loop
      vertex 5.575 56.1459 2
      vertex 5.70991 54.0875 2
      vertex 5.70991 56.2125 2
    endloop
  endfacet
  facet normal 0 0 1
    outer loop
      vertex 5.575 56.1459 2
      vertex 5.575 54.1541 2
      vertex 5.70991 54.0875 2
    endloop
  endfacet
  facet normal -0 0 1
    outer loop
      vertex 5.44992 56.0624 2
      vertex 5.575 54.1541 2
      vertex 5.575 56.1459 2
    endloop
  endfacet
  facet normal 0 0 1
    outer loop
      vertex 5.44992 56.0624 2
      vertex 5.44992 54.2376 2
      vertex 5.575 54.1541 2
    endloop
  endfacet
  facet normal -0 0 1
    outer loop
      vertex 5.33683 55.9632 2
      vertex 5.44992 54.2376 2
      vertex 5.44992 56.0624 2
    endloop
  endfacet
  facet normal 0 0 1
    outer loop
      vertex 5.33683 55.9632 2
      vertex 5.33683 54.3368 2
      vertex 5.44992 54.2376 2
    endloop
  endfacet
  facet normal -0 0 1
    outer loop
      vertex 5.23764 55.8501 2
      vertex 5.33683 54.3368 2
      vertex 5.33683 55.9632 2
    endloop
  endfacet
  facet normal 0 0 1
    outer loop
      vertex 5.23764 55.8501 2
      vertex 5.23764 54.4499 2
      vertex 5.33683 54.3368 2
    endloop
  endfacet
  facet normal -0 0 1
    outer loop
      vertex 5.15407 55.725 2
      vertex 5.23764 54.4499 2
      vertex 5.23764 55.8501 2
    endloop
  endfacet
  facet normal 0 0 1
    outer loop
      vertex 5.15407 55.725 2
      vertex 5.15407 54.575 2
      vertex 5.23764 54.4499 2
    endloop
  endfacet
  facet normal -0 0 1
    outer loop
      vertex 5.08754 55.5901 2
      vertex 5.15407 54.575 2
      vertex 5.15407 55.725 2
    endloop
  endfacet
  facet normal 0 0 1
    outer loop
      vertex 5.08754 55.5901 2
      vertex 5.08754 54.7099 2
      vertex 5.15407 54.575 2
    endloop
  endfacet
  facet normal -0 0 1
    outer loop
      vertex 5.03918 55.4476 2
      vertex 5.08754 54.7099 2
      vertex 5.08754 55.5901 2
    endloop
  endfacet
  facet normal 0 0 1
    outer loop
      vertex 5.03918 55.4476 2
      vertex 5.03918 54.8524 2
      vertex 5.08754 54.7099 2
    endloop
  endfacet
  facet normal -0 0 1
    outer loop
      vertex 5.00984 55.3001 2
      vertex 5.03918 54.8524 2
      vertex 5.03918 55.4476 2
    endloop
  endfacet
  facet normal 0 0 1
    outer loop
      vertex 5.00984 55.3001 2
      vertex 5.00984 54.9999 2
      vertex 5.03918 54.8524 2
    endloop
  endfacet
  facet normal 0 -0 1
    outer loop
      vertex 5.00984 54.9999 2
      vertex 5.00984 55.3001 2
      vertex 5 55.15 2
    endloop
  endfacet
  facet normal 0.980785 0.195093 0
    outer loop
      vertex 5.03918 54.8524 5
      vertex 5.00984 54.9999 2
      vertex 5.00984 54.9999 5
    endloop
  endfacet
  facet normal 0.980785 0.195093 0
    outer loop
      vertex 5.00984 54.9999 2
      vertex 5.03918 54.8524 5
      vertex 5.03918 54.8524 2
    endloop
  endfacet
  facet normal -0.659398 0.751794 0
    outer loop
      vertex 6.96317 54.3368 2
      vertex 6.85007 54.2376 5
      vertex 6.96317 54.3368 5
    endloop
  endfacet
  facet normal -0.659398 0.751794 0
    outer loop
      vertex 6.85007 54.2376 5
      vertex 6.96317 54.3368 2
      vertex 6.85007 54.2376 2
    endloop
  endfacet
  facet normal 0.555222 0.831702 -0
    outer loop
      vertex 5.575 54.1541 2
      vertex 5.44992 54.2376 5
      vertex 5.575 54.1541 5
    endloop
  endfacet
  facet normal 0.555222 0.831702 0
    outer loop
      vertex 5.44992 54.2376 5
      vertex 5.575 54.1541 2
      vertex 5.44992 54.2376 2
    endloop
  endfacet
  facet normal 0.195439 0.980716 -0
    outer loop
      vertex 5.99989 54.0098 2
      vertex 5.85236 54.0392 5
      vertex 5.99989 54.0098 5
    endloop
  endfacet
  facet normal 0.195439 0.980716 0
    outer loop
      vertex 5.85236 54.0392 5
      vertex 5.99989 54.0098 2
      vertex 5.85236 54.0392 2
    endloop
  endfacet
  facet normal 0.0651468 0.997876 -0
    outer loop
      vertex 6.15 54 2
      vertex 5.99989 54.0098 5
      vertex 6.15 54 5
    endloop
  endfacet
  facet normal 0.0651468 0.997876 0
    outer loop
      vertex 5.99989 54.0098 5
      vertex 6.15 54 2
      vertex 5.99989 54.0098 2
    endloop
  endfacet
  facet normal -0.997876 -0.0651468 0
    outer loop
      vertex 65.3 6.15 2
      vertex 65.2902 6.30011 5
      vertex 65.2902 6.30011 2
    endloop
  endfacet
  facet normal -0.997876 -0.0651468 0
    outer loop
      vertex 65.2902 6.30011 5
      vertex 65.3 6.15 2
      vertex 65.3 6.15 5
    endloop
  endfacet
  facet normal 0.997876 -0.0651468 0
    outer loop
      vertex 63 6.15 5
      vertex 63.0098 6.30011 2
      vertex 63.0098 6.30011 5
    endloop
  endfacet
  facet normal 0.997876 -0.0651468 0
    outer loop
      vertex 63.0098 6.30011 2
      vertex 63 6.15 5
      vertex 63 6.15 2
    endloop
  endfacet
  facet normal 0.0654159 -0.997858 0
    outer loop
      vertex 63.9999 7.29016 2
      vertex 64.15 7.3 5
      vertex 63.9999 7.29016 5
    endloop
  endfacet
  facet normal 0.0654159 -0.997858 0
    outer loop
      vertex 64.15 7.3 5
      vertex 63.9999 7.29016 2
      vertex 64.15 7.3 2
    endloop
  endfacet
  facet normal -0.659361 -0.751827 0
    outer loop
      vertex 64.8501 7.06236 2
      vertex 64.9632 6.96317 5
      vertex 64.8501 7.06236 5
    endloop
  endfacet
  facet normal -0.659361 -0.751827 -0
    outer loop
      vertex 64.9632 6.96317 5
      vertex 64.8501 7.06236 2
      vertex 64.9632 6.96317 2
    endloop
  endfacet
  facet normal 0.659361 -0.751827 0
    outer loop
      vertex 63.3368 6.96317 2
      vertex 63.4499 7.06236 5
      vertex 63.3368 6.96317 5
    endloop
  endfacet
  facet normal 0.659361 -0.751827 0
    outer loop
      vertex 63.4499 7.06236 5
      vertex 63.3368 6.96317 2
      vertex 63.4499 7.06236 2
    endloop
  endfacet
  facet normal 0.321307 -0.946975 0
    outer loop
      vertex 63.7099 7.21246 2
      vertex 63.8524 7.26081 5
      vertex 63.7099 7.21246 5
    endloop
  endfacet
  facet normal 0.321307 -0.946975 0
    outer loop
      vertex 63.8524 7.26081 5
      vertex 63.7099 7.21246 2
      vertex 63.8524 7.26081 2
    endloop
  endfacet
  facet normal -0.831702 0.555222 0
    outer loop
      vertex 65.0624 5.44992 2
      vertex 65.1459 5.575 5
      vertex 65.1459 5.575 2
    endloop
  endfacet
  facet normal -0.831702 0.555222 0
    outer loop
      vertex 65.1459 5.575 5
      vertex 65.0624 5.44992 2
      vertex 65.0624 5.44992 5
    endloop
  endfacet
  facet normal -0.896689 -0.442662 0
    outer loop
      vertex 65.2125 6.59009 2
      vertex 65.1459 6.725 5
      vertex 65.1459 6.725 2
    endloop
  endfacet
  facet normal -0.896689 -0.442662 0
    outer loop
      vertex 65.1459 6.725 5
      vertex 65.2125 6.59009 2
      vertex 65.2125 6.59009 5
    endloop
  endfacet
  facet normal -0.980716 -0.195439 0
    outer loop
      vertex 65.2902 6.30011 2
      vertex 65.2608 6.44764 5
      vertex 65.2608 6.44764 2
    endloop
  endfacet
  facet normal -0.980716 -0.195439 0
    outer loop
      vertex 65.2608 6.44764 5
      vertex 65.2902 6.30011 2
      vertex 65.2902 6.30011 5
    endloop
  endfacet
  facet normal -0.831682 -0.555253 0
    outer loop
      vertex 65.1459 6.725 2
      vertex 65.0624 6.85007 5
      vertex 65.0624 6.85007 2
    endloop
  endfacet
  facet normal -0.831682 -0.555253 0
    outer loop
      vertex 65.0624 6.85007 5
      vertex 65.1459 6.725 2
      vertex 65.1459 6.725 5
    endloop
  endfacet
  facet normal -0.321307 -0.946975 0
    outer loop
      vertex 64.4476 7.26081 2
      vertex 64.5901 7.21246 5
      vertex 64.4476 7.26081 5
    endloop
  endfacet
  facet normal -0.321307 -0.946975 -0
    outer loop
      vertex 64.5901 7.21246 5
      vertex 64.4476 7.26081 2
      vertex 64.5901 7.21246 2
    endloop
  endfacet
  facet normal -0.195157 -0.980772 0
    outer loop
      vertex 64.3001 7.29016 2
      vertex 64.4476 7.26081 5
      vertex 64.3001 7.29016 5
    endloop
  endfacet
  facet normal -0.195157 -0.980772 -0
    outer loop
      vertex 64.4476 7.26081 5
      vertex 64.3001 7.29016 2
      vertex 64.4476 7.26081 2
    endloop
  endfacet
  facet normal -0.555482 -0.831528 0
    outer loop
      vertex 64.725 7.14593 2
      vertex 64.8501 7.06236 5
      vertex 64.725 7.14593 5
    endloop
  endfacet
  facet normal -0.555482 -0.831528 -0
    outer loop
      vertex 64.8501 7.06236 5
      vertex 64.725 7.14593 2
      vertex 64.8501 7.06236 2
    endloop
  endfacet
  facet normal 0.896689 -0.442662 0
    outer loop
      vertex 63.0875 6.59009 5
      vertex 63.1541 6.725 2
      vertex 63.1541 6.725 5
    endloop
  endfacet
  facet normal 0.896689 -0.442662 0
    outer loop
      vertex 63.1541 6.725 2
      vertex 63.0875 6.59009 5
      vertex 63.0875 6.59009 2
    endloop
  endfacet
  facet normal 0.831682 -0.555253 0
    outer loop
      vertex 63.1541 6.725 5
      vertex 63.2376 6.85007 2
      vertex 63.2376 6.85007 5
    endloop
  endfacet
  facet normal 0.831682 -0.555253 0
    outer loop
      vertex 63.2376 6.85007 2
      vertex 63.1541 6.725 5
      vertex 63.1541 6.725 2
    endloop
  endfacet
  facet normal 0.947042 -0.32111 0
    outer loop
      vertex 63.0392 6.44764 5
      vertex 63.0875 6.59009 2
      vertex 63.0875 6.59009 5
    endloop
  endfacet
  facet normal 0.947042 -0.32111 0
    outer loop
      vertex 63.0875 6.59009 2
      vertex 63.0392 6.44764 5
      vertex 63.0392 6.44764 2
    endloop
  endfacet
  facet normal 0.555482 -0.831528 0
    outer loop
      vertex 63.4499 7.06236 2
      vertex 63.575 7.14593 5
      vertex 63.4499 7.06236 5
    endloop
  endfacet
  facet normal 0.555482 -0.831528 0
    outer loop
      vertex 63.575 7.14593 5
      vertex 63.4499 7.06236 2
      vertex 63.575 7.14593 2
    endloop
  endfacet
  facet normal 0.195157 -0.980772 0
    outer loop
      vertex 63.8524 7.26081 2
      vertex 63.9999 7.29016 5
      vertex 63.8524 7.26081 5
    endloop
  endfacet
  facet normal 0.195157 -0.980772 0
    outer loop
      vertex 63.9999 7.29016 5
      vertex 63.8524 7.26081 2
      vertex 63.9999 7.29016 2
    endloop
  endfacet
  facet normal -0.195093 0.980785 0
    outer loop
      vertex 64.4476 5.03918 2
      vertex 64.3001 5.00984 5
      vertex 64.4476 5.03918 5
    endloop
  endfacet
  facet normal -0.195093 0.980785 0
    outer loop
      vertex 64.3001 5.00984 5
      vertex 64.4476 5.03918 2
      vertex 64.3001 5.00984 2
    endloop
  endfacet
  facet normal -0.947042 -0.32111 0
    outer loop
      vertex 65.2608 6.44764 2
      vertex 65.2125 6.59009 5
      vertex 65.2125 6.59009 2
    endloop
  endfacet
  facet normal -0.947042 -0.32111 0
    outer loop
      vertex 65.2125 6.59009 5
      vertex 65.2608 6.44764 2
      vertex 65.2608 6.44764 5
    endloop
  endfacet
  facet normal -0.751794 -0.659398 0
    outer loop
      vertex 65.0624 6.85007 2
      vertex 64.9632 6.96317 5
      vertex 64.9632 6.96317 2
    endloop
  endfacet
  facet normal -0.751794 -0.659398 0
    outer loop
      vertex 64.9632 6.96317 5
      vertex 65.0624 6.85007 2
      vertex 65.0624 6.85007 5
    endloop
  endfacet
  facet normal -0.0654159 -0.997858 0
    outer loop
      vertex 64.15 7.3 2
      vertex 64.3001 7.29016 5
      vertex 64.15 7.3 5
    endloop
  endfacet
  facet normal -0.0654159 -0.997858 -0
    outer loop
      vertex 64.3001 7.29016 5
      vertex 64.15 7.3 2
      vertex 64.3001 7.29016 2
    endloop
  endfacet
  facet normal -0.997876 0.0651468 0
    outer loop
      vertex 65.2902 5.99989 2
      vertex 65.3 6.15 5
      vertex 65.3 6.15 2
    endloop
  endfacet
  facet normal -0.997876 0.0651468 0
    outer loop
      vertex 65.3 6.15 5
      vertex 65.2902 5.99989 2
      vertex 65.2902 5.99989 5
    endloop
  endfacet
  facet normal -0.980716 0.195439 0
    outer loop
      vertex 65.2608 5.85236 2
      vertex 65.2902 5.99989 5
      vertex 65.2902 5.99989 2
    endloop
  endfacet
  facet normal -0.980716 0.195439 0
    outer loop
      vertex 65.2902 5.99989 5
      vertex 65.2608 5.85236 2
      vertex 65.2608 5.85236 5
    endloop
  endfacet
  facet normal -0.947042 0.32111 0
    outer loop
      vertex 65.2125 5.70991 2
      vertex 65.2608 5.85236 5
      vertex 65.2608 5.85236 2
    endloop
  endfacet
  facet normal -0.947042 0.32111 0
    outer loop
      vertex 65.2608 5.85236 5
      vertex 65.2125 5.70991 2
      vertex 65.2125 5.70991 5
    endloop
  endfacet
  facet normal -0.896689 0.442662 0
    outer loop
      vertex 65.1459 5.575 2
      vertex 65.2125 5.70991 5
      vertex 65.2125 5.70991 2
    endloop
  endfacet
  facet normal -0.896689 0.442662 0
    outer loop
      vertex 65.2125 5.70991 5
      vertex 65.1459 5.575 2
      vertex 65.1459 5.575 5
    endloop
  endfacet
  facet normal 0.896689 0.442662 0
    outer loop
      vertex 63.1541 5.575 5
      vertex 63.0875 5.70991 2
      vertex 63.0875 5.70991 5
    endloop
  endfacet
  facet normal 0.896689 0.442662 0
    outer loop
      vertex 63.0875 5.70991 2
      vertex 63.1541 5.575 5
      vertex 63.1541 5.575 2
    endloop
  endfacet
  facet normal 0.947042 0.32111 0
    outer loop
      vertex 63.0875 5.70991 5
      vertex 63.0392 5.85236 2
      vertex 63.0392 5.85236 5
    endloop
  endfacet
  facet normal 0.947042 0.32111 0
    outer loop
      vertex 63.0392 5.85236 2
      vertex 63.0875 5.70991 5
      vertex 63.0875 5.70991 2
    endloop
  endfacet
  facet normal -0.751765 0.659431 0
    outer loop
      vertex 64.9632 5.33683 2
      vertex 65.0624 5.44992 5
      vertex 65.0624 5.44992 2
    endloop
  endfacet
  facet normal -0.751765 0.659431 0
    outer loop
      vertex 65.0624 5.44992 5
      vertex 64.9632 5.33683 2
      vertex 64.9632 5.33683 5
    endloop
  endfacet
  facet normal -0.442314 0.89686 0
    outer loop
      vertex 64.725 5.15407 2
      vertex 64.5901 5.08754 5
      vertex 64.725 5.15407 5
    endloop
  endfacet
  facet normal -0.442314 0.89686 0
    outer loop
      vertex 64.5901 5.08754 5
      vertex 64.725 5.15407 2
      vertex 64.5901 5.08754 2
    endloop
  endfacet
  facet normal -0.321367 0.946955 0
    outer loop
      vertex 64.5901 5.08754 2
      vertex 64.4476 5.03918 5
      vertex 64.5901 5.08754 5
    endloop
  endfacet
  facet normal -0.321367 0.946955 0
    outer loop
      vertex 64.4476 5.03918 5
      vertex 64.5901 5.08754 2
      vertex 64.4476 5.03918 2
    endloop
  endfacet
  facet normal -0.442314 -0.89686 0
    outer loop
      vertex 64.5901 7.21246 2
      vertex 64.725 7.14593 5
      vertex 64.5901 7.21246 5
    endloop
  endfacet
  facet normal -0.442314 -0.89686 -0
    outer loop
      vertex 64.725 7.14593 5
      vertex 64.5901 7.21246 2
      vertex 64.725 7.14593 2
    endloop
  endfacet
  facet normal 0.751794 -0.659398 0
    outer loop
      vertex 63.2376 6.85007 5
      vertex 63.3368 6.96317 2
      vertex 63.3368 6.96317 5
    endloop
  endfacet
  facet normal 0.751794 -0.659398 0
    outer loop
      vertex 63.3368 6.96317 2
      vertex 63.2376 6.85007 5
      vertex 63.2376 6.85007 2
    endloop
  endfacet
  facet normal 0.980716 -0.195439 0
    outer loop
      vertex 63.0098 6.30011 5
      vertex 63.0392 6.44764 2
      vertex 63.0392 6.44764 5
    endloop
  endfacet
  facet normal 0.980716 -0.195439 0
    outer loop
      vertex 63.0392 6.44764 2
      vertex 63.0098 6.30011 5
      vertex 63.0098 6.30011 2
    endloop
  endfacet
  facet normal 0.442314 -0.89686 0
    outer loop
      vertex 63.575 7.14593 2
      vertex 63.7099 7.21246 5
      vertex 63.575 7.14593 5
    endloop
  endfacet
  facet normal 0.442314 -0.89686 0
    outer loop
      vertex 63.7099 7.21246 5
      vertex 63.575 7.14593 2
      vertex 63.7099 7.21246 2
    endloop
  endfacet
  facet normal 0.0654159 0.997858 -0
    outer loop
      vertex 64.15 5 2
      vertex 63.9999 5.00984 5
      vertex 64.15 5 5
    endloop
  endfacet
  facet normal 0.0654159 0.997858 0
    outer loop
      vertex 63.9999 5.00984 5
      vertex 64.15 5 2
      vertex 63.9999 5.00984 2
    endloop
  endfacet
  facet normal 0.997876 0.0651468 0
    outer loop
      vertex 63.0098 5.99989 5
      vertex 63 6.15 2
      vertex 63 6.15 5
    endloop
  endfacet
  facet normal 0.997876 0.0651468 0
    outer loop
      vertex 63 6.15 2
      vertex 63.0098 5.99989 5
      vertex 63.0098 5.99989 2
    endloop
  endfacet
  facet normal -0.555482 0.831528 0
    outer loop
      vertex 64.8501 5.23764 2
      vertex 64.725 5.15407 5
      vertex 64.8501 5.23764 5
    endloop
  endfacet
  facet normal -0.555482 0.831528 0
    outer loop
      vertex 64.725 5.15407 5
      vertex 64.8501 5.23764 2
      vertex 64.725 5.15407 2
    endloop
  endfacet
  facet normal -0.0654159 0.997858 0
    outer loop
      vertex 64.3001 5.00984 2
      vertex 64.15 5 5
      vertex 64.3001 5.00984 5
    endloop
  endfacet
  facet normal -0.0654159 0.997858 0
    outer loop
      vertex 64.15 5 5
      vertex 64.3001 5.00984 2
      vertex 64.15 5 2
    endloop
  endfacet
  facet normal 0.321367 0.946955 -0
    outer loop
      vertex 63.8524 5.03918 2
      vertex 63.7099 5.08754 5
      vertex 63.8524 5.03918 5
    endloop
  endfacet
  facet normal 0.321367 0.946955 0
    outer loop
      vertex 63.7099 5.08754 5
      vertex 63.8524 5.03918 2
      vertex 63.7099 5.08754 2
    endloop
  endfacet
  facet normal 0.442314 0.89686 -0
    outer loop
      vertex 63.7099 5.08754 2
      vertex 63.575 5.15407 5
      vertex 63.7099 5.08754 5
    endloop
  endfacet
  facet normal 0.442314 0.89686 0
    outer loop
      vertex 63.575 5.15407 5
      vertex 63.7099 5.08754 2
      vertex 63.575 5.15407 2
    endloop
  endfacet
  facet normal 0.659361 0.751827 -0
    outer loop
      vertex 63.4499 5.23764 2
      vertex 63.3368 5.33683 5
      vertex 63.4499 5.23764 5
    endloop
  endfacet
  facet normal 0.659361 0.751827 0
    outer loop
      vertex 63.3368 5.33683 5
      vertex 63.4499 5.23764 2
      vertex 63.3368 5.33683 2
    endloop
  endfacet
  facet normal 0.751765 0.659431 0
    outer loop
      vertex 63.3368 5.33683 5
      vertex 63.2376 5.44992 2
      vertex 63.2376 5.44992 5
    endloop
  endfacet
  facet normal 0.751765 0.659431 0
    outer loop
      vertex 63.2376 5.44992 2
      vertex 63.3368 5.33683 5
      vertex 63.3368 5.33683 2
    endloop
  endfacet
  facet normal 0.831702 0.555222 0
    outer loop
      vertex 63.2376 5.44992 5
      vertex 63.1541 5.575 2
      vertex 63.1541 5.575 5
    endloop
  endfacet
  facet normal 0.831702 0.555222 0
    outer loop
      vertex 63.1541 5.575 2
      vertex 63.2376 5.44992 5
      vertex 63.2376 5.44992 2
    endloop
  endfacet
  facet normal 0 0 1
    outer loop
      vertex 65.2902 6.30011 2
      vertex 65.2902 5.99989 2
      vertex 65.3 6.15 2
    endloop
  endfacet
  facet normal 0 0 1
    outer loop
      vertex 65.2608 6.44764 2
      vertex 65.2902 5.99989 2
      vertex 65.2902 6.30011 2
    endloop
  endfacet
  facet normal 0 0 1
    outer loop
      vertex 65.2608 6.44764 2
      vertex 65.2608 5.85236 2
      vertex 65.2902 5.99989 2
    endloop
  endfacet
  facet normal 0 0 1
    outer loop
      vertex 65.2125 6.59009 2
      vertex 65.2608 5.85236 2
      vertex 65.2608 6.44764 2
    endloop
  endfacet
  facet normal 0 0 1
    outer loop
      vertex 65.2125 6.59009 2
      vertex 65.2125 5.70991 2
      vertex 65.2608 5.85236 2
    endloop
  endfacet
  facet normal 0 0 1
    outer loop
      vertex 65.1459 6.725 2
      vertex 65.2125 5.70991 2
      vertex 65.2125 6.59009 2
    endloop
  endfacet
  facet normal 0 0 1
    outer loop
      vertex 65.1459 6.725 2
      vertex 65.1459 5.575 2
      vertex 65.2125 5.70991 2
    endloop
  endfacet
  facet normal 0 0 1
    outer loop
      vertex 65.0624 6.85007 2
      vertex 65.1459 5.575 2
      vertex 65.1459 6.725 2
    endloop
  endfacet
  facet normal 0 0 1
    outer loop
      vertex 65.0624 6.85007 2
      vertex 65.0624 5.44992 2
      vertex 65.1459 5.575 2
    endloop
  endfacet
  facet normal 0 0 1
    outer loop
      vertex 64.9632 6.96317 2
      vertex 65.0624 5.44992 2
      vertex 65.0624 6.85007 2
    endloop
  endfacet
  facet normal 0 0 1
    outer loop
      vertex 64.9632 6.96317 2
      vertex 64.9632 5.33683 2
      vertex 65.0624 5.44992 2
    endloop
  endfacet
  facet normal 0 0 1
    outer loop
      vertex 64.8501 7.06236 2
      vertex 64.9632 5.33683 2
      vertex 64.9632 6.96317 2
    endloop
  endfacet
  facet normal 0 0 1
    outer loop
      vertex 64.8501 7.06236 2
      vertex 64.8501 5.23764 2
      vertex 64.9632 5.33683 2
    endloop
  endfacet
  facet normal 0 0 1
    outer loop
      vertex 64.725 7.14593 2
      vertex 64.8501 5.23764 2
      vertex 64.8501 7.06236 2
    endloop
  endfacet
  facet normal 0 0 1
    outer loop
      vertex 64.725 7.14593 2
      vertex 64.725 5.15407 2
      vertex 64.8501 5.23764 2
    endloop
  endfacet
  facet normal 0 0 1
    outer loop
      vertex 64.5901 7.21246 2
      vertex 64.725 5.15407 2
      vertex 64.725 7.14593 2
    endloop
  endfacet
  facet normal 0 0 1
    outer loop
      vertex 64.5901 7.21246 2
      vertex 64.5901 5.08754 2
      vertex 64.725 5.15407 2
    endloop
  endfacet
  facet normal 0 0 1
    outer loop
      vertex 64.4476 7.26081 2
      vertex 64.5901 5.08754 2
      vertex 64.5901 7.21246 2
    endloop
  endfacet
  facet normal 0 0 1
    outer loop
      vertex 64.4476 7.26081 2
      vertex 64.4476 5.03918 2
      vertex 64.5901 5.08754 2
    endloop
  endfacet
  facet normal 0 0 1
    outer loop
      vertex 64.3001 7.29016 2
      vertex 64.4476 5.03918 2
      vertex 64.4476 7.26081 2
    endloop
  endfacet
  facet normal 0 0 1
    outer loop
      vertex 64.3001 7.29016 2
      vertex 64.3001 5.00984 2
      vertex 64.4476 5.03918 2
    endloop
  endfacet
  facet normal 0 0 1
    outer loop
      vertex 64.15 7.3 2
      vertex 64.3001 5.00984 2
      vertex 64.3001 7.29016 2
    endloop
  endfacet
  facet normal 0 0 1
    outer loop
      vertex 64.15 7.3 2
      vertex 64.15 5 2
      vertex 64.3001 5.00984 2
    endloop
  endfacet
  facet normal -0 0 1
    outer loop
      vertex 63.9999 7.29016 2
      vertex 64.15 5 2
      vertex 64.15 7.3 2
    endloop
  endfacet
  facet normal 0 0 1
    outer loop
      vertex 63.9999 7.29016 2
      vertex 63.9999 5.00984 2
      vertex 64.15 5 2
    endloop
  endfacet
  facet normal -0 0 1
    outer loop
      vertex 63.8524 7.26081 2
      vertex 63.9999 5.00984 2
      vertex 63.9999 7.29016 2
    endloop
  endfacet
  facet normal 0 0 1
    outer loop
      vertex 63.8524 7.26081 2
      vertex 63.8524 5.03918 2
      vertex 63.9999 5.00984 2
    endloop
  endfacet
  facet normal -0 0 1
    outer loop
      vertex 63.7099 7.21246 2
      vertex 63.8524 5.03918 2
      vertex 63.8524 7.26081 2
    endloop
  endfacet
  facet normal 0 0 1
    outer loop
      vertex 63.7099 7.21246 2
      vertex 63.7099 5.08754 2
      vertex 63.8524 5.03918 2
    endloop
  endfacet
  facet normal -0 0 1
    outer loop
      vertex 63.575 7.14593 2
      vertex 63.7099 5.08754 2
      vertex 63.7099 7.21246 2
    endloop
  endfacet
  facet normal 0 0 1
    outer loop
      vertex 63.575 7.14593 2
      vertex 63.575 5.15407 2
      vertex 63.7099 5.08754 2
    endloop
  endfacet
  facet normal -0 0 1
    outer loop
      vertex 63.4499 7.06236 2
      vertex 63.575 5.15407 2
      vertex 63.575 7.14593 2
    endloop
  endfacet
  facet normal 0 0 1
    outer loop
      vertex 63.4499 7.06236 2
      vertex 63.4499 5.23764 2
      vertex 63.575 5.15407 2
    endloop
  endfacet
  facet normal -0 0 1
    outer loop
      vertex 63.3368 6.96317 2
      vertex 63.4499 5.23764 2
      vertex 63.4499 7.06236 2
    endloop
  endfacet
  facet normal 0 0 1
    outer loop
      vertex 63.3368 6.96317 2
      vertex 63.3368 5.33683 2
      vertex 63.4499 5.23764 2
    endloop
  endfacet
  facet normal -0 0 1
    outer loop
      vertex 63.2376 6.85007 2
      vertex 63.3368 5.33683 2
      vertex 63.3368 6.96317 2
    endloop
  endfacet
  facet normal 0 0 1
    outer loop
      vertex 63.2376 6.85007 2
      vertex 63.2376 5.44992 2
      vertex 63.3368 5.33683 2
    endloop
  endfacet
  facet normal -0 0 1
    outer loop
      vertex 63.1541 6.725 2
      vertex 63.2376 5.44992 2
      vertex 63.2376 6.85007 2
    endloop
  endfacet
  facet normal 0 0 1
    outer loop
      vertex 63.1541 6.725 2
      vertex 63.1541 5.575 2
      vertex 63.2376 5.44992 2
    endloop
  endfacet
  facet normal -0 0 1
    outer loop
      vertex 63.0875 6.59009 2
      vertex 63.1541 5.575 2
      vertex 63.1541 6.725 2
    endloop
  endfacet
  facet normal 0 0 1
    outer loop
      vertex 63.0875 6.59009 2
      vertex 63.0875 5.70991 2
      vertex 63.1541 5.575 2
    endloop
  endfacet
  facet normal -0 0 1
    outer loop
      vertex 63.0392 6.44764 2
      vertex 63.0875 5.70991 2
      vertex 63.0875 6.59009 2
    endloop
  endfacet
  facet normal 0 0 1
    outer loop
      vertex 63.0392 6.44764 2
      vertex 63.0392 5.85236 2
      vertex 63.0875 5.70991 2
    endloop
  endfacet
  facet normal -0 0 1
    outer loop
      vertex 63.0098 6.30011 2
      vertex 63.0392 5.85236 2
      vertex 63.0392 6.44764 2
    endloop
  endfacet
  facet normal 0 0 1
    outer loop
      vertex 63.0098 6.30011 2
      vertex 63.0098 5.99989 2
      vertex 63.0392 5.85236 2
    endloop
  endfacet
  facet normal 0 -0 1
    outer loop
      vertex 63.0098 5.99989 2
      vertex 63.0098 6.30011 2
      vertex 63 6.15 2
    endloop
  endfacet
  facet normal 0.980716 0.195439 0
    outer loop
      vertex 63.0392 5.85236 5
      vertex 63.0098 5.99989 2
      vertex 63.0098 5.99989 5
    endloop
  endfacet
  facet normal 0.980716 0.195439 0
    outer loop
      vertex 63.0098 5.99989 2
      vertex 63.0392 5.85236 5
      vertex 63.0392 5.85236 2
    endloop
  endfacet
  facet normal -0.659361 0.751827 0
    outer loop
      vertex 64.9632 5.33683 2
      vertex 64.8501 5.23764 5
      vertex 64.9632 5.33683 5
    endloop
  endfacet
  facet normal -0.659361 0.751827 0
    outer loop
      vertex 64.8501 5.23764 5
      vertex 64.9632 5.33683 2
      vertex 64.8501 5.23764 2
    endloop
  endfacet
  facet normal 0.195093 0.980785 -0
    outer loop
      vertex 63.9999 5.00984 2
      vertex 63.8524 5.03918 5
      vertex 63.9999 5.00984 5
    endloop
  endfacet
  facet normal 0.195093 0.980785 0
    outer loop
      vertex 63.8524 5.03918 5
      vertex 63.9999 5.00984 2
      vertex 63.8524 5.03918 2
    endloop
  endfacet
  facet normal 0.555482 0.831528 -0
    outer loop
      vertex 63.575 5.15407 2
      vertex 63.4499 5.23764 5
      vertex 63.575 5.15407 5
    endloop
  endfacet
  facet normal 0.555482 0.831528 0
    outer loop
      vertex 63.4499 5.23764 5
      vertex 63.575 5.15407 2
      vertex 63.4499 5.23764 2
    endloop
  endfacet
  facet normal 0.947076 -0.321009 0
    outer loop
      vertex 63.0392 55.4476 5
      vertex 63.0875 55.5901 2
      vertex 63.0875 55.5901 5
    endloop
  endfacet
  facet normal 0.947076 -0.321009 0
    outer loop
      vertex 63.0875 55.5901 2
      vertex 63.0392 55.4476 5
      vertex 63.0392 55.4476 2
    endloop
  endfacet
  facet normal -0.831743 -0.55516 0
    outer loop
      vertex 65.1459 55.725 2
      vertex 65.0624 55.8501 5
      vertex 65.0624 55.8501 2
    endloop
  endfacet
  facet normal -0.831743 -0.55516 0
    outer loop
      vertex 65.0624 55.8501 5
      vertex 65.1459 55.725 2
      vertex 65.1459 55.725 5
    endloop
  endfacet
  facet normal -0.321009 -0.947076 0
    outer loop
      vertex 64.4476 56.2608 2
      vertex 64.5901 56.2125 5
      vertex 64.4476 56.2608 5
    endloop
  endfacet
  facet normal -0.321009 -0.947076 -0
    outer loop
      vertex 64.5901 56.2125 5
      vertex 64.4476 56.2608 2
      vertex 64.5901 56.2125 2
    endloop
  endfacet
  facet normal 0.321009 -0.947076 0
    outer loop
      vertex 63.7099 56.2125 2
      vertex 63.8524 56.2608 5
      vertex 63.7099 56.2125 5
    endloop
  endfacet
  facet normal 0.321009 -0.947076 0
    outer loop
      vertex 63.8524 56.2608 5
      vertex 63.7099 56.2125 2
      vertex 63.8524 56.2608 2
    endloop
  endfacet
  facet normal 0.896676 -0.442688 0
    outer loop
      vertex 63.0875 55.5901 5
      vertex 63.1541 55.725 2
      vertex 63.1541 55.725 5
    endloop
  endfacet
  facet normal 0.896676 -0.442688 0
    outer loop
      vertex 63.1541 55.725 2
      vertex 63.0875 55.5901 5
      vertex 63.0875 55.5901 2
    endloop
  endfacet
  facet normal -0.980708 -0.195477 0
    outer loop
      vertex 65.2902 55.3001 2
      vertex 65.2608 55.4476 5
      vertex 65.2608 55.4476 2
    endloop
  endfacet
  facet normal -0.980708 -0.195477 0
    outer loop
      vertex 65.2608 55.4476 5
      vertex 65.2902 55.3001 2
      vertex 65.2902 55.3001 5
    endloop
  endfacet
  facet normal -0.55516 -0.831743 0
    outer loop
      vertex 64.725 56.1459 2
      vertex 64.8501 56.0624 5
      vertex 64.725 56.1459 5
    endloop
  endfacet
  facet normal -0.55516 -0.831743 -0
    outer loop
      vertex 64.8501 56.0624 5
      vertex 64.725 56.1459 2
      vertex 64.8501 56.0624 2
    endloop
  endfacet
  facet normal 0.980708 -0.195477 0
    outer loop
      vertex 63.0098 55.3001 5
      vertex 63.0392 55.4476 2
      vertex 63.0392 55.4476 5
    endloop
  endfacet
  facet normal 0.980708 -0.195477 0
    outer loop
      vertex 63.0392 55.4476 2
      vertex 63.0098 55.3001 5
      vertex 63.0098 55.3001 2
    endloop
  endfacet
  facet normal 0.751794 -0.659398 0
    outer loop
      vertex 63.2376 55.8501 5
      vertex 63.3368 55.9632 2
      vertex 63.3368 55.9632 5
    endloop
  endfacet
  facet normal 0.751794 -0.659398 0
    outer loop
      vertex 63.3368 55.9632 2
      vertex 63.2376 55.8501 5
      vertex 63.2376 55.8501 2
    endloop
  endfacet
  facet normal 0.195477 -0.980708 0
    outer loop
      vertex 63.8524 56.2608 2
      vertex 63.9999 56.2902 5
      vertex 63.8524 56.2608 5
    endloop
  endfacet
  facet normal 0.195477 -0.980708 0
    outer loop
      vertex 63.9999 56.2902 5
      vertex 63.8524 56.2608 2
      vertex 63.9999 56.2902 2
    endloop
  endfacet
  facet normal 0.659398 -0.751794 0
    outer loop
      vertex 63.3368 55.9632 2
      vertex 63.4499 56.0624 5
      vertex 63.3368 55.9632 5
    endloop
  endfacet
  facet normal 0.659398 -0.751794 0
    outer loop
      vertex 63.4499 56.0624 5
      vertex 63.3368 55.9632 2
      vertex 63.4499 56.0624 2
    endloop
  endfacet
  facet normal -0.947076 0.321009 0
    outer loop
      vertex 65.2125 54.7099 2
      vertex 65.2608 54.8524 5
      vertex 65.2608 54.8524 2
    endloop
  endfacet
  facet normal -0.947076 0.321009 0
    outer loop
      vertex 65.2608 54.8524 5
      vertex 65.2125 54.7099 2
      vertex 65.2125 54.7099 5
    endloop
  endfacet
  facet normal 0.659398 0.751794 -0
    outer loop
      vertex 63.4499 54.2376 2
      vertex 63.3368 54.3368 5
      vertex 63.4499 54.2376 5
    endloop
  endfacet
  facet normal 0.659398 0.751794 0
    outer loop
      vertex 63.3368 54.3368 5
      vertex 63.4499 54.2376 2
      vertex 63.3368 54.3368 2
    endloop
  endfacet
  facet normal 0.896676 0.442688 0
    outer loop
      vertex 63.1541 54.575 5
      vertex 63.0875 54.7099 2
      vertex 63.0875 54.7099 5
    endloop
  endfacet
  facet normal 0.896676 0.442688 0
    outer loop
      vertex 63.0875 54.7099 2
      vertex 63.1541 54.575 5
      vertex 63.1541 54.575 2
    endloop
  endfacet
  facet normal -0.55516 0.831743 0
    outer loop
      vertex 64.8501 54.2376 2
      vertex 64.725 54.1541 5
      vertex 64.8501 54.2376 5
    endloop
  endfacet
  facet normal -0.55516 0.831743 0
    outer loop
      vertex 64.725 54.1541 5
      vertex 64.8501 54.2376 2
      vertex 64.725 54.1541 2
    endloop
  endfacet
  facet normal -0.659398 -0.751794 0
    outer loop
      vertex 64.8501 56.0624 2
      vertex 64.9632 55.9632 5
      vertex 64.8501 56.0624 5
    endloop
  endfacet
  facet normal -0.659398 -0.751794 -0
    outer loop
      vertex 64.9632 55.9632 5
      vertex 64.8501 56.0624 2
      vertex 64.9632 55.9632 2
    endloop
  endfacet
  facet normal 0.0651511 -0.997875 0
    outer loop
      vertex 63.9999 56.2902 2
      vertex 64.15 56.3 5
      vertex 63.9999 56.2902 5
    endloop
  endfacet
  facet normal 0.0651511 -0.997875 0
    outer loop
      vertex 64.15 56.3 5
      vertex 63.9999 56.2902 2
      vertex 64.15 56.3 2
    endloop
  endfacet
  facet normal -0.195477 -0.980708 0
    outer loop
      vertex 64.3001 56.2902 2
      vertex 64.4476 56.2608 5
      vertex 64.3001 56.2902 5
    endloop
  endfacet
  facet normal -0.195477 -0.980708 -0
    outer loop
      vertex 64.4476 56.2608 5
      vertex 64.3001 56.2902 2
      vertex 64.4476 56.2608 2
    endloop
  endfacet
  facet normal -0.442688 -0.896676 0
    outer loop
      vertex 64.5901 56.2125 2
      vertex 64.725 56.1459 5
      vertex 64.5901 56.2125 5
    endloop
  endfacet
  facet normal -0.442688 -0.896676 -0
    outer loop
      vertex 64.725 56.1459 5
      vertex 64.5901 56.2125 2
      vertex 64.725 56.1459 2
    endloop
  endfacet
  facet normal 0.997875 -0.0651511 0
    outer loop
      vertex 63 55.15 5
      vertex 63.0098 55.3001 2
      vertex 63.0098 55.3001 5
    endloop
  endfacet
  facet normal 0.997875 -0.0651511 0
    outer loop
      vertex 63.0098 55.3001 2
      vertex 63 55.15 5
      vertex 63 55.15 2
    endloop
  endfacet
  facet normal 0.831743 -0.55516 0
    outer loop
      vertex 63.1541 55.725 5
      vertex 63.2376 55.8501 2
      vertex 63.2376 55.8501 5
    endloop
  endfacet
  facet normal 0.831743 -0.55516 0
    outer loop
      vertex 63.2376 55.8501 2
      vertex 63.1541 55.725 5
      vertex 63.1541 55.725 2
    endloop
  endfacet
  facet normal 0.55516 -0.831743 0
    outer loop
      vertex 63.4499 56.0624 2
      vertex 63.575 56.1459 5
      vertex 63.4499 56.0624 5
    endloop
  endfacet
  facet normal 0.55516 -0.831743 0
    outer loop
      vertex 63.575 56.1459 5
      vertex 63.4499 56.0624 2
      vertex 63.575 56.1459 2
    endloop
  endfacet
  facet normal 0.442688 -0.896676 0
    outer loop
      vertex 63.575 56.1459 2
      vertex 63.7099 56.2125 5
      vertex 63.575 56.1459 5
    endloop
  endfacet
  facet normal 0.442688 -0.896676 0
    outer loop
      vertex 63.7099 56.2125 5
      vertex 63.575 56.1459 2
      vertex 63.7099 56.2125 2
    endloop
  endfacet
  facet normal -0.997875 -0.0651511 0
    outer loop
      vertex 65.3 55.15 2
      vertex 65.2902 55.3001 5
      vertex 65.2902 55.3001 2
    endloop
  endfacet
  facet normal -0.997875 -0.0651511 0
    outer loop
      vertex 65.2902 55.3001 5
      vertex 65.3 55.15 2
      vertex 65.3 55.15 5
    endloop
  endfacet
  facet normal -0.997875 0.0651511 0
    outer loop
      vertex 65.2902 54.9999 2
      vertex 65.3 55.15 5
      vertex 65.3 55.15 2
    endloop
  endfacet
  facet normal -0.997875 0.0651511 0
    outer loop
      vertex 65.3 55.15 5
      vertex 65.2902 54.9999 2
      vertex 65.2902 54.9999 5
    endloop
  endfacet
  facet normal -0.980708 0.195477 0
    outer loop
      vertex 65.2608 54.8524 2
      vertex 65.2902 54.9999 5
      vertex 65.2902 54.9999 2
    endloop
  endfacet
  facet normal -0.980708 0.195477 0
    outer loop
      vertex 65.2902 54.9999 5
      vertex 65.2608 54.8524 2
      vertex 65.2608 54.8524 5
    endloop
  endfacet
  facet normal -0.831743 0.55516 0
    outer loop
      vertex 65.0624 54.4499 2
      vertex 65.1459 54.575 5
      vertex 65.1459 54.575 2
    endloop
  endfacet
  facet normal -0.831743 0.55516 0
    outer loop
      vertex 65.1459 54.575 5
      vertex 65.0624 54.4499 2
      vertex 65.0624 54.4499 5
    endloop
  endfacet
  facet normal -0.0651511 0.997875 0
    outer loop
      vertex 64.3001 54.0098 2
      vertex 64.15 54 5
      vertex 64.3001 54.0098 5
    endloop
  endfacet
  facet normal -0.0651511 0.997875 0
    outer loop
      vertex 64.15 54 5
      vertex 64.3001 54.0098 2
      vertex 64.15 54 2
    endloop
  endfacet
  facet normal 0.947076 0.321009 0
    outer loop
      vertex 63.0875 54.7099 5
      vertex 63.0392 54.8524 2
      vertex 63.0392 54.8524 5
    endloop
  endfacet
  facet normal 0.947076 0.321009 0
    outer loop
      vertex 63.0392 54.8524 2
      vertex 63.0875 54.7099 5
      vertex 63.0875 54.7099 2
    endloop
  endfacet
  facet normal 0.831743 0.55516 0
    outer loop
      vertex 63.2376 54.4499 5
      vertex 63.1541 54.575 2
      vertex 63.1541 54.575 5
    endloop
  endfacet
  facet normal 0.831743 0.55516 0
    outer loop
      vertex 63.1541 54.575 2
      vertex 63.2376 54.4499 5
      vertex 63.2376 54.4499 2
    endloop
  endfacet
  facet normal -0.195477 0.980708 0
    outer loop
      vertex 64.4476 54.0392 2
      vertex 64.3001 54.0098 5
      vertex 64.4476 54.0392 5
    endloop
  endfacet
  facet normal -0.195477 0.980708 0
    outer loop
      vertex 64.3001 54.0098 5
      vertex 64.4476 54.0392 2
      vertex 64.3001 54.0098 2
    endloop
  endfacet
  facet normal -0.896676 -0.442688 0
    outer loop
      vertex 65.2125 55.5901 2
      vertex 65.1459 55.725 5
      vertex 65.1459 55.725 2
    endloop
  endfacet
  facet normal -0.896676 -0.442688 0
    outer loop
      vertex 65.1459 55.725 5
      vertex 65.2125 55.5901 2
      vertex 65.2125 55.5901 5
    endloop
  endfacet
  facet normal -0.947076 -0.321009 0
    outer loop
      vertex 65.2608 55.4476 2
      vertex 65.2125 55.5901 5
      vertex 65.2125 55.5901 2
    endloop
  endfacet
  facet normal -0.947076 -0.321009 0
    outer loop
      vertex 65.2125 55.5901 5
      vertex 65.2608 55.4476 2
      vertex 65.2608 55.4476 5
    endloop
  endfacet
  facet normal -0.751794 -0.659398 0
    outer loop
      vertex 65.0624 55.8501 2
      vertex 64.9632 55.9632 5
      vertex 64.9632 55.9632 2
    endloop
  endfacet
  facet normal -0.751794 -0.659398 0
    outer loop
      vertex 64.9632 55.9632 5
      vertex 65.0624 55.8501 2
      vertex 65.0624 55.8501 5
    endloop
  endfacet
  facet normal -0.0651511 -0.997875 0
    outer loop
      vertex 64.15 56.3 2
      vertex 64.3001 56.2902 5
      vertex 64.15 56.3 5
    endloop
  endfacet
  facet normal -0.0651511 -0.997875 -0
    outer loop
      vertex 64.3001 56.2902 5
      vertex 64.15 56.3 2
      vertex 64.3001 56.2902 2
    endloop
  endfacet
  facet normal 0.321009 0.947076 -0
    outer loop
      vertex 63.8524 54.0392 2
      vertex 63.7099 54.0875 5
      vertex 63.8524 54.0392 5
    endloop
  endfacet
  facet normal 0.321009 0.947076 0
    outer loop
      vertex 63.7099 54.0875 5
      vertex 63.8524 54.0392 2
      vertex 63.7099 54.0875 2
    endloop
  endfacet
  facet normal 0.997875 0.0651511 0
    outer loop
      vertex 63.0098 54.9999 5
      vertex 63 55.15 2
      vertex 63 55.15 5
    endloop
  endfacet
  facet normal 0.997875 0.0651511 0
    outer loop
      vertex 63 55.15 2
      vertex 63.0098 54.9999 5
      vertex 63.0098 54.9999 2
    endloop
  endfacet
  facet normal 0 0 1
    outer loop
      vertex 65.2902 55.3001 2
      vertex 65.2902 54.9999 2
      vertex 65.3 55.15 2
    endloop
  endfacet
  facet normal 0 0 1
    outer loop
      vertex 65.2608 55.4476 2
      vertex 65.2902 54.9999 2
      vertex 65.2902 55.3001 2
    endloop
  endfacet
  facet normal 0 0 1
    outer loop
      vertex 65.2608 55.4476 2
      vertex 65.2608 54.8524 2
      vertex 65.2902 54.9999 2
    endloop
  endfacet
  facet normal 0 0 1
    outer loop
      vertex 65.2125 55.5901 2
      vertex 65.2608 54.8524 2
      vertex 65.2608 55.4476 2
    endloop
  endfacet
  facet normal 0 0 1
    outer loop
      vertex 65.2125 55.5901 2
      vertex 65.2125 54.7099 2
      vertex 65.2608 54.8524 2
    endloop
  endfacet
  facet normal 0 0 1
    outer loop
      vertex 65.1459 55.725 2
      vertex 65.2125 54.7099 2
      vertex 65.2125 55.5901 2
    endloop
  endfacet
  facet normal 0 0 1
    outer loop
      vertex 65.1459 55.725 2
      vertex 65.1459 54.575 2
      vertex 65.2125 54.7099 2
    endloop
  endfacet
  facet normal 0 0 1
    outer loop
      vertex 65.0624 55.8501 2
      vertex 65.1459 54.575 2
      vertex 65.1459 55.725 2
    endloop
  endfacet
  facet normal 0 0 1
    outer loop
      vertex 65.0624 55.8501 2
      vertex 65.0624 54.4499 2
      vertex 65.1459 54.575 2
    endloop
  endfacet
  facet normal 0 0 1
    outer loop
      vertex 64.9632 55.9632 2
      vertex 65.0624 54.4499 2
      vertex 65.0624 55.8501 2
    endloop
  endfacet
  facet normal 0 0 1
    outer loop
      vertex 64.9632 55.9632 2
      vertex 64.9632 54.3368 2
      vertex 65.0624 54.4499 2
    endloop
  endfacet
  facet normal 0 0 1
    outer loop
      vertex 64.8501 56.0624 2
      vertex 64.9632 54.3368 2
      vertex 64.9632 55.9632 2
    endloop
  endfacet
  facet normal 0 0 1
    outer loop
      vertex 64.8501 56.0624 2
      vertex 64.8501 54.2376 2
      vertex 64.9632 54.3368 2
    endloop
  endfacet
  facet normal 0 0 1
    outer loop
      vertex 64.725 56.1459 2
      vertex 64.8501 54.2376 2
      vertex 64.8501 56.0624 2
    endloop
  endfacet
  facet normal 0 0 1
    outer loop
      vertex 64.725 56.1459 2
      vertex 64.725 54.1541 2
      vertex 64.8501 54.2376 2
    endloop
  endfacet
  facet normal 0 0 1
    outer loop
      vertex 64.5901 56.2125 2
      vertex 64.725 54.1541 2
      vertex 64.725 56.1459 2
    endloop
  endfacet
  facet normal 0 0 1
    outer loop
      vertex 64.5901 56.2125 2
      vertex 64.5901 54.0875 2
      vertex 64.725 54.1541 2
    endloop
  endfacet
  facet normal 0 0 1
    outer loop
      vertex 64.4476 56.2608 2
      vertex 64.5901 54.0875 2
      vertex 64.5901 56.2125 2
    endloop
  endfacet
  facet normal 0 0 1
    outer loop
      vertex 64.4476 56.2608 2
      vertex 64.4476 54.0392 2
      vertex 64.5901 54.0875 2
    endloop
  endfacet
  facet normal 0 0 1
    outer loop
      vertex 64.3001 56.2902 2
      vertex 64.4476 54.0392 2
      vertex 64.4476 56.2608 2
    endloop
  endfacet
  facet normal 0 0 1
    outer loop
      vertex 64.3001 56.2902 2
      vertex 64.3001 54.0098 2
      vertex 64.4476 54.0392 2
    endloop
  endfacet
  facet normal 0 0 1
    outer loop
      vertex 64.15 56.3 2
      vertex 64.3001 54.0098 2
      vertex 64.3001 56.2902 2
    endloop
  endfacet
  facet normal 0 0 1
    outer loop
      vertex 64.15 56.3 2
      vertex 64.15 54 2
      vertex 64.3001 54.0098 2
    endloop
  endfacet
  facet normal -0 0 1
    outer loop
      vertex 63.9999 56.2902 2
      vertex 64.15 54 2
      vertex 64.15 56.3 2
    endloop
  endfacet
  facet normal 0 0 1
    outer loop
      vertex 63.9999 56.2902 2
      vertex 63.9999 54.0098 2
      vertex 64.15 54 2
    endloop
  endfacet
  facet normal -0 0 1
    outer loop
      vertex 63.8524 56.2608 2
      vertex 63.9999 54.0098 2
      vertex 63.9999 56.2902 2
    endloop
  endfacet
  facet normal 0 0 1
    outer loop
      vertex 63.8524 56.2608 2
      vertex 63.8524 54.0392 2
      vertex 63.9999 54.0098 2
    endloop
  endfacet
  facet normal -0 0 1
    outer loop
      vertex 63.7099 56.2125 2
      vertex 63.8524 54.0392 2
      vertex 63.8524 56.2608 2
    endloop
  endfacet
  facet normal 0 0 1
    outer loop
      vertex 63.7099 56.2125 2
      vertex 63.7099 54.0875 2
      vertex 63.8524 54.0392 2
    endloop
  endfacet
  facet normal -0 0 1
    outer loop
      vertex 63.575 56.1459 2
      vertex 63.7099 54.0875 2
      vertex 63.7099 56.2125 2
    endloop
  endfacet
  facet normal 0 0 1
    outer loop
      vertex 63.575 56.1459 2
      vertex 63.575 54.1541 2
      vertex 63.7099 54.0875 2
    endloop
  endfacet
  facet normal -0 0 1
    outer loop
      vertex 63.4499 56.0624 2
      vertex 63.575 54.1541 2
      vertex 63.575 56.1459 2
    endloop
  endfacet
  facet normal 0 0 1
    outer loop
      vertex 63.4499 56.0624 2
      vertex 63.4499 54.2376 2
      vertex 63.575 54.1541 2
    endloop
  endfacet
  facet normal -0 0 1
    outer loop
      vertex 63.3368 55.9632 2
      vertex 63.4499 54.2376 2
      vertex 63.4499 56.0624 2
    endloop
  endfacet
  facet normal 0 0 1
    outer loop
      vertex 63.3368 55.9632 2
      vertex 63.3368 54.3368 2
      vertex 63.4499 54.2376 2
    endloop
  endfacet
  facet normal -0 0 1
    outer loop
      vertex 63.2376 55.8501 2
      vertex 63.3368 54.3368 2
      vertex 63.3368 55.9632 2
    endloop
  endfacet
  facet normal 0 0 1
    outer loop
      vertex 63.2376 55.8501 2
      vertex 63.2376 54.4499 2
      vertex 63.3368 54.3368 2
    endloop
  endfacet
  facet normal -0 0 1
    outer loop
      vertex 63.1541 55.725 2
      vertex 63.2376 54.4499 2
      vertex 63.2376 55.8501 2
    endloop
  endfacet
  facet normal 0 0 1
    outer loop
      vertex 63.1541 55.725 2
      vertex 63.1541 54.575 2
      vertex 63.2376 54.4499 2
    endloop
  endfacet
  facet normal -0 0 1
    outer loop
      vertex 63.0875 55.5901 2
      vertex 63.1541 54.575 2
      vertex 63.1541 55.725 2
    endloop
  endfacet
  facet normal 0 0 1
    outer loop
      vertex 63.0875 55.5901 2
      vertex 63.0875 54.7099 2
      vertex 63.1541 54.575 2
    endloop
  endfacet
  facet normal -0 0 1
    outer loop
      vertex 63.0392 55.4476 2
      vertex 63.0875 54.7099 2
      vertex 63.0875 55.5901 2
    endloop
  endfacet
  facet normal 0 0 1
    outer loop
      vertex 63.0392 55.4476 2
      vertex 63.0392 54.8524 2
      vertex 63.0875 54.7099 2
    endloop
  endfacet
  facet normal -0 0 1
    outer loop
      vertex 63.0098 55.3001 2
      vertex 63.0392 54.8524 2
      vertex 63.0392 55.4476 2
    endloop
  endfacet
  facet normal 0 0 1
    outer loop
      vertex 63.0098 55.3001 2
      vertex 63.0098 54.9999 2
      vertex 63.0392 54.8524 2
    endloop
  endfacet
  facet normal 0 -0 1
    outer loop
      vertex 63.0098 54.9999 2
      vertex 63.0098 55.3001 2
      vertex 63 55.15 2
    endloop
  endfacet
  facet normal 0.751794 0.659398 0
    outer loop
      vertex 63.3368 54.3368 5
      vertex 63.2376 54.4499 2
      vertex 63.2376 54.4499 5
    endloop
  endfacet
  facet normal 0.751794 0.659398 0
    outer loop
      vertex 63.2376 54.4499 2
      vertex 63.3368 54.3368 5
      vertex 63.3368 54.3368 2
    endloop
  endfacet
  facet normal -0.442688 0.896676 0
    outer loop
      vertex 64.725 54.1541 2
      vertex 64.5901 54.0875 5
      vertex 64.725 54.1541 5
    endloop
  endfacet
  facet normal -0.442688 0.896676 0
    outer loop
      vertex 64.5901 54.0875 5
      vertex 64.725 54.1541 2
      vertex 64.5901 54.0875 2
    endloop
  endfacet
  facet normal -0.321009 0.947076 0
    outer loop
      vertex 64.5901 54.0875 2
      vertex 64.4476 54.0392 5
      vertex 64.5901 54.0875 5
    endloop
  endfacet
  facet normal -0.321009 0.947076 0
    outer loop
      vertex 64.4476 54.0392 5
      vertex 64.5901 54.0875 2
      vertex 64.4476 54.0392 2
    endloop
  endfacet
  facet normal -0.751794 0.659398 0
    outer loop
      vertex 64.9632 54.3368 2
      vertex 65.0624 54.4499 5
      vertex 65.0624 54.4499 2
    endloop
  endfacet
  facet normal -0.751794 0.659398 0
    outer loop
      vertex 65.0624 54.4499 5
      vertex 64.9632 54.3368 2
      vertex 64.9632 54.3368 5
    endloop
  endfacet
  facet normal -0.896676 0.442688 0
    outer loop
      vertex 65.1459 54.575 2
      vertex 65.2125 54.7099 5
      vertex 65.2125 54.7099 2
    endloop
  endfacet
  facet normal -0.896676 0.442688 0
    outer loop
      vertex 65.2125 54.7099 5
      vertex 65.1459 54.575 2
      vertex 65.1459 54.575 5
    endloop
  endfacet
  facet normal 0.442688 0.896676 -0
    outer loop
      vertex 63.7099 54.0875 2
      vertex 63.575 54.1541 5
      vertex 63.7099 54.0875 5
    endloop
  endfacet
  facet normal 0.442688 0.896676 0
    outer loop
      vertex 63.575 54.1541 5
      vertex 63.7099 54.0875 2
      vertex 63.575 54.1541 2
    endloop
  endfacet
  facet normal 0.980708 0.195477 0
    outer loop
      vertex 63.0392 54.8524 5
      vertex 63.0098 54.9999 2
      vertex 63.0098 54.9999 5
    endloop
  endfacet
  facet normal 0.980708 0.195477 0
    outer loop
      vertex 63.0098 54.9999 2
      vertex 63.0392 54.8524 5
      vertex 63.0392 54.8524 2
    endloop
  endfacet
  facet normal -0.659398 0.751794 0
    outer loop
      vertex 64.9632 54.3368 2
      vertex 64.8501 54.2376 5
      vertex 64.9632 54.3368 5
    endloop
  endfacet
  facet normal -0.659398 0.751794 0
    outer loop
      vertex 64.8501 54.2376 5
      vertex 64.9632 54.3368 2
      vertex 64.8501 54.2376 2
    endloop
  endfacet
  facet normal 0.55516 0.831743 -0
    outer loop
      vertex 63.575 54.1541 2
      vertex 63.4499 54.2376 5
      vertex 63.575 54.1541 5
    endloop
  endfacet
  facet normal 0.55516 0.831743 0
    outer loop
      vertex 63.4499 54.2376 5
      vertex 63.575 54.1541 2
      vertex 63.4499 54.2376 2
    endloop
  endfacet
  facet normal 0.195477 0.980708 -0
    outer loop
      vertex 63.9999 54.0098 2
      vertex 63.8524 54.0392 5
      vertex 63.9999 54.0098 5
    endloop
  endfacet
  facet normal 0.195477 0.980708 0
    outer loop
      vertex 63.8524 54.0392 5
      vertex 63.9999 54.0098 2
      vertex 63.8524 54.0392 2
    endloop
  endfacet
  facet normal 0.0651511 0.997875 -0
    outer loop
      vertex 64.15 54 2
      vertex 63.9999 54.0098 5
      vertex 64.15 54 5
    endloop
  endfacet
  facet normal 0.0651511 0.997875 0
    outer loop
      vertex 63.9999 54.0098 5
      vertex 64.15 54 2
      vertex 63.9999 54.0098 2
    endloop
  endfacet
  facet normal 1 -0 0
    outer loop
      vertex 18 18 2
      vertex 18 38 0
      vertex 18 38 2
    endloop
  endfacet
  facet normal 1 0 0
    outer loop
      vertex 18 38 0
      vertex 18 18 2
      vertex 18 18 0
    endloop
  endfacet
  facet normal -1 0 0
    outer loop
      vertex 21.2 18 0
      vertex 21.2 38 2
      vertex 21.2 38 0
    endloop
  endfacet
  facet normal -1 -0 0
    outer loop
      vertex 21.2 38 2
      vertex 21.2 18 0
      vertex 21.2 18 2
    endloop
  endfacet
  facet normal 0 1 -0
    outer loop
      vertex 21.2 18 0
      vertex 18 18 2
      vertex 21.2 18 2
    endloop
  endfacet
  facet normal 0 1 0
    outer loop
      vertex 18 18 2
      vertex 21.2 18 0
      vertex 18 18 0
    endloop
  endfacet
  facet normal 0 -1 0
    outer loop
      vertex 18 38 0
      vertex 21.2 38 2
      vertex 18 38 2
    endloop
  endfacet
  facet normal 0 -1 -0
    outer loop
      vertex 21.2 38 2
      vertex 18 38 0
      vertex 21.2 38 0
    endloop
  endfacet
  facet normal 1 -0 0
    outer loop
      vertex 26 18 2
      vertex 26 38 0
      vertex 26 38 2
    endloop
  endfacet
  facet normal 1 0 0
    outer loop
      vertex 26 38 0
      vertex 26 18 2
      vertex 26 18 0
    endloop
  endfacet
  facet normal -1 0 0
    outer loop
      vertex 29.2 18 0
      vertex 29.2 38 2
      vertex 29.2 38 0
    endloop
  endfacet
  facet normal -1 -0 0
    outer loop
      vertex 29.2 38 2
      vertex 29.2 18 0
      vertex 29.2 18 2
    endloop
  endfacet
  facet normal 0 1 -0
    outer loop
      vertex 29.2 18 0
      vertex 26 18 2
      vertex 29.2 18 2
    endloop
  endfacet
  facet normal 0 1 0
    outer loop
      vertex 26 18 2
      vertex 29.2 18 0
      vertex 26 18 0
    endloop
  endfacet
  facet normal 0 -1 0
    outer loop
      vertex 26 38 0
      vertex 29.2 38 2
      vertex 26 38 2
    endloop
  endfacet
  facet normal 0 -1 -0
    outer loop
      vertex 29.2 38 2
      vertex 26 38 0
      vertex 29.2 38 0
    endloop
  endfacet
  facet normal 1 -0 0
    outer loop
      vertex 34 18 2
      vertex 34 38 0
      vertex 34 38 2
    endloop
  endfacet
  facet normal 1 0 0
    outer loop
      vertex 34 38 0
      vertex 34 18 2
      vertex 34 18 0
    endloop
  endfacet
  facet normal -1 0 0
    outer loop
      vertex 37.2 18 0
      vertex 37.2 38 2
      vertex 37.2 38 0
    endloop
  endfacet
  facet normal -1 -0 0
    outer loop
      vertex 37.2 38 2
      vertex 37.2 18 0
      vertex 37.2 18 2
    endloop
  endfacet
  facet normal 0 -1 0
    outer loop
      vertex 34 38 0
      vertex 37.2 38 2
      vertex 34 38 2
    endloop
  endfacet
  facet normal 0 -1 -0
    outer loop
      vertex 37.2 38 2
      vertex 34 38 0
      vertex 37.2 38 0
    endloop
  endfacet
  facet normal 0 1 -0
    outer loop
      vertex 37.2 18 0
      vertex 34 18 2
      vertex 37.2 18 2
    endloop
  endfacet
  facet normal 0 1 0
    outer loop
      vertex 34 18 2
      vertex 37.2 18 0
      vertex 34 18 0
    endloop
  endfacet
  facet normal 1 -0 0
    outer loop
      vertex 42 18 2
      vertex 42 38 0
      vertex 42 38 2
    endloop
  endfacet
  facet normal 1 0 0
    outer loop
      vertex 42 38 0
      vertex 42 18 2
      vertex 42 18 0
    endloop
  endfacet
  facet normal -1 0 0
    outer loop
      vertex 45.2 18 0
      vertex 45.2 38 2
      vertex 45.2 38 0
    endloop
  endfacet
  facet normal -1 -0 0
    outer loop
      vertex 45.2 38 2
      vertex 45.2 18 0
      vertex 45.2 18 2
    endloop
  endfacet
  facet normal 0 -1 0
    outer loop
      vertex 42 38 0
      vertex 45.2 38 2
      vertex 42 38 2
    endloop
  endfacet
  facet normal 0 -1 -0
    outer loop
      vertex 45.2 38 2
      vertex 42 38 0
      vertex 45.2 38 0
    endloop
  endfacet
  facet normal 0 1 -0
    outer loop
      vertex 45.2 18 0
      vertex 42 18 2
      vertex 45.2 18 2
    endloop
  endfacet
  facet normal 0 1 0
    outer loop
      vertex 42 18 2
      vertex 45.2 18 0
      vertex 42 18 0
    endloop
  endfacet
  facet normal 1 -0 0
    outer loop
      vertex 50 18 2
      vertex 50 38 0
      vertex 50 38 2
    endloop
  endfacet
  facet normal 1 0 0
    outer loop
      vertex 50 38 0
      vertex 50 18 2
      vertex 50 18 0
    endloop
  endfacet
  facet normal -1 0 0
    outer loop
      vertex 53.2 18 0
      vertex 53.2 38 2
      vertex 53.2 38 0
    endloop
  endfacet
  facet normal -1 -0 0
    outer loop
      vertex 53.2 38 2
      vertex 53.2 18 0
      vertex 53.2 18 2
    endloop
  endfacet
  facet normal 0 1 -0
    outer loop
      vertex 53.2 18 0
      vertex 50 18 2
      vertex 53.2 18 2
    endloop
  endfacet
  facet normal 0 1 0
    outer loop
      vertex 50 18 2
      vertex 53.2 18 0
      vertex 50 18 0
    endloop
  endfacet
  facet normal 0 -1 0
    outer loop
      vertex 50 38 0
      vertex 53.2 38 2
      vertex 50 38 2
    endloop
  endfacet
  facet normal 0 -1 -0
    outer loop
      vertex 53.2 38 2
      vertex 50 38 0
      vertex 53.2 38 0
    endloop
  endfacet
  facet normal 1 -0 0
    outer loop
      vertex 58 18 2
      vertex 58 38 0
      vertex 58 38 2
    endloop
  endfacet
  facet normal 1 0 0
    outer loop
      vertex 58 38 0
      vertex 58 18 2
      vertex 58 18 0
    endloop
  endfacet
  facet normal -1 0 0
    outer loop
      vertex 61.2 18 0
      vertex 61.2 38 2
      vertex 61.2 38 0
    endloop
  endfacet
  facet normal -1 -0 0
    outer loop
      vertex 61.2 38 2
      vertex 61.2 18 0
      vertex 61.2 18 2
    endloop
  endfacet
  facet normal 0 -1 0
    outer loop
      vertex 58 38 0
      vertex 61.2 38 2
      vertex 58 38 2
    endloop
  endfacet
  facet normal 0 -1 -0
    outer loop
      vertex 61.2 38 2
      vertex 58 38 0
      vertex 61.2 38 0
    endloop
  endfacet
  facet normal 0 1 -0
    outer loop
      vertex 61.2 18 0
      vertex 58 18 2
      vertex 61.2 18 2
    endloop
  endfacet
  facet normal 0 1 0
    outer loop
      vertex 58 18 2
      vertex 61.2 18 0
      vertex 58 18 0
    endloop
  endfacet
  facet normal 1 -0 0
    outer loop
      vertex 66 18 2
      vertex 66 38 0
      vertex 66 38 2
    endloop
  endfacet
  facet normal 1 0 0
    outer loop
      vertex 66 38 0
      vertex 66 18 2
      vertex 66 18 0
    endloop
  endfacet
  facet normal -1 0 0
    outer loop
      vertex 69.2 18 0
      vertex 69.2 38 2
      vertex 69.2 38 0
    endloop
  endfacet
  facet normal -1 -0 0
    outer loop
      vertex 69.2 38 2
      vertex 69.2 18 0
      vertex 69.2 18 2
    endloop
  endfacet
  facet normal 0 1 -0
    outer loop
      vertex 69.2 18 0
      vertex 66 18 2
      vertex 69.2 18 2
    endloop
  endfacet
  facet normal 0 1 0
    outer loop
      vertex 66 18 2
      vertex 69.2 18 0
      vertex 66 18 0
    endloop
  endfacet
  facet normal 0 -1 0
    outer loop
      vertex 66 38 0
      vertex 69.2 38 2
      vertex 66 38 2
    endloop
  endfacet
  facet normal 0 -1 -0
    outer loop
      vertex 69.2 38 2
      vertex 66 38 0
      vertex 69.2 38 0
    endloop
  endfacet
  facet normal 0 0 1
    outer loop
      vertex 37.5 64.9 4
      vertex 26.5 64.9 4
      vertex 37.5 64.15 4
    endloop
  endfacet
  facet normal 0 0 1
    outer loop
      vertex 26.5 64.15 4
      vertex 37.5 64.15 4
      vertex 26.5 64.9 4
    endloop
  endfacet
  facet normal 0 0 1
    outer loop
      vertex 37.5 64.15 4
      vertex 26.5 64.15 4
      vertex 40 61.65 4
    endloop
  endfacet
  facet normal 0 0 1
    outer loop
      vertex 40 61.65 4
      vertex 26.5 64.15 4
      vertex 24 61.65 4
    endloop
  endfacet
  facet normal -1 0 0
    outer loop
      vertex 37.5 64.15 4
      vertex 37.5 64.9 20.5
      vertex 37.5 64.9 4
    endloop
  endfacet
  facet normal -1 -0 0
    outer loop
      vertex 37.5 64.9 20.5
      vertex 37.5 64.15 4
      vertex 37.5 64.15 20.5
    endloop
  endfacet
  facet normal 1 -0 0
    outer loop
      vertex 26.5 64.15 20.5
      vertex 26.5 64.9 4
      vertex 26.5 64.9 20.5
    endloop
  endfacet
  facet normal 1 0 0
    outer loop
      vertex 26.5 64.9 4
      vertex 26.5 64.15 20.5
      vertex 26.5 64.15 4
    endloop
  endfacet
  facet normal 0.707107 -0.707107 0
    outer loop
      vertex 24 61.65 20.5
      vertex 26.5 64.15 4
      vertex 26.5 64.15 20.5
    endloop
  endfacet
  facet normal 0.707107 -0.707107 0
    outer loop
      vertex 26.5 64.15 4
      vertex 24 61.65 20.5
      vertex 24 61.65 4
    endloop
  endfacet
  facet normal 0 1 0
    outer loop
      vertex 40 61.65 20.5
      vertex 34.25 61.65 18.35
      vertex 24 61.65 20.5
    endloop
  endfacet
  facet normal 0 1 0
    outer loop
      vertex 40 61.65 20.5
      vertex 34.25 61.65 16.75
      vertex 34.25 61.65 18.35
    endloop
  endfacet
  facet normal 0 1 0
    outer loop
      vertex 34.25 61.65 16.75
      vertex 40 61.65 4
      vertex 29.75 61.65 16.75
    endloop
  endfacet
  facet normal 0 1 -0
    outer loop
      vertex 40 61.65 4
      vertex 34.25 61.65 16.75
      vertex 40 61.65 20.5
    endloop
  endfacet
  facet normal 0 1 -0
    outer loop
      vertex 29.75 61.65 18.35
      vertex 24 61.65 20.5
      vertex 34.25 61.65 18.35
    endloop
  endfacet
  facet normal 0 1 -0
    outer loop
      vertex 29.75 61.65 16.75
      vertex 24 61.65 20.5
      vertex 29.75 61.65 18.35
    endloop
  endfacet
  facet normal 0 1 0
    outer loop
      vertex 24 61.65 4
      vertex 29.75 61.65 16.75
      vertex 40 61.65 4
    endloop
  endfacet
  facet normal 0 1 0
    outer loop
      vertex 29.75 61.65 16.75
      vertex 24 61.65 4
      vertex 24 61.65 20.5
    endloop
  endfacet
  facet normal -0.707107 -0.707107 0
    outer loop
      vertex 40 61.65 4
      vertex 37.5 64.15 20.5
      vertex 37.5 64.15 4
    endloop
  endfacet
  facet normal -0.707107 -0.707107 0
    outer loop
      vertex 37.5 64.15 20.5
      vertex 40 61.65 4
      vertex 40 61.65 20.5
    endloop
  endfacet
  facet normal 1 -0 0
    outer loop
      vertex 29.75 60.2 18.35
      vertex 29.75 61.65 16.75
      vertex 29.75 61.65 18.35
    endloop
  endfacet
  facet normal 1 0 0
    outer loop
      vertex 29.75 61.65 16.75
      vertex 29.75 60.2 18.35
      vertex 29.75 60.2 16.75
    endloop
  endfacet
  facet normal 0 0 -1
    outer loop
      vertex 29.75 60.2 18.35
      vertex 34.25 61.65 18.35
      vertex 34.25 60.2 18.35
    endloop
  endfacet
  facet normal -0 0 -1
    outer loop
      vertex 34.25 61.65 18.35
      vertex 29.75 60.2 18.35
      vertex 29.75 61.65 18.35
    endloop
  endfacet
  facet normal -1 0 0
    outer loop
      vertex 34.25 60.2 16.75
      vertex 34.25 61.65 18.35
      vertex 34.25 61.65 16.75
    endloop
  endfacet
  facet normal -1 -0 0
    outer loop
      vertex 34.25 61.65 18.35
      vertex 34.25 60.2 16.75
      vertex 34.25 60.2 18.35
    endloop
  endfacet
  facet normal -0 0 1
    outer loop
      vertex 29.75 61.65 16.75
      vertex 34.25 60.2 16.75
      vertex 34.25 61.65 16.75
    endloop
  endfacet
  facet normal 0 0 1
    outer loop
      vertex 34.25 60.2 16.75
      vertex 29.75 61.65 16.75
      vertex 29.75 60.2 16.75
    endloop
  endfacet
  facet normal 0 1 -0
    outer loop
      vertex 34.25 60.2 16.75
      vertex 29.75 60.2 18.35
      vertex 34.25 60.2 18.35
    endloop
  endfacet
  facet normal 0 1 0
    outer loop
      vertex 29.75 60.2 18.35
      vertex 34.25 60.2 16.75
      vertex 29.75 60.2 16.75
    endloop
  endfacet
  facet normal 1 -0 0
    outer loop
      vertex 13.75 59.3 20.75
      vertex 13.75 61.3 19.25
      vertex 13.75 61.3 20.75
    endloop
  endfacet
  facet normal 1 0 0
    outer loop
      vertex 13.75 61.3 19.25
      vertex 13.75 59.3 20.75
      vertex 13.75 59.3 19.25
    endloop
  endfacet
  facet normal 0 0 -1
    outer loop
      vertex 13.75 59.3 20.75
      vertex 20.25 61.3 20.75
      vertex 20.25 59.3 20.75
    endloop
  endfacet
  facet normal -0 0 -1
    outer loop
      vertex 20.25 61.3 20.75
      vertex 13.75 59.3 20.75
      vertex 13.75 61.3 20.75
    endloop
  endfacet
  facet normal -1 0 0
    outer loop
      vertex 20.25 61.32 19.25
      vertex 20.25 61.3 20.5
      vertex 20.25 61.32 20.5
    endloop
  endfacet
  facet normal -1 0 0
    outer loop
      vertex 20.25 59.3 19.25
      vertex 20.25 61.3 20.5
      vertex 20.25 61.32 19.25
    endloop
  endfacet
  facet normal -1 0 0
    outer loop
      vertex 20.25 59.3 20.75
      vertex 20.25 61.3 20.5
      vertex 20.25 59.3 19.25
    endloop
  endfacet
  facet normal -1 0 0
    outer loop
      vertex 20.25 61.3 20.5
      vertex 20.25 59.3 20.75
      vertex 20.25 61.3 20.75
    endloop
  endfacet
  facet normal 0 -1 0
    outer loop
      vertex 20.0221 61.32 19.25
      vertex 20.25 61.32 20.5
      vertex 20.0221 61.32 20.5
    endloop
  endfacet
  facet normal 0 -1 -0
    outer loop
      vertex 20.25 61.32 20.5
      vertex 20.0221 61.32 19.25
      vertex 20.25 61.32 19.25
    endloop
  endfacet
  facet normal 0 0 1
    outer loop
      vertex 20.011 61.3 19.25
      vertex 20.25 61.32 19.25
      vertex 20.0221 61.32 19.25
    endloop
  endfacet
  facet normal 0 0 1
    outer loop
      vertex 20.25 61.32 19.25
      vertex 20.011 61.3 19.25
      vertex 20.25 59.3 19.25
    endloop
  endfacet
  facet normal 0 0 1
    outer loop
      vertex 13.75 59.3 19.25
      vertex 20.011 61.3 19.25
      vertex 13.75 61.3 19.25
    endloop
  endfacet
  facet normal 0 0 1
    outer loop
      vertex 20.011 61.3 19.25
      vertex 13.75 59.3 19.25
      vertex 20.25 59.3 19.25
    endloop
  endfacet
  facet normal 1 -0 0
    outer loop
      vertex 69.75 59.3 20.75
      vertex 69.75 61.3 19.25
      vertex 69.75 61.3 20.75
    endloop
  endfacet
  facet normal 1 0 0
    outer loop
      vertex 69.75 61.3 19.25
      vertex 69.75 59.3 20.75
      vertex 69.75 59.3 19.25
    endloop
  endfacet
  facet normal 0 0 -1
    outer loop
      vertex 69.75 59.3 20.75
      vertex 76.25 61.3 20.75
      vertex 76.25 59.3 20.75
    endloop
  endfacet
  facet normal -0 0 -1
    outer loop
      vertex 76.25 61.3 20.75
      vertex 69.75 59.3 20.75
      vertex 69.75 61.3 20.75
    endloop
  endfacet
  facet normal -1 0 0
    outer loop
      vertex 76.25 59.3 19.25
      vertex 76.25 61.3 20.75
      vertex 76.25 61.3 19.25
    endloop
  endfacet
  facet normal -1 -0 0
    outer loop
      vertex 76.25 61.3 20.75
      vertex 76.25 59.3 19.25
      vertex 76.25 59.3 20.75
    endloop
  endfacet
  facet normal -0 0 1
    outer loop
      vertex 69.75 61.3 19.25
      vertex 76.25 59.3 19.25
      vertex 76.25 61.3 19.25
    endloop
  endfacet
  facet normal 0 0 1
    outer loop
      vertex 76.25 59.3 19.25
      vertex 69.75 61.3 19.25
      vertex 69.75 59.3 19.25
    endloop
  endfacet
  facet normal 0 0 -1
    outer loop
      vertex 0 6.75 20.75
      vertex 2 13.25 20.75
      vertex 2 6.75 20.75
    endloop
  endfacet
  facet normal -0 0 -1
    outer loop
      vertex 2 13.25 20.75
      vertex 0 6.75 20.75
      vertex 0 13.25 20.75
    endloop
  endfacet
  facet normal 0 -1 0
    outer loop
      vertex 0 13.25 19.25
      vertex 2 13.25 20.75
      vertex 0 13.25 20.75
    endloop
  endfacet
  facet normal 0 -1 -0
    outer loop
      vertex 2 13.25 20.75
      vertex 0 13.25 19.25
      vertex 2 13.25 19.25
    endloop
  endfacet
  facet normal -0 0 1
    outer loop
      vertex 0 13.25 19.25
      vertex 2 6.75 19.25
      vertex 2 13.25 19.25
    endloop
  endfacet
  facet normal 0 0 1
    outer loop
      vertex 2 6.75 19.25
      vertex 0 13.25 19.25
      vertex 0 6.75 19.25
    endloop
  endfacet
  facet normal 0 1 -0
    outer loop
      vertex 2 6.75 19.25
      vertex 0 6.75 20.75
      vertex 2 6.75 20.75
    endloop
  endfacet
  facet normal 0 1 0
    outer loop
      vertex 0 6.75 20.75
      vertex 2 6.75 19.25
      vertex 0 6.75 19.25
    endloop
  endfacet
  facet normal 0 0 -1
    outer loop
      vertex 0 46.75 20.75
      vertex 2 53.25 20.75
      vertex 2 46.75 20.75
    endloop
  endfacet
  facet normal -0 0 -1
    outer loop
      vertex 2 53.25 20.75
      vertex 0 46.75 20.75
      vertex 0 53.25 20.75
    endloop
  endfacet
  facet normal 0 -1 0
    outer loop
      vertex 0 53.25 19.25
      vertex 2 53.25 20.75
      vertex 0 53.25 20.75
    endloop
  endfacet
  facet normal 0 -1 -0
    outer loop
      vertex 2 53.25 20.75
      vertex 0 53.25 19.25
      vertex 2 53.25 19.25
    endloop
  endfacet
  facet normal -0 0 1
    outer loop
      vertex 0 53.25 19.25
      vertex 2 46.75 19.25
      vertex 2 53.25 19.25
    endloop
  endfacet
  facet normal 0 0 1
    outer loop
      vertex 2 46.75 19.25
      vertex 0 53.25 19.25
      vertex 0 46.75 19.25
    endloop
  endfacet
  facet normal 0 1 -0
    outer loop
      vertex 2 46.75 19.25
      vertex 0 46.75 20.75
      vertex 2 46.75 20.75
    endloop
  endfacet
  facet normal 0 1 0
    outer loop
      vertex 0 46.75 20.75
      vertex 2 46.75 19.25
      vertex 0 46.75 19.25
    endloop
  endfacet
  facet normal 1 -0 0
    outer loop
      vertex 7 0 26
      vertex 7 2 4.4
      vertex 7 2 26
    endloop
  endfacet
  facet normal 1 0 0
    outer loop
      vertex 7 2 4.4
      vertex 7 0 26
      vertex 7 0 4.4
    endloop
  endfacet
  facet normal -1 0 0
    outer loop
      vertex 83.3 0 4.4
      vertex 83.3 2 26
      vertex 83.3 2 4.4
    endloop
  endfacet
  facet normal -1 -0 0
    outer loop
      vertex 83.3 2 26
      vertex 83.3 0 4.4
      vertex 83.3 0 26
    endloop
  endfacet
  facet normal -0 0 1
    outer loop
      vertex 7 2 4.4
      vertex 83.3 0 4.4
      vertex 83.3 2 4.4
    endloop
  endfacet
  facet normal 0 0 1
    outer loop
      vertex 83.3 0 4.4
      vertex 7 2 4.4
      vertex 7 0 4.4
    endloop
  endfacet
  facet normal 0 -1 0
    outer loop
      vertex 88.3 57.3 4.4
      vertex 90.3 57.3 26
      vertex 88.3 57.3 26
    endloop
  endfacet
  facet normal 0 -1 -0
    outer loop
      vertex 90.3 57.3 26
      vertex 88.3 57.3 4.4
      vertex 90.3 57.3 4.4
    endloop
  endfacet
  facet normal -0 0 1
    outer loop
      vertex 88.3 57.3 4.4
      vertex 90.3 4 4.4
      vertex 90.3 57.3 4.4
    endloop
  endfacet
  facet normal 0 0 1
    outer loop
      vertex 90.3 4 4.4
      vertex 88.3 57.3 4.4
      vertex 88.3 4 4.4
    endloop
  endfacet
  facet normal 0 1 -0
    outer loop
      vertex 90.3 4 4.4
      vertex 88.3 4 26
      vertex 90.3 4 26
    endloop
  endfacet
  facet normal 0 1 0
    outer loop
      vertex 88.3 4 26
      vertex 90.3 4 4.4
      vertex 88.3 4 4.4
    endloop
  endfacet
  facet normal 0 -1 0
    outer loop
      vertex 0 44 2
      vertex 2 44 9
      vertex 0 44 9
    endloop
  endfacet
  facet normal 0 -1 -0
    outer loop
      vertex 2 44 9
      vertex 0 44 2
      vertex 2 44 2
    endloop
  endfacet
  facet normal 0 -0.707107 -0.707107
    outer loop
      vertex 0 44 9
      vertex 2 36 17
      vertex 0 36 17
    endloop
  endfacet
  facet normal 0 -0.707107 -0.707107
    outer loop
      vertex 2 36 17
      vertex 0 44 9
      vertex 2 44 9
    endloop
  endfacet
  facet normal 0 0 -1
    outer loop
      vertex 0 24 17
      vertex 2 36 17
      vertex 2 24 17
    endloop
  endfacet
  facet normal -0 0 -1
    outer loop
      vertex 2 36 17
      vertex 0 24 17
      vertex 0 36 17
    endloop
  endfacet
  facet normal 0 1 -0
    outer loop
      vertex 2 16 2
      vertex 0 16 9
      vertex 2 16 9
    endloop
  endfacet
  facet normal 0 1 0
    outer loop
      vertex 0 16 9
      vertex 2 16 2
      vertex 0 16 2
    endloop
  endfacet
  facet normal 0 0.707107 -0.707107
    outer loop
      vertex 2 16 9
      vertex 0 24 17
      vertex 2 24 17
    endloop
  endfacet
  facet normal 0 0.707107 -0.707107
    outer loop
      vertex 0 24 17
      vertex 2 16 9
      vertex 0 16 9
    endloop
  endfacet
endsolid OpenSCAD_Model
